sku_id,brand,category,product,sku_ref,original_url,declared_image_url,product_page_url,final_image_url,status,local_path,sha256,failure_reason,classification_note,source_link_type,attempted_urls
SKU0001,Bottega Veneta,Outerwear,Intrecciato Leather Blouson,A007KNV6WX03167,https://bottega-veneta.dam.kering.com/asset/6d6d6ab6-ca9a-49bd-8a4d-6dadc438a3c0/Medium/A007KNV6WX03167_A.jpg?v=1,https://bottega-veneta.dam.kering.com/asset/6d6d6ab6-ca9a-49bd-8a4d-6dadc438a3c0/Medium/A007KNV6WX03167_A.jpg?v=1,https://www.bottegaveneta.com/en-us/intrecciato-leather-blouson-tarragon-A007KNV6WX03167.html,https://bottega-veneta.dam.kering.com/asset/6d6d6ab6-ca9a-49bd-8a4d-6dadc438a3c0/Medium/A007KNV6WX03167_A.jpg?v=1,downloaded,data\luxury-image-library\images\Bottega Veneta\Outerwear\SKU0001_8ecb76cfa516.jpg,8ecb76cfa51666e922e4d8feea7723695b1640ba62e9768b69f46e3c639fe78d,,,官方CDN主图直链,"[""https://bottega-veneta.dam.kering.com/asset/6d6d6ab6-ca9a-49bd-8a4d-6dadc438a3c0/Medium/A007KNV6WX03167_A.jpg?v=1""]"
SKU0002,Bottega Veneta,Outerwear,Weathered Leather Shirt,A007T0V6V601059,https://bottega-veneta.dam.kering.com/asset/f89a634a-a1ac-42e1-8f0a-250a493eb575/Medium/A007T0V6V601059_A.jpg?v=2,https://bottega-veneta.dam.kering.com/asset/f89a634a-a1ac-42e1-8f0a-250a493eb575/Medium/A007T0V6V601059_A.jpg?v=2,https://www.bottegaveneta.com/en-us/weathered-leather-shirt-black-brown-A007T0V6V601059.html,https://bottega-veneta.dam.kering.com/asset/f89a634a-a1ac-42e1-8f0a-250a493eb575/Medium/A007T0V6V601059_A.jpg?v=2,downloaded,data\luxury-image-library\images\Bottega Veneta\Outerwear\SKU0002_92baa6ba7852.jpg,92baa6ba78528460f5616301e1539ce6a0d2b70d520874d655358c6bfefbe533,,,官方CDN主图直链,"[""https://bottega-veneta.dam.kering.com/asset/f89a634a-a1ac-42e1-8f0a-250a493eb575/Medium/A007T0V6V601059_A.jpg?v=2""]"
SKU0003,Bottega Veneta,Outerwear,Satin Nylon Blouson,A000ZAV6C503167,https://www.bottegaveneta.com/en-us/satin-nylon-blouson-tarragon-A000ZAV6C503167.html,,https://www.bottegaveneta.com/en-us/satin-nylon-blouson-tarragon-A000ZAV6C503167.html,https://bottega-veneta.dam.kering.com/asset/f0fbb7e7-b1f5-4fb3-b6ea-59b657768d74/Medium/A000ZAV6C503167_A.jpg?v=1,downloaded,data\luxury-image-library\images\Bottega Veneta\Outerwear\SKU0003_01f487c4ea51.jpg,01f487c4ea51152710b27a993f5c5ac1cefc4514501ed2b67bea65a0438266fb,,,官网商品页（动态图片）,"[""https://www.bottegaveneta.com/en-us/satin-nylon-blouson-tarragon-A000ZAV6C503167.html"", ""https://bottega-veneta.dam.kering.com/asset/f0fbb7e7-b1f5-4fb3-b6ea-59b657768d74/Medium/A000ZAV6C503167_A.jpg?v=1""]"
SKU0004,Bottega Veneta,Outerwear,Cotton and Nylon Twill Puffer Jacket,A00AF6V6YS02789,https://bottega-veneta.dam.kering.com/asset/a7fa2a18-6537-4f74-9de0-58fe60811a04/Medium/A00AF6V6YS02789_A.jpg?v=1,https://bottega-veneta.dam.kering.com/asset/a7fa2a18-6537-4f74-9de0-58fe60811a04/Medium/A00AF6V6YS02789_A.jpg?v=1,https://www.bottegaveneta.com/en-us/cotton-and-nylon-twill-puffer-jacket-wenge-A00AF6V6YS02789.html,https://bottega-veneta.dam.kering.com/asset/a7fa2a18-6537-4f74-9de0-58fe60811a04/Medium/A00AF6V6YS02789_A.jpg?v=1,downloaded,data\luxury-image-library\images\Bottega Veneta\Outerwear\SKU0004_30e2bc355fab.jpg,30e2bc355fab290068a87b3ace164ac35143b39e01d0492e382324c2ff566c78,,,官方CDN主图直链,"[""https://bottega-veneta.dam.kering.com/asset/a7fa2a18-6537-4f74-9de0-58fe60811a04/Medium/A00AF6V6YS02789_A.jpg?v=1""]"
SKU0005,Bottega Veneta,Outerwear,Suede Leather Blouson,875155V6QU08207,https://bottega-veneta.dam.kering.com/asset/8934e6f6-3cd4-4a16-93d6-e41fc7aaed9b/Medium/875155V6QU08207_A.jpg?v=1,https://bottega-veneta.dam.kering.com/asset/8934e6f6-3cd4-4a16-93d6-e41fc7aaed9b/Medium/875155V6QU08207_A.jpg?v=1,https://www.bottegaveneta.com/en-us/suede-leather-blouson-tobacco-875155V6QU08207.html,https://bottega-veneta.dam.kering.com/asset/8934e6f6-3cd4-4a16-93d6-e41fc7aaed9b/Medium/875155V6QU08207_A.jpg?v=1,downloaded,data\luxury-image-library\images\Bottega Veneta\Outerwear\SKU0005_b275672fef77.jpg,b275672fef771f642ce5b6e8ae357149c321e36f68864f6a3d536bb0695b6e59,,,官方CDN主图直链,"[""https://bottega-veneta.dam.kering.com/asset/8934e6f6-3cd4-4a16-93d6-e41fc7aaed9b/Medium/875155V6QU08207_A.jpg?v=1""]"
SKU0006,Bottega Veneta,Outerwear,Papery Leather Blouson,871516V5BW09000,https://bottega-veneta.dam.kering.com/asset/c15f6f3a-a3d8-4e45-bdb7-c01fd527a5ba/Medium/871516V5BW09000_A.jpg?v=1,https://bottega-veneta.dam.kering.com/asset/c15f6f3a-a3d8-4e45-bdb7-c01fd527a5ba/Medium/871516V5BW09000_A.jpg?v=1,https://www.bottegaveneta.com/en-us/papery-leather-blouson-white-871516V5BW09000.html,https://bottega-veneta.dam.kering.com/asset/c15f6f3a-a3d8-4e45-bdb7-c01fd527a5ba/Medium/871516V5BW09000_A.jpg?v=1,downloaded,data\luxury-image-library\images\Bottega Veneta\Outerwear\SKU0006_1137fce8b7bd.jpg,1137fce8b7bde22502ea6b6d52ec59c893e76638c6eb0144ee8f9bdf2d7d535a,,,官方CDN主图直链,"[""https://bottega-veneta.dam.kering.com/asset/c15f6f3a-a3d8-4e45-bdb7-c01fd527a5ba/Medium/871516V5BW09000_A.jpg?v=1""]"
SKU0007,Bottega Veneta,Outerwear,Prince Of Wales Wool Jacket,A0024VV6NC02207,https://www.bottegaveneta.com/en-us/prince-of-wales-wool-jacket-silt-stucco-melange-A0024VV6NC02207.html,,https://www.bottegaveneta.com/en-us/prince-of-wales-wool-jacket-silt-stucco-melange-A0024VV6NC02207.html,https://bottega-veneta.dam.kering.com/asset/16ecf43e-222a-4811-9f19-dd59f7d3cb1c/Medium/A0024VV6NC02207_A.jpg?v=1,downloaded,data\luxury-image-library\images\Bottega Veneta\Outerwear\SKU0007_ff41e891843d.jpg,ff41e891843d987e523188822793c635e075787f9d9bcdd3e98a5e7888cef723,,,官网商品页（动态图片）,"[""https://www.bottegaveneta.com/en-us/prince-of-wales-wool-jacket-silt-stucco-melange-A0024VV6NC02207.html"", ""https://bottega-veneta.dam.kering.com/asset/16ecf43e-222a-4811-9f19-dd59f7d3cb1c/Medium/A0024VV6NC02207_A.jpg?v=1""]"
SKU0008,Bottega Veneta,Outerwear,Wool And Mohair Jacket,871422V6O204418,https://bottega-veneta.dam.kering.com/asset/9c288d5c-5ea1-49ab-8d77-6f11bf9cd9f4/Medium/871422V6O204418_A.jpg?v=1,https://bottega-veneta.dam.kering.com/asset/9c288d5c-5ea1-49ab-8d77-6f11bf9cd9f4/Medium/871422V6O204418_A.jpg?v=1,https://www.bottegaveneta.com/en-us/wool-and-mohair-jacket-blue-gray-melange-871422V6O204418.html,https://bottega-veneta.dam.kering.com/asset/9c288d5c-5ea1-49ab-8d77-6f11bf9cd9f4/Medium/871422V6O204418_A.jpg?v=1,downloaded,data\luxury-image-library\images\Bottega Veneta\Outerwear\SKU0008_d6044313b5e0.jpg,d6044313b5e0cf58c42c4fa4261840c5195b08e5c4187346f62b6efedd83c278,,,官方CDN主图直链,"[""https://bottega-veneta.dam.kering.com/asset/9c288d5c-5ea1-49ab-8d77-6f11bf9cd9f4/Medium/871422V6O204418_A.jpg?v=1""]"
SKU0009,Bottega Veneta,Outerwear,Wool And Cotton Jacket,871427V6NB02512,https://bottega-veneta.dam.kering.com/asset/6f9c8c13-2692-405d-8d83-1f64b6a6f8bd/Medium/871427V6NB02512_A.jpg?v=1,https://bottega-veneta.dam.kering.com/asset/6f9c8c13-2692-405d-8d83-1f64b6a6f8bd/Medium/871427V6NB02512_A.jpg?v=1,https://www.bottegaveneta.com/en-us/wool-and-cotton-jacket-beige-light-blue-871427V6NB02512.html,https://bottega-veneta.dam.kering.com/asset/6f9c8c13-2692-405d-8d83-1f64b6a6f8bd/Medium/871427V6NB02512_A.jpg?v=1,downloaded,data\luxury-image-library\images\Bottega Veneta\Outerwear\SKU0009_5567fd25392a.jpg,5567fd25392a23c803c5deeef3b719cd3aeb6dd4792794adcaa6f0089b034ad2,,,官方CDN主图直链,"[""https://bottega-veneta.dam.kering.com/asset/6f9c8c13-2692-405d-8d83-1f64b6a6f8bd/Medium/871427V6NB02512_A.jpg?v=1""]"
SKU0010,Bottega Veneta,Outerwear,Wool Grain De Poudre Jacket,871427V66I01010,https://bottega-veneta.dam.kering.com/asset/7c31db82-df0f-43e0-aa05-aed050acbdb0/Medium/871427V66I01010_A.jpg?v=1,https://bottega-veneta.dam.kering.com/asset/7c31db82-df0f-43e0-aa05-aed050acbdb0/Medium/871427V66I01010_A.jpg?v=1,https://www.bottegaveneta.com/en-us/wool-grain-de-poudre-jacket-double-black-871427V66I01010.html,https://bottega-veneta.dam.kering.com/asset/7c31db82-df0f-43e0-aa05-aed050acbdb0/Medium/871427V66I01010_A.jpg?v=1,downloaded,data\luxury-image-library\images\Bottega Veneta\Outerwear\SKU0010_a29f4518def1.jpg,a29f4518def13add7c2f6e47778e2a44060309a9a1388b2aec46071ec092a939,,,官方CDN主图直链,"[""https://bottega-veneta.dam.kering.com/asset/7c31db82-df0f-43e0-aa05-aed050acbdb0/Medium/871427V66I01010_A.jpg?v=1""]"
SKU0011,Bottega Veneta,Outerwear,Suede Leather Jacket,874930V4LG02135,https://www.bottegaveneta.com/en-us/suede-leather-jacket-intense-carrubo-874930V4LG02135.html,,https://www.bottegaveneta.com/en-us/suede-leather-jacket-intense-carrubo-874930V4LG02135.html,https://bottega-veneta.dam.kering.com/asset/71b1fe60-cabb-41dc-a06b-087366ad1e63/Medium/874930V4LG02135_A.jpg?v=1,downloaded,data\luxury-image-library\images\Bottega Veneta\Outerwear\SKU0011_12ec70375ce2.jpg,12ec70375ce23a05773720b942f17fd499455eab7e524a4c6bde4943128f62e2,,,官网商品页（动态图片）,"[""https://www.bottegaveneta.com/en-us/suede-leather-jacket-intense-carrubo-874930V4LG02135.html"", ""https://bottega-veneta.dam.kering.com/asset/71b1fe60-cabb-41dc-a06b-087366ad1e63/Medium/874930V4LG02135_A.jpg?v=1""]"
SKU0012,Bottega Veneta,Outerwear,Small Intrecciato Leather Blouson,875155V6AR03476,https://bottega-veneta.dam.kering.com/asset/994a9ad2-bfdf-4d4b-9c30-b348b84be851/Medium/875155V6AR03476_A.jpg?v=1,https://bottega-veneta.dam.kering.com/asset/994a9ad2-bfdf-4d4b-9c30-b348b84be851/Medium/875155V6AR03476_A.jpg?v=1,https://www.bottegaveneta.com/en-us/small-intrecciato-leather-blouson-wader-green-875155V6AR03476.html,https://bottega-veneta.dam.kering.com/asset/994a9ad2-bfdf-4d4b-9c30-b348b84be851/Medium/875155V6AR03476_A.jpg?v=1,downloaded,data\luxury-image-library\images\Bottega Veneta\Outerwear\SKU0012_858e77a892cf.jpg,858e77a892cfe8218559c41693ce6d0e68d150f976225471c6c84c2682c2225f,,,官方CDN主图直链,"[""https://bottega-veneta.dam.kering.com/asset/994a9ad2-bfdf-4d4b-9c30-b348b84be851/Medium/875155V6AR03476_A.jpg?v=1""]"
SKU0013,Balenciaga,Outerwear,Bomber Cape,A009NVTVO032840,https://balenciaga.dam.kering.com/asset/c8ac0ad1-18a2-492b-8903-1964a97ee9bd/Medium/A009NVTVO032840_F.jpg?v=2,https://balenciaga.dam.kering.com/asset/c8ac0ad1-18a2-492b-8903-1964a97ee9bd/Medium/A009NVTVO032840_F.jpg?v=2,https://www.balenciaga.com/en-us/bomber-cape-khaki-A009NVTVO032840.html,https://balenciaga.dam.kering.com/asset/c8ac0ad1-18a2-492b-8903-1964a97ee9bd/Medium/A009NVTVO032840_F.jpg?v=2,downloaded,data\luxury-image-library\images\Balenciaga\Outerwear\SKU0013_17839d528e8e.jpg,17839d528e8e8b715bb0a3ab42297eb51218b94cd51d3777f1bbaacabee7c19c,,,官方CDN主图直链,"[""https://balenciaga.dam.kering.com/asset/c8ac0ad1-18a2-492b-8903-1964a97ee9bd/Medium/A009NVTVO032840_F.jpg?v=2""]"
SKU0014,Balenciaga,Outerwear,Wrap Jacket,A0097LTBP478975,https://balenciaga.dam.kering.com/asset/1d69187d-2d52-4944-b801-bbb28d4246a0/Medium/A0097LTBP478975_D.jpg?v=1,https://balenciaga.dam.kering.com/asset/1d69187d-2d52-4944-b801-bbb28d4246a0/Medium/A0097LTBP478975_D.jpg?v=1,https://www.balenciaga.com/en-us/wrap-jacket-black-A0097LTBP478975.html,https://balenciaga.dam.kering.com/asset/1d69187d-2d52-4944-b801-bbb28d4246a0/Medium/A0097LTBP478975_D.jpg?v=1,downloaded,data\luxury-image-library\images\Balenciaga\Outerwear\SKU0014_6e6c34790a6c.jpg,6e6c34790a6c6f1e26b21a34a08d314d0b4fc187ebf0628fc9774546fbfa34c4,,,官方CDN主图直链,"[""https://balenciaga.dam.kering.com/asset/1d69187d-2d52-4944-b801-bbb28d4246a0/Medium/A0097LTBP478975_D.jpg?v=1""]"
SKU0015,Balenciaga,Outerwear,Round Jacket,A009FCTUS116400,https://balenciaga.dam.kering.com/asset/0e3960de-0903-4849-9754-20ed13929303/Medium/A009FCTUS116400_F.jpg?v=2,https://balenciaga.dam.kering.com/asset/0e3960de-0903-4849-9754-20ed13929303/Medium/A009FCTUS116400_F.jpg?v=2,https://www.balenciaga.com/en-us/round-jacket-red-A009FCTUS116400.html,https://balenciaga.dam.kering.com/asset/0e3960de-0903-4849-9754-20ed13929303/Medium/A009FCTUS116400_F.jpg?v=2,downloaded,data\luxury-image-library\images\Balenciaga\Outerwear\SKU0015_469f4451494c.jpg,469f4451494cb19e7aa01eaf68d8c5133609fc0374bdf6afed9183eb0e79b111,,,官方CDN主图直链,"[""https://balenciaga.dam.kering.com/asset/0e3960de-0903-4849-9754-20ed13929303/Medium/A009FCTUS116400_F.jpg?v=2""]"
SKU0016,Balenciaga,Outerwear,Round Jacket,A009FCTUS111000,https://balenciaga.dam.kering.com/asset/ea013f36-1323-4fd9-96d4-91c734506f09/Medium/A009FCTUS111000_F.jpg?v=2,https://balenciaga.dam.kering.com/asset/ea013f36-1323-4fd9-96d4-91c734506f09/Medium/A009FCTUS111000_F.jpg?v=2,https://www.balenciaga.com/en-us/round-jacket-black-A009FCTUS111000.html,https://balenciaga.dam.kering.com/asset/ea013f36-1323-4fd9-96d4-91c734506f09/Medium/A009FCTUS111000_F.jpg?v=2,downloaded,data\luxury-image-library\images\Balenciaga\Outerwear\SKU0016_1ba97b40bc4a.jpg,1ba97b40bc4a963200453a20c7663f9b90cc66a68628d18a50cd74519b852013,,,官方CDN主图直链,"[""https://balenciaga.dam.kering.com/asset/ea013f36-1323-4fd9-96d4-91c734506f09/Medium/A009FCTUS111000_F.jpg?v=2""]"
SKU0017,Balenciaga,Outerwear,Cropped Military Parka,A009Q8TUP132804,https://balenciaga.dam.kering.com/asset/98050b33-038c-40ab-a6ae-1c5fd6d13862/Medium/A009Q8TUP132804_G.jpg?v=1,https://balenciaga.dam.kering.com/asset/98050b33-038c-40ab-a6ae-1c5fd6d13862/Medium/A009Q8TUP132804_G.jpg?v=1,https://www.balenciaga.com/en-us/cropped-military-parka-green-A009Q8TUP132804.html,https://balenciaga.dam.kering.com/asset/98050b33-038c-40ab-a6ae-1c5fd6d13862/Medium/A009Q8TUP132804_G.jpg?v=1,downloaded,data\luxury-image-library\images\Balenciaga\Outerwear\SKU0017_1b73a4a205f5.jpg,1b73a4a205f5d6dad32a8beb3d388b851c67427a3bb1d8bb86327872072c0b04,,,官方CDN主图直链,"[""https://balenciaga.dam.kering.com/asset/98050b33-038c-40ab-a6ae-1c5fd6d13862/Medium/A009Q8TUP132804_G.jpg?v=1""]"
SKU0018,Balenciaga,Outerwear,Wrap Collar Blouson,A009FZTUS111000,https://balenciaga.dam.kering.com/asset/62a2dd07-e582-45c2-ae38-73e542cae434/Medium/A009FZTUS111000_F.jpg?v=2,https://balenciaga.dam.kering.com/asset/62a2dd07-e582-45c2-ae38-73e542cae434/Medium/A009FZTUS111000_F.jpg?v=2,https://www.balenciaga.com/en-us/wrap-collar-blouson-black-A009FZTUS111000.html,https://balenciaga.dam.kering.com/asset/62a2dd07-e582-45c2-ae38-73e542cae434/Medium/A009FZTUS111000_F.jpg?v=2,downloaded,data\luxury-image-library\images\Balenciaga\Outerwear\SKU0018_c965e52517dc.jpg,c965e52517dca398b05126d7bf19f94c9bd6d40810543b56a415229e93296d89,,,官方CDN主图直链,"[""https://balenciaga.dam.kering.com/asset/62a2dd07-e582-45c2-ae38-73e542cae434/Medium/A009FZTUS111000_F.jpg?v=2""]"
SKU0019,Balenciaga,Outerwear,Bodies Fitted Biker Jacket,A002EPTKS451000,https://balenciaga.dam.kering.com/asset/1aae8f87-fa8f-4aab-a86e-f8138b46b0d0/Medium/A002EPTKS451000_F.jpg?v=2,https://balenciaga.dam.kering.com/asset/1aae8f87-fa8f-4aab-a86e-f8138b46b0d0/Medium/A002EPTKS451000_F.jpg?v=2,https://www.balenciaga.com/en-us/bodies-fitted-biker-jacket-black-A002EPTKS451000.html,https://balenciaga.dam.kering.com/asset/1aae8f87-fa8f-4aab-a86e-f8138b46b0d0/Medium/A002EPTKS451000_F.jpg?v=2,downloaded,data\luxury-image-library\images\Balenciaga\Outerwear\SKU0019_00dd155b6b43.jpg,00dd155b6b43182bdc1a4bf8e176e62d8e9eb919d4ada623f0faf1198735b713,,,官方CDN主图直链,"[""https://balenciaga.dam.kering.com/asset/1aae8f87-fa8f-4aab-a86e-f8138b46b0d0/Medium/A002EPTKS451000_F.jpg?v=2""]"
SKU0020,Balenciaga,Outerwear,Cropped Curved Jacket,A001O8TBP484020,https://www.balenciaga.com/en-us/cropped-curved-jacket-bleach-light-bleu-A001O8TBP484020.html,,https://www.balenciaga.com/en-us/cropped-curved-jacket-bleach-light-bleu-A001O8TBP484020.html,https://balenciaga.dam.kering.com/asset/781995a5-e672-4ecf-8d6f-f1d249cc58cb/Medium/A001O8TBP484020_F.jpg?v=2,downloaded,data\luxury-image-library\images\Balenciaga\Outerwear\SKU0020_fe7aeebd1840.jpg,fe7aeebd1840724930b5f639854a8ef4e81e71d1d8b8e910e6c233289fe62ee5,,,官网商品页（动态图片）,"[""https://www.balenciaga.com/en-us/cropped-curved-jacket-bleach-light-bleu-A001O8TBP484020.html"", ""https://balenciaga.dam.kering.com/asset/781995a5-e672-4ecf-8d6f-f1d249cc58cb/Medium/A001O8TBP484020_F.jpg?v=2""]"
SKU0021,Balenciaga,Outerwear,Bodies High Collar Tracksuit Jacket,A0029ZTPQ381485,https://balenciaga.dam.kering.com/asset/5ed900c6-e14d-4dbb-ab4b-0f1d1c5ea985/Medium/A0029ZTPQ381485_G.jpg?v=1,https://balenciaga.dam.kering.com/asset/5ed900c6-e14d-4dbb-ab4b-0f1d1c5ea985/Medium/A0029ZTPQ381485_G.jpg?v=1,https://www.balenciaga.com/en-us/bodies-high-collar-tracksuit-jacket-elephant-grey-A0029ZTPQ381485.html,https://balenciaga.dam.kering.com/asset/5ed900c6-e14d-4dbb-ab4b-0f1d1c5ea985/Medium/A0029ZTPQ381485_G.jpg?v=1,downloaded,data\luxury-image-library\images\Balenciaga\Outerwear\SKU0021_8e3ae5f46626.jpg,8e3ae5f46626176092fca245af4cb7059200f5212dc1d1c06883741be099d9bc,,,官方CDN主图直链,"[""https://balenciaga.dam.kering.com/asset/5ed900c6-e14d-4dbb-ab4b-0f1d1c5ea985/Medium/A0029ZTPQ381485_G.jpg?v=1""]"
SKU0022,Balenciaga,Outerwear,Cropped Workwear Jacket,A0029PTRP159501,https://balenciaga.dam.kering.com/asset/aa308538-9d69-4b36-a42e-80e7d73f345e/Medium/A0029PTRP159501_F.jpg?v=1,https://balenciaga.dam.kering.com/asset/aa308538-9d69-4b36-a42e-80e7d73f345e/Medium/A0029PTRP159501_F.jpg?v=1,https://www.balenciaga.com/en-us/cropped-workwear-jacket-beige-A0029PTRP159501.html,https://balenciaga.dam.kering.com/asset/aa308538-9d69-4b36-a42e-80e7d73f345e/Medium/A0029PTRP159501_F.jpg?v=1,downloaded,data\luxury-image-library\images\Balenciaga\Outerwear\SKU0022_c195fcd1676d.jpg,c195fcd1676dec70cfc0f174a3445b6d302da4c065b9d8df7e0eeca7d07dba3b,,,官方CDN主图直链,"[""https://balenciaga.dam.kering.com/asset/aa308538-9d69-4b36-a42e-80e7d73f345e/Medium/A0029PTRP159501_F.jpg?v=1""]"
SKU0023,Gucci,Outerwear,Double-breasted GG Canvas Jacket,788558ZAF4S2580,https://www.gucci.com/us/en/pr/women/ready-to-wear-for-women/coats-and-jackets-for-women/blazers-for-women/double-breasted-gg-canvas-jacket-p-788558ZAF4S2580,,https://www.gucci.com/us/en/pr/women/ready-to-wear-for-women/coats-and-jackets-for-women/blazers-for-women/double-breasted-gg-canvas-jacket-p-788558ZAF4S2580,https://media.gucci.com/style/DarkGray_Center_0_0_600x314/1708104808/788558_ZAF4S_2580_001_100_0000_Light-double-breasted-gg-canvas-jacket.jpg,downloaded,data\luxury-image-library\images\Gucci\Outerwear\SKU0023_68c8cdd55e4b.jpg,68c8cdd55e4b2849c39cf51c914c986c1fdfb8b85aaa5427d8e8e804f789c3b3,,,官网商品页（动态图片）,"[""https://www.gucci.com/us/en/pr/women/ready-to-wear-for-women/coats-and-jackets-for-women/blazers-for-women/double-breasted-gg-canvas-jacket-p-788558ZAF4S2580"", ""https://media.gucci.com/style/DarkGray_Center_0_0_600x314/1708104808/788558_ZAF4S_2580_001_100_0000_Light-double-breasted-gg-canvas-jacket.jpg""]"
SKU0024,Gucci,Outerwear,Wool Bouclé Jacket,855758ZAULX5661,https://www.gucci.com/us/en/pr/women/ready-to-wear-for-women/coats-and-jackets-for-women/jackets-for-women/wool-boucle-jacket-p-855758ZAULX5661,,https://www.gucci.com/us/en/pr/women/ready-to-wear-for-women/coats-and-jackets-for-women/jackets-for-women/wool-boucle-jacket-p-855758ZAULX5661,https://media.gucci.com/style/DarkGray_Center_0_0_600x314/1768931105/855758_ZAULX_5661_001_100_0000_Light-wool-boucle-jacket.jpg,downloaded,data\luxury-image-library\images\Gucci\Outerwear\SKU0024_5458dfb0a428.jpg,5458dfb0a428a43233e99aab45861e3daabd62d36e0302a4e5914fe7fe9d21e1,,,官网商品页（动态图片）,"[""https://www.gucci.com/us/en/pr/women/ready-to-wear-for-women/coats-and-jackets-for-women/jackets-for-women/wool-boucle-jacket-p-855758ZAULX5661"", ""https://media.gucci.com/style/DarkGray_Center_0_0_600x314/1768931105/855758_ZAULX_5661_001_100_0000_Light-wool-boucle-jacket.jpg""]"
SKU0025,Gucci,Outerwear,GG Cotton Gabardine Zip Jacket,851889ZAQXT4474,https://www.gucci.com/us/en/pr/women/ready-to-wear-for-women/coats-and-jackets-for-women/jackets-for-women/gg-cotton-gabardine-zip-jacket-p-851889ZAQXT4474,,https://www.gucci.com/us/en/pr/women/ready-to-wear-for-women/coats-and-jackets-for-women/jackets-for-women/gg-cotton-gabardine-zip-jacket-p-851889ZAQXT4474,https://media.gucci.com/style/DarkGray_Center_0_0_600x314/1768586417/851889_ZAQXT_4474_001_100_0000_Light-gg-cotton-gabardine-zip-jacket.jpg,downloaded,data\luxury-image-library\images\Gucci\Outerwear\SKU0025_bd16c75129ce.jpg,bd16c75129ce3926d20176e4caf83ff860219b1e01db8583b70603d5fb1257b0,,,官网商品页（动态图片）,"[""https://www.gucci.com/us/en/pr/women/ready-to-wear-for-women/coats-and-jackets-for-women/jackets-for-women/gg-cotton-gabardine-zip-jacket-p-851889ZAQXT4474"", ""https://media.gucci.com/style/DarkGray_Center_0_0_600x314/1768586417/851889_ZAQXT_4474_001_100_0000_Light-gg-cotton-gabardine-zip-jacket.jpg""]"
SKU0026,Gucci,Outerwear,Crêpe Wool Jacket with Double G Button,864254ZACKN1000,https://www.gucci.com/us/en/pr/women/ready-to-wear-for-women/coats-and-jackets-for-women/jackets-for-women/crepe-wool-jacket-with-double-g-button-p-864254ZACKN1000,,https://www.gucci.com/us/en/pr/women/ready-to-wear-for-women/coats-and-jackets-for-women/jackets-for-women/crepe-wool-jacket-with-double-g-button-p-864254ZACKN1000,https://media.gucci.com/style/DarkGray_Center_0_0_600x314/1767643209/864254_ZACKN_1000_001_100_0000_Light-crepe-wool-jacket-with-double-g-button.jpg,downloaded,data\luxury-image-library\images\Gucci\Outerwear\SKU0026_6ebdba3b2962.jpg,6ebdba3b2962ffdc89c37147d959284519ef90e76560cddab2bb37e1782e72e4,,,官网商品页（动态图片）,"[""https://www.gucci.com/us/en/pr/women/ready-to-wear-for-women/coats-and-jackets-for-women/jackets-for-women/crepe-wool-jacket-with-double-g-button-p-864254ZACKN1000"", ""https://media.gucci.com/style/DarkGray_Center_0_0_600x314/1767643209/864254_ZACKN_1000_001_100_0000_Light-crepe-wool-jacket-with-double-g-button.jpg""]"
SKU0027,Gucci,Outerwear,Technical Stretch Wool Jacket,864253ZAUPG1000,https://www.gucci.com/us/en/pr/women/ready-to-wear-for-women/coats-and-jackets-for-women/jackets-for-women/technical-stretch-wool-jacket-p-864253ZAUPG1000,,https://www.gucci.com/us/en/pr/women/ready-to-wear-for-women/coats-and-jackets-for-women/jackets-for-women/technical-stretch-wool-jacket-p-864253ZAUPG1000,https://media.gucci.com/style/DarkGray_Center_0_0_600x314/1767643207/864253_ZAUPG_1000_001_100_0000_Light-technical-stretch-wool-jacket.jpg,downloaded,data\luxury-image-library\images\Gucci\Outerwear\SKU0027_998400029f06.jpg,998400029f0693c218843a987b520531b177123f12da269b498c1fac97f19fa1,,,官网商品页（动态图片）,"[""https://www.gucci.com/us/en/pr/women/ready-to-wear-for-women/coats-and-jackets-for-women/jackets-for-women/technical-stretch-wool-jacket-p-864253ZAUPG1000"", ""https://media.gucci.com/style/DarkGray_Center_0_0_600x314/1767643207/864253_ZAUPG_1000_001_100_0000_Light-technical-stretch-wool-jacket.jpg""]"
SKU0028,Gucci,Outerwear,Check Cotton Tweed Jacket,851888ZAUB69777,https://www.gucci.com/us/en/pr/women/ready-to-wear-for-women/coats-and-jackets-for-women/jackets-for-women/check-cotton-tweed-jacket-p-851888ZAUB69777,,https://www.gucci.com/us/en/pr/women/ready-to-wear-for-women/coats-and-jackets-for-women/jackets-for-women/check-cotton-tweed-jacket-p-851888ZAUB69777,https://media.gucci.com/style/DarkGray_Center_0_0_600x314/1767032141/851888_ZAUB6_9777_001_100_0000_Light-check-cotton-tweed-jacket.jpg,downloaded,data\luxury-image-library\images\Gucci\Outerwear\SKU0028_579eb1d433f7.jpg,579eb1d433f79d98be9dac6dbbbe2f6b83cdf16d6f036ac0ce6ac31129f900d2,,,官网商品页（动态图片）,"[""https://www.gucci.com/us/en/pr/women/ready-to-wear-for-women/coats-and-jackets-for-women/jackets-for-women/check-cotton-tweed-jacket-p-851888ZAUB69777"", ""https://media.gucci.com/style/DarkGray_Center_0_0_600x314/1767032141/851888_ZAUB6_9777_001_100_0000_Light-check-cotton-tweed-jacket.jpg""]"
SKU0029,Gucci,Outerwear,Double-breasted Wool Jacket,840785Z7ASP1054,https://www.gucci.com/us/en/pr/women/ready-to-wear-for-women/coats-and-jackets-for-women/blazers-for-women/double-breasted-wool-jacket-p-840785Z7ASP1054,,https://www.gucci.com/us/en/pr/women/ready-to-wear-for-women/coats-and-jackets-for-women/blazers-for-women/double-breasted-wool-jacket-p-840785Z7ASP1054,https://media.gucci.com/style/DarkGray_Center_0_0_600x314/1758137412/840785_Z7ASP_1054_001_100_0000_Light-double-breasted-wool-jacket.jpg,downloaded,data\luxury-image-library\images\Gucci\Outerwear\SKU0029_31e72a95224c.jpg,31e72a95224c5b5fdad699fbe93b933c9fe66d8c1463d3fdf125a35a34c19fe5,,,官网商品页（动态图片）,"[""https://www.gucci.com/us/en/pr/women/ready-to-wear-for-women/coats-and-jackets-for-women/blazers-for-women/double-breasted-wool-jacket-p-840785Z7ASP1054"", ""https://media.gucci.com/style/DarkGray_Center_0_0_600x314/1758137412/840785_Z7ASP_1054_001_100_0000_Light-double-breasted-wool-jacket.jpg""]"
SKU0030,Gucci,Outerwear,Reversible Wool Silk Jacket,840657Z7ASL1189,https://www.gucci.com/us/en/pr/women/ready-to-wear-for-women/coats-and-jackets-for-women/coats-for-women/reversible-wool-silk-jacket-p-840657Z7ASL1189,,https://www.gucci.com/us/en/pr/women/ready-to-wear-for-women/coats-and-jackets-for-women/coats-for-women/reversible-wool-silk-jacket-p-840657Z7ASL1189,https://media.gucci.com/style/DarkGray_Center_0_0_600x314/1758136579/840657_Z7ASL_1189_001_100_0000_Light-reversible-wool-silk-jacket.jpg,downloaded,data\luxury-image-library\images\Gucci\Outerwear\SKU0030_83bccc313992.jpg,83bccc313992fe37801fb213a8c84f85074c0b91671593ba888f7cef1e4422c5,,,官网商品页（动态图片）,"[""https://www.gucci.com/us/en/pr/women/ready-to-wear-for-women/coats-and-jackets-for-women/coats-for-women/reversible-wool-silk-jacket-p-840657Z7ASL1189"", ""https://media.gucci.com/style/DarkGray_Center_0_0_600x314/1758136579/840657_Z7ASL_1189_001_100_0000_Light-reversible-wool-silk-jacket.jpg""]"
SKU0031,Gucci,Outerwear,Pinstripe Gucci Wool Jacquard Jacket,832457Z7ASO1152,https://www.gucci.com/us/en/pr/women/ready-to-wear-for-women/coats-and-jackets-for-women/blazers-for-women/pinstripe-gucci-wool-jacquard-jacket-p-832457Z7ASO1152,,https://www.gucci.com/us/en/pr/women/ready-to-wear-for-women/coats-and-jackets-for-women/blazers-for-women/pinstripe-gucci-wool-jacquard-jacket-p-832457Z7ASO1152,https://media.gucci.com/style/DarkGray_Center_0_0_600x314/1758097876/832457_Z7ASO_1152_001_100_0000_Light-pinstripe-gucci-wool-jacquard-jacket.jpg,downloaded,data\luxury-image-library\images\Gucci\Outerwear\SKU0031_28c4678780e8.jpg,28c4678780e8c9d67f8081fa221d249221336069a5ec0d14b196963439f41948,,,官网商品页（动态图片）,"[""https://www.gucci.com/us/en/pr/women/ready-to-wear-for-women/coats-and-jackets-for-women/blazers-for-women/pinstripe-gucci-wool-jacquard-jacket-p-832457Z7ASO1152"", ""https://media.gucci.com/style/DarkGray_Center_0_0_600x314/1758097876/832457_Z7ASO_1152_001_100_0000_Light-pinstripe-gucci-wool-jacquard-jacket.jpg""]"
SKU0032,Gucci,Outerwear,GG Canvas Jacket,785972ZAF4S2190,https://www.gucci.com/us/en/pr/women/ready-to-wear-for-women/coats-and-jackets-for-women/blazers-for-women/gg-canvas-jacket-p-785972ZAF4S2190,,https://www.gucci.com/us/en/pr/women/ready-to-wear-for-women/coats-and-jackets-for-women/blazers-for-women/gg-canvas-jacket-p-785972ZAF4S2190,https://media.gucci.com/style/DarkGray_Center_0_0_600x314/1733485503/785972_ZAF4S_2190_001_100_0000_Light-gg-canvas-jacket.jpg,downloaded,data\luxury-image-library\images\Gucci\Outerwear\SKU0032_bd3592630ee7.jpg,bd3592630ee75ebed6b2fd5fee6d263113bdf2c7663d5bd2af7ba9a48a48b30c,,,官网商品页（动态图片）,"[""https://www.gucci.com/us/en/pr/women/ready-to-wear-for-women/coats-and-jackets-for-women/blazers-for-women/gg-canvas-jacket-p-785972ZAF4S2190"", ""https://media.gucci.com/style/DarkGray_Center_0_0_600x314/1733485503/785972_ZAF4S_2190_001_100_0000_Light-gg-canvas-jacket.jpg""]"
SKU0033,Gucci,Outerwear,Wool and Silk Horsebit Cape,805644ZAQW01189,https://www.gucci.com/us/en/pr/women/ready-to-wear-for-women/coats-and-jackets-for-women/coats-for-women/wool-and-silk-horsebit-cape-p-805644ZAQW01189,,https://www.gucci.com/us/en/pr/women/ready-to-wear-for-women/coats-and-jackets-for-women/coats-for-women/wool-and-silk-horsebit-cape-p-805644ZAQW01189,https://media.gucci.com/style/DarkGray_Center_0_0_600x314/1781704818/805644_ZAQW0_1189_001_100_0000_Light-wool-and-silk-horsebit-cape.jpg,downloaded,data\luxury-image-library\images\Gucci\Outerwear\SKU0033_600ecb80f979.jpg,600ecb80f9792c1352d1c3b2b966954931dd55fb66b3c75dfff051e17da7e6ae,,,官网商品页（动态图片）,"[""https://www.gucci.com/us/en/pr/women/ready-to-wear-for-women/coats-and-jackets-for-women/coats-for-women/wool-and-silk-horsebit-cape-p-805644ZAQW01189"", ""https://media.gucci.com/style/DarkGray_Center_0_0_600x314/1781704818/805644_ZAQW0_1189_001_100_0000_Light-wool-and-silk-horsebit-cape.jpg""]"
SKU0034,Gucci,Outerwear,Gingham Wool Jacket,A0068ZZAVPT2380,https://www.gucci.com/us/en/pr/women/ready-to-wear-for-women/coats-and-jackets-for-women/blazers-for-women/gingham-wool-jacket-p-A0068ZZAVPT2380,,https://www.gucci.com/us/en/pr/women/ready-to-wear-for-women/coats-and-jackets-for-women/blazers-for-women/gingham-wool-jacket-p-A0068ZZAVPT2380,https://media.gucci.com/style/DarkGray_Center_0_0_600x314/1783009864/A0068Z_ZAVPT_2380_001_100_0000_Light-gingham-wool-jacket.jpg,downloaded,data\luxury-image-library\images\Gucci\Outerwear\SKU0034_c00335e2f69f.jpg,c00335e2f69fac95fa5b0eeffaf8663ede77f9c6fa38021803e27d7e9c06a8ce,,,官网商品页（动态图片）,"[""https://www.gucci.com/us/en/pr/women/ready-to-wear-for-women/coats-and-jackets-for-women/blazers-for-women/gingham-wool-jacket-p-A0068ZZAVPT2380"", ""https://media.gucci.com/style/DarkGray_Center_0_0_600x314/1783009864/A0068Z_ZAVPT_2380_001_100_0000_Light-gingham-wool-jacket.jpg""]"
SKU0035,Gucci,Outerwear,Leather with Aged Effect Bomber Jacket,861125XNBCM2069,https://www.gucci.com/us/en/pr/women/ready-to-wear-for-women/coats-and-jackets-for-women/coats-for-women/leather-with-aged-effect-bomber-jacket-p-861125XNBCM2069,,https://www.gucci.com/us/en/pr/women/ready-to-wear-for-women/coats-and-jackets-for-women/coats-for-women/leather-with-aged-effect-bomber-jacket-p-861125XNBCM2069,https://media.gucci.com/style/DarkGray_Center_0_0_600x314/1767638705/861125_XNBCM_2069_001_100_0000_Light-leather-with-aged-effect-bomber-jacket.jpg,downloaded,data\luxury-image-library\images\Gucci\Outerwear\SKU0035_cfcc54bf04b1.jpg,cfcc54bf04b1ac629be7f8be836182257dbeaede52c3297743bcd35aba2a8df6,,,官网商品页（动态图片）,"[""https://www.gucci.com/us/en/pr/women/ready-to-wear-for-women/coats-and-jackets-for-women/coats-for-women/leather-with-aged-effect-bomber-jacket-p-861125XNBCM2069"", ""https://media.gucci.com/style/DarkGray_Center_0_0_600x314/1767638705/861125_XNBCM_2069_001_100_0000_Light-leather-with-aged-effect-bomber-jacket.jpg""]"
SKU0036,Prada,Outerwear,Re-Nylon Bomber Jacket,SGC824_1WQ8_F0002_S_OOO,https://www.prada.com/content/dam/pradabkg_products/S/SGC/SGC824/1WQ8F0002/SGC824_1WQ8_F0002_S_OOO_SLF.jpg,https://www.prada.com/content/dam/pradabkg_products/S/SGC/SGC824/1WQ8F0002/SGC824_1WQ8_F0002_S_OOO_SLF.jpg,https://www.prada.com/us/en/p/re-nylon-bomber-jacket/SGC824_1WQ8_F0002_S_OOO,https://www.prada.com/content/dam/pradabkg_products/S/SGC/SGC824/1WQ8F0002/SGC824_1WQ8_F0002_S_OOO_SLF.jpg,downloaded,data\luxury-image-library\images\Prada\Outerwear\SKU0036_8a5054de35af.jpg,8a5054de35af23122030bc60e246d6826e7f733b7043a85652080f78b2a5df43,,,官方DAM主图直链,"[""https://www.prada.com/content/dam/pradabkg_products/S/SGC/SGC824/1WQ8F0002/SGC824_1WQ8_F0002_S_OOO_SLF.jpg""]"
SKU0037,Prada,Outerwear,Oversized Nappa Leather Bomber Jacket,UPW619_19WL_F0054_S_OOO,https://www.prada.com/content/dam/pradabkg_products/U/UPW/UPW619/19WLF0054/UPW619_19WL_F0054_S_OOO_SLF.jpg,https://www.prada.com/content/dam/pradabkg_products/U/UPW/UPW619/19WLF0054/UPW619_19WL_F0054_S_OOO_SLF.jpg,https://www.prada.com/us/en/p/oversized-nappa-leather-bomber-jacket/UPW619_19WL_F0054_S_OOO,https://www.prada.com/content/dam/pradabkg_products/U/UPW/UPW619/19WLF0054/UPW619_19WL_F0054_S_OOO_SLF.jpg,downloaded,data\luxury-image-library\images\Prada\Outerwear\SKU0037_c0a5878d98d4.jpg,c0a5878d98d4f7099ed2a0860f8cb89abe415bcc44d745661172d55f843b5e45,,,官方DAM主图直链,"[""https://www.prada.com/content/dam/pradabkg_products/U/UPW/UPW619/19WLF0054/UPW619_19WL_F0054_S_OOO_SLF.jpg""]"
SKU0038,Prada,Outerwear,Nappa Leather Bomber Jacket,UPW622_16IL_F0003_S_OOO,https://www.prada.com/content/dam/pradabkg_products/U/UPW/UPW622/16ILF0003/UPW622_16IL_F0003_S_OOO_SLF.jpg,https://www.prada.com/content/dam/pradabkg_products/U/UPW/UPW622/16ILF0003/UPW622_16IL_F0003_S_OOO_SLF.jpg,https://www.prada.com/us/en/p/nappa-leather-bomber-jacket/UPW622_16IL_F0003_S_OOO,https://www.prada.com/content/dam/pradabkg_products/U/UPW/UPW622/16ILF0003/UPW622_16IL_F0003_S_OOO_SLF.jpg,downloaded,data\luxury-image-library\images\Prada\Outerwear\SKU0038_e4b974faa3e5.jpg,e4b974faa3e57e9fd4ea55be3f624fcf1fddc5c73a80782563b85536b6231511,,,官方DAM主图直链,"[""https://www.prada.com/content/dam/pradabkg_products/U/UPW/UPW622/16ILF0003/UPW622_16IL_F0003_S_OOO_SLF.jpg""]"
SKU0039,Prada,Outerwear,Nappa Leather Jacket,58A291_19WL_F0002_S_OOO,https://www.prada.com/content/dam/pradabkg_products/5/58A/58A291/19WLF0002/58A291_19WL_F0002_S_OOO_SLF.jpg,https://www.prada.com/content/dam/pradabkg_products/5/58A/58A291/19WLF0002/58A291_19WL_F0002_S_OOO_SLF.jpg,https://www.prada.com/ww/en/p/nappa-leather-jacket/58A291_19WL_F0002_S_OOO,https://www.prada.com/content/dam/pradabkg_products/5/58A/58A291/19WLF0002/58A291_19WL_F0002_S_OOO_SLF.jpg,downloaded,data\luxury-image-library\images\Prada\Outerwear\SKU0039_da4c68179d8a.jpg,da4c68179d8a1a24adaf20f2661768b0d19226d40941c7324dec3463fdab5492,,,官方DAM主图直链,"[""https://www.prada.com/content/dam/pradabkg_products/5/58A/58A291/19WLF0002/58A291_19WL_F0002_S_OOO_SLF.jpg""]"
SKU0040,LOEWE,Outerwear,Draped Jacket in Denim,S540Y1CX05-5380,https://www.loewe.com/dw/image/v2/BBPC_PRD/on/demandware.static/-/Sites-Loewe_master/default/dw9858b614/images_rd/S540Y1CX05/S540Y1CX05-5380/S540Y1CX05_5380_1F.jpg?q=100&sw=750,https://www.loewe.com/dw/image/v2/BBPC_PRD/on/demandware.static/-/Sites-Loewe_master/default/dw9858b614/images_rd/S540Y1CX05/S540Y1CX05-5380/S540Y1CX05_5380_1F.jpg?q=100&sw=750,https://www.loewe.com/usa/en/women/womenswear/coats/draped-jacket-in-denim/S540Y1CX05-5380.html,https://www.loewe.com/dw/image/v2/BBPC_PRD/on/demandware.static/-/Sites-Loewe_master/default/dw9858b614/images_rd/S540Y1CX05/S540Y1CX05-5380/S540Y1CX05_5380_1F.jpg?q=100&sw=750,downloaded,data\luxury-image-library\images\LOEWE\Outerwear\SKU0040_4051daca8dac.jpg,4051daca8dac29d988e57ca0ec40f7407c3c18c0a42b5b05b65b829c7a10799b,,,官方CDN主图直链,"[""https://www.loewe.com/dw/image/v2/BBPC_PRD/on/demandware.static/-/Sites-Loewe_master/default/dw9858b614/images_rd/S540Y1CX05/S540Y1CX05-5380/S540Y1CX05_5380_1F.jpg?q=100&sw=750""]"
SKU0041,LOEWE,Outerwear,Workwear Jacket in Denim,S359Y50XA1-5320,https://www.loewe.com/usa/en/women/womenswear/coats/workwear-jacket-in-denim/S359Y50XA1-5320.html,,https://www.loewe.com/usa/en/women/womenswear/coats/workwear-jacket-in-denim/S359Y50XA1-5320.html,https://www.loewe.com/dw/image/v2/BBPC_PRD/on/demandware.static/-/Sites-Loewe_master/default/dwc5afadfb/images_rd/S359Y50XA1/S359Y50XA1-5320/S359Y50XA1_5320_1B.jpg?sw=750&q=100,downloaded,data\luxury-image-library\images\LOEWE\Outerwear\SKU0041_e79c05cc5ddf.webp,e79c05cc5ddf6e3486fa7ff2306bfa1ca0b1e31ce8c979c08e775c6815eb6f7e,,,官网商品页（动态图片）,"[""https://www.loewe.com/usa/en/women/womenswear/coats/workwear-jacket-in-denim/S359Y50XA1-5320.html"", ""https://www.loewe.com/mobify/bundle/2308/vendor.js"", ""https://www.loewe.com/mobify/bundle/2308/product-detail.js"", ""https://www.loewe.com/mobify/bundle/2308/main.js"", ""https://www.loewe.com/mobify/bundle/2308/902.js"", ""https://www.loewe.com/mobify/bundle/2308/2390.js"", ""https://www.loewe.com/dw/image/v2/BBPC_PRD/on/demandware.static/-/Sites-Loewe_master/default/dwc5afadfb/images_rd/S359Y50XA1/S359Y50XA1-5320/S359Y50XA1_5320_1B.jpg?sw=750&q=100""]"
SKU0042,LOEWE,Outerwear,Jacket in Denim,S359Y50XAM-5140,https://www.loewe.com/usa/en/women/womenswear/coats/jacket-in-denim/S359Y50XAM-5140.html,,https://www.loewe.com/usa/en/women/womenswear/coats/jacket-in-denim/S359Y50XAM-5140.html,https://www.loewe.com/dw/image/v2/BBPC_PRD/on/demandware.static/-/Sites-Loewe_master/default/dwf53d8b4f/images_rd/S359Y50XAM/S359Y50XAM-5140/S359Y50XAM_5140_1B.jpg?sw=750&q=100,downloaded,data\luxury-image-library\images\LOEWE\Outerwear\SKU0042_8fd8a84209e9.jpg,8fd8a84209e94f831c9b3cb0536ec399c89a1d4bd6162eccf0250f0e90a66424,,,官网商品页（动态图片）,"[""https://www.loewe.com/usa/en/women/womenswear/coats/jacket-in-denim/S359Y50XAM-5140.html"", ""https://www.loewe.com/mobify/bundle/2308/vendor.js"", ""https://www.loewe.com/mobify/bundle/2308/product-detail.js"", ""https://www.loewe.com/mobify/bundle/2308/main.js"", ""https://www.loewe.com/mobify/bundle/2308/902.js"", ""https://www.loewe.com/mobify/bundle/2308/2390.js"", ""https://www.loewe.com/dw/image/v2/BBPC_PRD/on/demandware.static/-/Sites-Loewe_master/default/dwf53d8b4f/images_rd/S359Y50XAM/S359Y50XAM-5140/S359Y50XAM_5140_1B.jpg?sw=750&q=100""]"
SKU0043,LOEWE,Outerwear,Workwear Jacket in Denim,S616Y1CX06-2100,https://www.loewe.com/usa/en/women/womenswear/coats/workwear-jacket-in-denim/S616Y1CX06-2100.html,,https://www.loewe.com/usa/en/women/womenswear/coats/workwear-jacket-in-denim/S616Y1CX06-2100.html,https://www.loewe.com/dw/image/v2/BBPC_PRD/on/demandware.static/-/Sites-Loewe_master/default/dwaee7e712/images_rd/S616Y1CX06/S616Y1CX06-2100/S616Y1CX06_2100_1C.jpg?sw=750&q=100,downloaded,data\luxury-image-library\images\LOEWE\Outerwear\SKU0043_4b15b51dac19.jpg,4b15b51dac19433a7feb42f68ff928474a0971c5ec3447fea0c9afc16182a7f0,,,官网商品页（动态图片）,"[""https://www.loewe.com/usa/en/women/womenswear/coats/workwear-jacket-in-denim/S616Y1CX06-2100.html"", ""https://www.loewe.com/mobify/bundle/2308/vendor.js"", ""https://www.loewe.com/mobify/bundle/2308/product-detail.js"", ""https://www.loewe.com/mobify/bundle/2308/main.js"", ""https://www.loewe.com/mobify/bundle/2308/902.js"", ""https://www.loewe.com/mobify/bundle/2308/2390.js"", ""https://www.loewe.com/dw/image/v2/BBPC_PRD/on/demandware.static/-/Sites-Loewe_master/default/dwaee7e712/images_rd/S616Y1CX06/S616Y1CX06-2100/S616Y1CX06_2100_1C.jpg?sw=750&q=100""]"
SKU0044,LOEWE,Outerwear,Short Parka in Denim,S359Y50XAK-5120,https://www.loewe.com/usa/en/women/womenswear/coats/short-parka-in-denim/S359Y50XAK-5120.html,,https://www.loewe.com/usa/en/women/womenswear/coats/short-parka-in-denim/S359Y50XAK-5120.html,https://www.loewe.com/dw/image/v2/BBPC_PRD/on/demandware.static/-/Sites-Loewe_master/default/dwfb077c42/images_rd/S359Y50XAK/S359Y50XAK-5120/S359Y50XAK_5120_1F.jpg?sw=750&q=100,downloaded,data\luxury-image-library\images\LOEWE\Outerwear\SKU0044_e6c4b2047855.webp,e6c4b2047855514bb42baa2051fd50c6d2234bb570ded034b7d295d39a266829,,,官网商品页（动态图片）,"[""https://www.loewe.com/usa/en/women/womenswear/coats/short-parka-in-denim/S359Y50XAK-5120.html"", ""https://www.loewe.com/mobify/bundle/2308/vendor.js"", ""https://www.loewe.com/mobify/bundle/2308/product-detail.js"", ""https://www.loewe.com/mobify/bundle/2308/main.js"", ""https://www.loewe.com/mobify/bundle/2308/902.js"", ""https://www.loewe.com/mobify/bundle/2308/2390.js"", ""https://www.loewe.com/dw/image/v2/BBPC_PRD/on/demandware.static/-/Sites-Loewe_master/default/dwfb077c42/images_rd/S359Y50XAK/S359Y50XAK-5120/S359Y50XAK_5120_1F.jpg?sw=750&q=100""]"
SKU0045,Burberry,Outerwear,Long Castleford Trench Coat,81047111,https://us.burberry.com/long-castleford-trench-coat-p81047111,,https://us.burberry.com/long-castleford-trench-coat-p81047111,https://assets.burberry.com/is/image/Burberryltd/4273F973-67C4-4E7F-B14D-53E0145DEB06,downloaded,data\luxury-image-library\images\Burberry\Outerwear\SKU0045_369d6047f163.webp,369d6047f1631e916af7d9cd4a03e4fb9303aaa510a45e49a5c7582b442b60c1,,,官网商品页（动态图片）,"[""https://us.burberry.com/long-castleford-trench-coat-p81047111"", ""https://assets.burberry.com/is/image/Burberryltd/4273F973-67C4-4E7F-B14D-53E0145DEB06""]"
SKU0046,Burberry,Outerwear,Cropped Gabardine Mayfair Trench Jacket,81265001,https://us.burberry.com/cropped-gabardine-mayfair-trench-jacket-p81265001,,https://us.burberry.com/cropped-gabardine-mayfair-trench-jacket-p81265001,https://assets.burberry.com/is/image/Burberryltd/687891DC-2735-41FB-89DF-19673047AADB,downloaded,data\luxury-image-library\images\Burberry\Outerwear\SKU0046_efcfd0b55ec0.webp,efcfd0b55ec08d08ea604f8e22ba6f67367b3c46fe3b6768ca3cce5fcb2c191a,,,官网商品页（动态图片）,"[""https://us.burberry.com/cropped-gabardine-mayfair-trench-jacket-p81265001"", ""https://assets.burberry.com/is/image/Burberryltd/687891DC-2735-41FB-89DF-19673047AADB""]"
SKU0047,Burberry,Outerwear,Cropped Gabardine Mayfair Trench Jacket,81264991,https://us.burberry.com/cropped-gabardine-mayfair-trench-jacket-p81264991,,https://us.burberry.com/cropped-gabardine-mayfair-trench-jacket-p81264991,https://assets.burberry.com/is/image/Burberryltd/0D63AFC9-CF6C-42EF-BA1B-B450E8216C65,downloaded,data\luxury-image-library\images\Burberry\Outerwear\SKU0047_58d0ddb29209.webp,58d0ddb29209c2a392bab967cc6bfaa2c5de3478069a5da907980f57d51e5f39,,,官网商品页（动态图片）,"[""https://us.burberry.com/cropped-gabardine-mayfair-trench-jacket-p81264991"", ""https://assets.burberry.com/is/image/Burberryltd/0D63AFC9-CF6C-42EF-BA1B-B450E8216C65""]"
SKU0048,Burberry,Outerwear,Long Castleford Trench Coat,81045551,https://us.burberry.com/long-castleford-trench-coat-p81045551,,https://us.burberry.com/long-castleford-trench-coat-p81045551,https://assets.burberry.com/is/image/Burberryltd/32AA3BE2-ABDA-49C8-B6A8-6CE948469EA9,downloaded,data\luxury-image-library\images\Burberry\Outerwear\SKU0048_3e0b8e3cd57c.webp,3e0b8e3cd57c734e14af176f289c212c00050c55137617fba9f1ae098a51e309,,,官网商品页（动态图片）,"[""https://us.burberry.com/long-castleford-trench-coat-p81045551"", ""https://assets.burberry.com/is/image/Burberryltd/32AA3BE2-ABDA-49C8-B6A8-6CE948469EA9""]"
SKU0049,Burberry,Outerwear,Long Leather Castleford Trench Coat,81108041,https://us.burberry.com/long-leather-castleford-trench-coat-p81108041,,https://us.burberry.com/long-leather-castleford-trench-coat-p81108041,https://assets.burberry.com/is/image/Burberryltd/21C75E19-6B3A-4515-A4FD-51250639B5B8,downloaded,data\luxury-image-library\images\Burberry\Outerwear\SKU0049_021f12f068f7.webp,021f12f068f749e53866f8251f3b9cb0ba06ac207ff447635ac3d1df275d41d4,,,官网商品页（动态图片）,"[""https://us.burberry.com/long-leather-castleford-trench-coat-p81108041"", ""https://assets.burberry.com/is/image/Burberryltd/21C75E19-6B3A-4515-A4FD-51250639B5B8""]"
SKU0050,Burberry,Outerwear,Cropped Leather Mayfair Trench Jacket,81272961,https://us.burberry.com/cropped-leather-mayfair-trench-jacket-p81272961,,https://us.burberry.com/cropped-leather-mayfair-trench-jacket-p81272961,https://assets.burberry.com/is/image/Burberryltd/97284C94-1AF3-47CF-AD02-EED3CEA40F51,downloaded,data\luxury-image-library\images\Burberry\Outerwear\SKU0050_914be6fe1c40.webp,914be6fe1c4097895d2c674be41db4877adc766a342a14c89d13fb4294c1ceae,,,官网商品页（动态图片）,"[""https://us.burberry.com/cropped-leather-mayfair-trench-jacket-p81272961"", ""https://assets.burberry.com/is/image/Burberryltd/97284C94-1AF3-47CF-AD02-EED3CEA40F51""]"
SKU0051,Bottega Veneta,Top,Merino Wool Rib Tank Top,A009YQV6WH04071,https://www.bottegaveneta.com/en-us/merino-wool-rib-tank-top-midnight-blue-A009YQV6WH04071.html,,https://www.bottegaveneta.com/en-us/merino-wool-rib-tank-top-midnight-blue-A009YQV6WH04071.html,https://bottega-veneta.dam.kering.com/asset/b0990dc6-0095-45ea-983a-b4788ff86a60/Medium/A009YQV6WH04071_A.jpg?v=1,downloaded,data\luxury-image-library\images\Bottega Veneta\Top\SKU0051_cd38a58b8a3d.jpg,cd38a58b8a3dbef55dbc87e414714c5b1f98b65b847139e6e9e5801435e0c0ad,,,官网商品页（动态图片）,"[""https://www.bottegaveneta.com/en-us/merino-wool-rib-tank-top-midnight-blue-A009YQV6WH04071.html"", ""https://bottega-veneta.dam.kering.com/asset/b0990dc6-0095-45ea-983a-b4788ff86a60/Medium/A009YQV6WH04071_A.jpg?v=1""]"
SKU0052,Bottega Veneta,Top,Cotton and Cashmere Jersey T-Shirt,A0054DV6ZZ09107,https://www.bottegaveneta.com/en-us/cotton-and-cashmere-jersey-t-shirt-parchment-A0054DV6ZZ09107.html,,https://www.bottegaveneta.com/en-us/cotton-and-cashmere-jersey-t-shirt-parchment-A0054DV6ZZ09107.html,https://bottega-veneta.dam.kering.com/asset/f99593a0-3af6-4994-a9b6-83c572d0972f/Medium/A0054DV6ZZ09107_A.jpg?v=1,downloaded,data\luxury-image-library\images\Bottega Veneta\Top\SKU0052_1e247e9c7e71.jpg,1e247e9c7e7142fb1f5e1b48cbc56e315475a7b333c9a83a02d6b772d176f6ef,,,官网商品页（动态图片）,"[""https://www.bottegaveneta.com/en-us/cotton-and-cashmere-jersey-t-shirt-parchment-A0054DV6ZZ09107.html"", ""https://bottega-veneta.dam.kering.com/asset/f99593a0-3af6-4994-a9b6-83c572d0972f/Medium/A0054DV6ZZ09107_A.jpg?v=1""]"
SKU0053,Bottega Veneta,Top,Fluid Silk Satin Top,871550V6BD01010,https://www.bottegaveneta.com/en-us/fluid-silk-satin-top--double-black-871550V6BD01010.html,,https://www.bottegaveneta.com/en-us/fluid-silk-satin-top--double-black-871550V6BD01010.html,https://bottega-veneta.dam.kering.com/asset/eeea8848-511a-4379-aa4d-d14d925d671e/Medium/871550V6BD01010_A.jpg?v=1,downloaded,data\luxury-image-library\images\Bottega Veneta\Top\SKU0053_61f2515cc0c8.jpg,61f2515cc0c808294701b1d21c7b8cf976bf8e273f4a651e2069a43d35566c8c,,,官网商品页（动态图片）,"[""https://www.bottegaveneta.com/en-us/fluid-silk-satin-top--double-black-871550V6BD01010.html"", ""https://bottega-veneta.dam.kering.com/asset/eeea8848-511a-4379-aa4d-d14d925d671e/Medium/871550V6BD01010_A.jpg?v=1""]"
SKU0054,Bottega Veneta,Top,Compact Cotton Toile Top,869475V6D101010,https://www.bottegaveneta.com/en-us/compact-cotton-toile-top-double-black-869475V6D101010.html,,https://www.bottegaveneta.com/en-us/compact-cotton-toile-top-double-black-869475V6D101010.html,https://bottega-veneta.dam.kering.com/asset/d617aaa1-76c1-4f5b-9232-daa85c4a40a0/Medium/869475V6D101010_A.jpg?v=1,downloaded,data\luxury-image-library\images\Bottega Veneta\Top\SKU0054_bc3006896f94.jpg,bc3006896f9464e6f18405fc1db8574dd09d0a60011e82c4e97ddcef1895ab66,,,官网商品页（动态图片）,"[""https://www.bottegaveneta.com/en-us/compact-cotton-toile-top-double-black-869475V6D101010.html"", ""https://bottega-veneta.dam.kering.com/asset/d617aaa1-76c1-4f5b-9232-daa85c4a40a0/Medium/869475V6D101010_A.jpg?v=1""]"
SKU0055,Bottega Veneta,Top,Compact Cotton Toile Top,869475V6D109071,https://www.bottegaveneta.com/en-us/compact-cotton-toile-top-chalk-869475V6D109071.html,,https://www.bottegaveneta.com/en-us/compact-cotton-toile-top-chalk-869475V6D109071.html,https://bottega-veneta.dam.kering.com/asset/a083a326-34ee-4322-b64d-0ee75b0de091/Medium/869475V6D109071_A.jpg?v=1,downloaded,data\luxury-image-library\images\Bottega Veneta\Top\SKU0055_fdba2d0ec0a3.jpg,fdba2d0ec0a383500229182bd892e588b5f4d020d90fb8b5a36adc29b553aa2c,,,官网商品页（动态图片）,"[""https://www.bottegaveneta.com/en-us/compact-cotton-toile-top-chalk-869475V6D109071.html"", ""https://bottega-veneta.dam.kering.com/asset/a083a326-34ee-4322-b64d-0ee75b0de091/Medium/869475V6D109071_A.jpg?v=1""]"
SKU0056,Bottega Veneta,Top,Soft Wool Check Top,869475V6NG02951,https://www.bottegaveneta.com/en-us/soft-wool-check-top-chalk-carrubo-blue-869475V6NG02951.html,,https://www.bottegaveneta.com/en-us/soft-wool-check-top-chalk-carrubo-blue-869475V6NG02951.html,https://bottega-veneta.dam.kering.com/asset/6afb9104-d534-4735-ad68-4290a23c20a2/Medium/869475V6NG02951_A.jpg?v=1,downloaded,data\luxury-image-library\images\Bottega Veneta\Top\SKU0056_a34cf78f3780.jpg,a34cf78f378005190eb21829ed5d9e73d03d1f05bdb0b0156b4b2f340d0d1a3e,,,官网商品页（动态图片）,"[""https://www.bottegaveneta.com/en-us/soft-wool-check-top-chalk-carrubo-blue-869475V6NG02951.html"", ""https://bottega-veneta.dam.kering.com/asset/6afb9104-d534-4735-ad68-4290a23c20a2/Medium/869475V6NG02951_A.jpg?v=1""]"
SKU0057,Bottega Veneta,Top,Silk Knit Top,873890V6M301326,https://www.bottegaveneta.com/en-us/silk-knit-top-prosecco-873890V6M301326.html,,https://www.bottegaveneta.com/en-us/silk-knit-top-prosecco-873890V6M301326.html,https://bottega-veneta.dam.kering.com/asset/464bfeae-a35d-47e2-a399-3fec76201141/Medium/873890V6M301326_A.jpg?v=1,downloaded,data\luxury-image-library\images\Bottega Veneta\Top\SKU0057_8019b3243345.jpg,8019b324334550e043e0aed3fe7e1ffbad2ebe54e75225fc4f31405b3c9f536c,,,官网商品页（动态图片）,"[""https://www.bottegaveneta.com/en-us/silk-knit-top-prosecco-873890V6M301326.html"", ""https://bottega-veneta.dam.kering.com/asset/464bfeae-a35d-47e2-a399-3fec76201141/Medium/873890V6M301326_A.jpg?v=1""]"
SKU0058,Bottega Veneta,Top,Printed Silk Twill Body,875076V6PS04075,https://www.bottegaveneta.com/en-us/printed-silk-twill-body-midnight-blue-chalk-875076V6PS04075.html,,https://www.bottegaveneta.com/en-us/printed-silk-twill-body-midnight-blue-chalk-875076V6PS04075.html,https://bottega-veneta.dam.kering.com/asset/98017563-480f-482d-b142-2d32b70800a4/Medium/875076V6PS04075_A.jpg?v=1,downloaded,data\luxury-image-library\images\Bottega Veneta\Top\SKU0058_8c1bcd7caed0.jpg,8c1bcd7caed01556b8dcc1006d1c496723a6370ee374886aa2d4d815860fb6ea,,,官网商品页（动态图片）,"[""https://www.bottegaveneta.com/en-us/printed-silk-twill-body-midnight-blue-chalk-875076V6PS04075.html"", ""https://bottega-veneta.dam.kering.com/asset/98017563-480f-482d-b142-2d32b70800a4/Medium/875076V6PS04075_A.jpg?v=1""]"
SKU0059,Bottega Veneta,Top,Printed Silk Twill Top,869475V6PS04075,https://www.bottegaveneta.com/en-us/printed-silk-twill-top-midnight-blue-chalk-869475V6PS04075.html,,https://www.bottegaveneta.com/en-us/printed-silk-twill-top-midnight-blue-chalk-869475V6PS04075.html,https://bottega-veneta.dam.kering.com/asset/d9bda5da-82b3-4f59-8847-376e727d2733/Medium/869475V6PS04075_A.jpg?v=1,downloaded,data\luxury-image-library\images\Bottega Veneta\Top\SKU0059_8145d4f5964f.jpg,8145d4f5964ff4c7180d7f26f6607b7691316806d3208cc1ce6fd61e8e2a861d,,,官网商品页（动态图片）,"[""https://www.bottegaveneta.com/en-us/printed-silk-twill-top-midnight-blue-chalk-869475V6PS04075.html"", ""https://bottega-veneta.dam.kering.com/asset/d9bda5da-82b3-4f59-8847-376e727d2733/Medium/869475V6PS04075_A.jpg?v=1""]"
SKU0060,Bottega Veneta,Top,Cashmere T-Shirt,A002SGV4B706134,https://www.bottegaveneta.com/en-us/cashmere-t-shirt-pop-red-A002SGV4B706134.html,,https://www.bottegaveneta.com/en-us/cashmere-t-shirt-pop-red-A002SGV4B706134.html,https://bottega-veneta.dam.kering.com/asset/393277ad-b92b-4759-b098-9f926c801e28/Medium/A002SGV4B706134_A.jpg?v=1,downloaded,data\luxury-image-library\images\Bottega Veneta\Top\SKU0060_42b714a0b7a3.jpg,42b714a0b7a3a06a61254950f98a49510f5cf071e4fc0a99837dccd730761574,,,官网商品页（动态图片）,"[""https://www.bottegaveneta.com/en-us/cashmere-t-shirt-pop-red-A002SGV4B706134.html"", ""https://bottega-veneta.dam.kering.com/asset/393277ad-b92b-4759-b098-9f926c801e28/Medium/A002SGV4B706134_A.jpg?v=1""]"
SKU0061,Bottega Veneta,Top,Cashmere T-Shirt,A002SGV4B709071,https://www.bottegaveneta.com/en-us/cashmere-t-shirt-chalk-A002SGV4B709071.html,,https://www.bottegaveneta.com/en-us/cashmere-t-shirt-chalk-A002SGV4B709071.html,https://bottega-veneta.dam.kering.com/asset/69b9b7de-09e5-43a7-b833-8daeb083028e/Medium/A002SGV4B709071_A.jpg?v=1,downloaded,data\luxury-image-library\images\Bottega Veneta\Top\SKU0061_6208385bf84f.jpg,6208385bf84fb39832aad6930e9743e16b029db3fed383cd3365d7f749bb5b14,,,官网商品页（动态图片）,"[""https://www.bottegaveneta.com/en-us/cashmere-t-shirt-chalk-A002SGV4B709071.html"", ""https://bottega-veneta.dam.kering.com/asset/69b9b7de-09e5-43a7-b833-8daeb083028e/Medium/A002SGV4B709071_A.jpg?v=1""]"
SKU0062,Bottega Veneta,Top,Cotton Jersey T-Shirt,A002TBV6GI09107,https://www.bottegaveneta.com/en-us/cotton-jersey-t-shirt-parchment-A002TBV6GI09107.html,,https://www.bottegaveneta.com/en-us/cotton-jersey-t-shirt-parchment-A002TBV6GI09107.html,https://bottega-veneta.dam.kering.com/asset/154162be-d0dc-47cc-9d39-6ca78ae6fac1/Medium/A002TBV6GI09107_A.jpg?v=2,downloaded,data\luxury-image-library\images\Bottega Veneta\Top\SKU0062_9ca69b2e8b01.jpg,9ca69b2e8b018a462e03a81f9f1309c2ae61e5f83632426b676b03b5c68b573d,,,官网商品页（动态图片）,"[""https://www.bottegaveneta.com/en-us/cotton-jersey-t-shirt-parchment-A002TBV6GI09107.html"", ""https://bottega-veneta.dam.kering.com/asset/154162be-d0dc-47cc-9d39-6ca78ae6fac1/Medium/A002TBV6GI09107_A.jpg?v=2""]"
SKU0063,Bottega Veneta,Bottom,Compact Wool Flannel Pants,A002ZYV6YL01160,https://bottega-veneta.dam.kering.com/asset/1b6acefe-b4b6-4eb3-b47f-351aa28f493d/Medium/A002ZYV6YL01160_A.jpg?v=1,https://bottega-veneta.dam.kering.com/asset/1b6acefe-b4b6-4eb3-b47f-351aa28f493d/Medium/A002ZYV6YL01160_A.jpg?v=1,https://www.bottegaveneta.com/en-us/compact-wool-flannel-pants-sterling-melange-A002ZYV6YL01160.html,https://bottega-veneta.dam.kering.com/asset/1b6acefe-b4b6-4eb3-b47f-351aa28f493d/Medium/A002ZYV6YL01160_A.jpg?v=1,downloaded,data\luxury-image-library\images\Bottega Veneta\Bottom\SKU0063_4c275892fc82.jpg,4c275892fc827830249e744a2fa91b5863907141b71d9f4c9a6f8e3df2a924da,,,官方CDN主图直链,"[""https://bottega-veneta.dam.kering.com/asset/1b6acefe-b4b6-4eb3-b47f-351aa28f493d/Medium/A002ZYV6YL01160_A.jpg?v=1""]"
SKU0064,Bottega Veneta,Bottom,Wool Grain De Poudre Pants,A003XTV66I01010,https://www.bottegaveneta.com/en-us/wool-grain-de-poudre-pants-double-black-A003XTV66I01010.html,,https://www.bottegaveneta.com/en-us/wool-grain-de-poudre-pants-double-black-A003XTV66I01010.html,https://bottega-veneta.dam.kering.com/asset/aad1a264-6830-4706-9fec-2e125a05d549/Medium/A003XTV66I01010_A.jpg?v=1,downloaded,data\luxury-image-library\images\Bottega Veneta\Bottom\SKU0064_4c6d2d6ff473.jpg,4c6d2d6ff473fef1f20d64ac7d3d1339a14d778174d93c7746b432bef8ffc475,,,官网商品页（动态图片）,"[""https://www.bottegaveneta.com/en-us/wool-grain-de-poudre-pants-double-black-A003XTV66I01010.html"", ""https://bottega-veneta.dam.kering.com/asset/aad1a264-6830-4706-9fec-2e125a05d549/Medium/A003XTV66I01010_A.jpg?v=1""]"
SKU0065,Bottega Veneta,Bottom,Wool Twill Pants,A002ZYV6YC03167,https://www.bottegaveneta.com/en-us/wool-twill-pants-tarragon-A002ZYV6YC03167.html,,https://www.bottegaveneta.com/en-us/wool-twill-pants-tarragon-A002ZYV6YC03167.html,https://bottega-veneta.dam.kering.com/asset/fbddc632-9dee-4460-982d-e537d6d2463a/Medium/A002ZYV6YC03167_A.jpg?v=1,downloaded,data\luxury-image-library\images\Bottega Veneta\Bottom\SKU0065_6bd66f534110.jpg,6bd66f5341106858e11b22d1b7901fbda3aa3d470d97bfca9c2e4267bbc55f5b,,,官网商品页（动态图片）,"[""https://www.bottegaveneta.com/en-us/wool-twill-pants-tarragon-A002ZYV6YC03167.html"", ""https://bottega-veneta.dam.kering.com/asset/fbddc632-9dee-4460-982d-e537d6d2463a/Medium/A002ZYV6YC03167_A.jpg?v=1""]"
SKU0066,Bottega Veneta,Bottom,Intrecciato Leather Pants,A007SUV6WX03167,https://www.bottegaveneta.com/en-us/intrecciato-leather-pants-tarragon-A007SUV6WX03167.html,,https://www.bottegaveneta.com/en-us/intrecciato-leather-pants-tarragon-A007SUV6WX03167.html,https://bottega-veneta.dam.kering.com/asset/c7c15f33-a460-45a3-b15b-a22a006b7a81/Medium/A007SUV6WX03167_A.jpg?v=1,downloaded,data\luxury-image-library\images\Bottega Veneta\Bottom\SKU0066_83cbcb720970.jpg,83cbcb720970a9cb830b041400b5ccea66cd4c961f18e93b8b4939b26b90ecf5,,,官网商品页（动态图片）,"[""https://www.bottegaveneta.com/en-us/intrecciato-leather-pants-tarragon-A007SUV6WX03167.html"", ""https://bottega-veneta.dam.kering.com/asset/c7c15f33-a460-45a3-b15b-a22a006b7a81/Medium/A007SUV6WX03167_A.jpg?v=1""]"
SKU0067,Bottega Veneta,Bottom,Wool Mohair Pants,876661V6O204418,https://www.bottegaveneta.com/en-us/wool-mohair-pants-blue-gray-melange-876661V6O204418.html,,https://www.bottegaveneta.com/en-us/wool-mohair-pants-blue-gray-melange-876661V6O204418.html,https://bottega-veneta.dam.kering.com/asset/c929e4b7-110f-435b-97b2-a07e89e1037e/Medium/876661V6O204418_A.jpg?v=1,downloaded,data\luxury-image-library\images\Bottega Veneta\Bottom\SKU0067_050522315043.jpg,050522315043e66712bddc4b8cf436f78b12db5623eccdfa5829468e0b8eadb3,,,官网商品页（动态图片）,"[""https://www.bottegaveneta.com/en-us/wool-mohair-pants-blue-gray-melange-876661V6O204418.html"", ""https://bottega-veneta.dam.kering.com/asset/c929e4b7-110f-435b-97b2-a07e89e1037e/Medium/876661V6O204418_A.jpg?v=1""]"
SKU0068,Bottega Veneta,Bottom,Wool Cotton Pants,876661V6NB02512,https://www.bottegaveneta.com/en-us/wool-cotton-pants-beige-light-blue-876661V6NB02512.html,,https://www.bottegaveneta.com/en-us/wool-cotton-pants-beige-light-blue-876661V6NB02512.html,https://bottega-veneta.dam.kering.com/asset/7eb6fb0e-2ee7-4d49-98b4-e091d39e11c9/Medium/876661V6NB02512_A.jpg?v=1,downloaded,data\luxury-image-library\images\Bottega Veneta\Bottom\SKU0068_9f058258326b.jpg,9f058258326b7ed9ffb127f985f42f5809ea6eaa4f912276188fbe47dc6bc2b0,,,官网商品页（动态图片）,"[""https://www.bottegaveneta.com/en-us/wool-cotton-pants-beige-light-blue-876661V6NB02512.html"", ""https://bottega-veneta.dam.kering.com/asset/7eb6fb0e-2ee7-4d49-98b4-e091d39e11c9/Medium/876661V6NB02512_A.jpg?v=1""]"
SKU0069,Bottega Veneta,Bottom,Prince Of Wales Wool Pants,876661V6NC02207,https://www.bottegaveneta.com/en-us/prince-of-wales-wool-pants-silt-stucco-melange-876661V6NC02207.html,,https://www.bottegaveneta.com/en-us/prince-of-wales-wool-pants-silt-stucco-melange-876661V6NC02207.html,https://bottega-veneta.dam.kering.com/asset/beaecc25-2cb7-4f61-a6d9-45681e6bf818/Medium/876661V6NC02207_A.jpg?v=1,downloaded,data\luxury-image-library\images\Bottega Veneta\Bottom\SKU0069_61a6b7e7934e.jpg,61a6b7e7934ecc54e3e4f2b9adab118fef4366b5d9b1329e90a7a3ba054bbd62,,,官网商品页（动态图片）,"[""https://www.bottegaveneta.com/en-us/prince-of-wales-wool-pants-silt-stucco-melange-876661V6NC02207.html"", ""https://bottega-veneta.dam.kering.com/asset/beaecc25-2cb7-4f61-a6d9-45681e6bf818/Medium/876661V6NC02207_A.jpg?v=1""]"
SKU0070,Bottega Veneta,Bottom,Medium Indigo Wide Leg Jeans,A003AHV69P04300,https://bottega-veneta.dam.kering.com/asset/a380443b-9d6c-4567-a1c9-0a1e7a354073/Medium/A003AHV69P04300_A.jpg?v=1,https://bottega-veneta.dam.kering.com/asset/a380443b-9d6c-4567-a1c9-0a1e7a354073/Medium/A003AHV69P04300_A.jpg?v=1,https://www.bottegaveneta.com/en-us/medium-indigo-wide-leg-jeans-mid-blue-A003AHV69P04300.html,https://bottega-veneta.dam.kering.com/asset/a380443b-9d6c-4567-a1c9-0a1e7a354073/Medium/A003AHV69P04300_A.jpg?v=1,downloaded,data\luxury-image-library\images\Bottega Veneta\Bottom\SKU0070_70659c3b21e4.jpg,70659c3b21e450fa8eae3b39f999b03459e78479f4073fafcce6b228c3302c32,,,官方CDN主图直链,"[""https://bottega-veneta.dam.kering.com/asset/a380443b-9d6c-4567-a1c9-0a1e7a354073/Medium/A003AHV69P04300_A.jpg?v=1""]"
SKU0071,Bottega Veneta,Bottom,Dark Indigo Wide Leg Jeans,A003AHV70I04023,https://www.bottegaveneta.com/en-us/dark-indigo-wide-leg-jeans-dark-indigo-A003AHV70I04023.html,,https://www.bottegaveneta.com/en-us/dark-indigo-wide-leg-jeans-dark-indigo-A003AHV70I04023.html,https://bottega-veneta.dam.kering.com/asset/91c4aa23-d4a8-4a58-8077-b085639a83a6/Medium/A003AHV70I04023_A.jpg?v=1,downloaded,data\luxury-image-library\images\Bottega Veneta\Bottom\SKU0071_dc0cfa7cdb9f.jpg,dc0cfa7cdb9f5ad52477a4c7bb0a523b816149ac55436acb81d6cce18158ad77,,,官网商品页（动态图片）,"[""https://www.bottegaveneta.com/en-us/dark-indigo-wide-leg-jeans-dark-indigo-A003AHV70I04023.html"", ""https://bottega-veneta.dam.kering.com/asset/91c4aa23-d4a8-4a58-8077-b085639a83a6/Medium/A003AHV70I04023_A.jpg?v=1""]"
SKU0072,Bottega Veneta,Bottom,Overdyed Wide Leg Jeans,862817V6SV04128,https://www.bottegaveneta.com/en-us/overdyed-wide-leg-jeans-midnight-862817V6SV04128.html,,https://www.bottegaveneta.com/en-us/overdyed-wide-leg-jeans-midnight-862817V6SV04128.html,https://bottega-veneta.dam.kering.com/asset/4caa22c8-db1f-4050-b1b5-13c3626846b2/Medium/862817V6SV04128_A.jpg?v=1,downloaded,data\luxury-image-library\images\Bottega Veneta\Bottom\SKU0072_495203e13bc5.jpg,495203e13bc52598ac37d9a5b3556641ee4fe2e8b6ffda1f93c561cf274b4919,,,官网商品页（动态图片）,"[""https://www.bottegaveneta.com/en-us/overdyed-wide-leg-jeans-midnight-862817V6SV04128.html"", ""https://bottega-veneta.dam.kering.com/asset/4caa22c8-db1f-4050-b1b5-13c3626846b2/Medium/862817V6SV04128_A.jpg?v=1""]"
SKU0073,Bottega Veneta,Bottom,Atlantic Blue Wide Leg Jeans,862817V6SL04300,https://www.bottegaveneta.com/en-us/atlantic-blue-wide-leg-jeans-mid-blue-862817V6SL04300.html,,https://www.bottegaveneta.com/en-us/atlantic-blue-wide-leg-jeans-mid-blue-862817V6SL04300.html,https://bottega-veneta.dam.kering.com/asset/17101487-e370-4221-9fd8-f435c180d731/Medium/862817V6SL04300_A.jpg?v=1,downloaded,data\luxury-image-library\images\Bottega Veneta\Bottom\SKU0073_d92318b88ca1.jpg,d92318b88ca13ef41181977ea0039f0019ac173f29856c3ca4667a02096378f2,,,官网商品页（动态图片）,"[""https://www.bottegaveneta.com/en-us/atlantic-blue-wide-leg-jeans-mid-blue-862817V6SL04300.html"", ""https://bottega-veneta.dam.kering.com/asset/17101487-e370-4221-9fd8-f435c180d731/Medium/862817V6SL04300_A.jpg?v=1""]"
SKU0074,Bottega Veneta,Bottom,Sky Bleached Wide Leg Jeans,862817V69R04946,https://www.bottegaveneta.com/en-us/sky-bleached-wide-leg-jeans-light-bleach-862817V69R04946.html,,https://www.bottegaveneta.com/en-us/sky-bleached-wide-leg-jeans-light-bleach-862817V69R04946.html,https://bottega-veneta.dam.kering.com/asset/13524ffc-5f88-436a-a507-d4601eda2d07/Medium/862817V69R04946_A.jpg?v=1,downloaded,data\luxury-image-library\images\Bottega Veneta\Bottom\SKU0074_6242eba03847.jpg,6242eba038471cba10beca301d2b4cb8be9e362364e1e24a3b523541d8e0982a,,,官网商品页（动态图片）,"[""https://www.bottegaveneta.com/en-us/sky-bleached-wide-leg-jeans-light-bleach-862817V69R04946.html"", ""https://bottega-veneta.dam.kering.com/asset/13524ffc-5f88-436a-a507-d4601eda2d07/Medium/862817V69R04946_A.jpg?v=1""]"
SKU0075,Bottega Veneta,Bottom,Faded Black Wide Leg Jeans,862817V69O01000,https://www.bottegaveneta.com/en-us/faded-black-wide-leg-jeans-black-862817V69O01000.html,,https://www.bottegaveneta.com/en-us/faded-black-wide-leg-jeans-black-862817V69O01000.html,https://bottega-veneta.dam.kering.com/asset/1eb4556c-5ec1-4e8f-89d5-ea1ac2a60428/Medium/862817V69O01000_A.jpg?v=2,downloaded,data\luxury-image-library\images\Bottega Veneta\Bottom\SKU0075_c937b4fbd340.jpg,c937b4fbd34069c11fa162b6230a001aeab0072ec1a9c5c7d791e84fb128a0ac,,,官网商品页（动态图片）,"[""https://www.bottegaveneta.com/en-us/faded-black-wide-leg-jeans-black-862817V69O01000.html"", ""https://bottega-veneta.dam.kering.com/asset/1eb4556c-5ec1-4e8f-89d5-ea1ac2a60428/Medium/862817V69O01000_A.jpg?v=2""]"
SKU0076,Bottega Veneta,Bottom,Medium Indigo Straight Jeans,862816V69P04300,https://www.bottegaveneta.com/en-us/medium-indigo-straight-jeans-mid-blue-862816V69P04300.html,,https://www.bottegaveneta.com/en-us/medium-indigo-straight-jeans-mid-blue-862816V69P04300.html,https://bottega-veneta.dam.kering.com/asset/4649b782-49d8-4140-ab8c-9fa5beba7e9b/Medium/862816V69P04300_A.jpg?v=2,downloaded,data\luxury-image-library\images\Bottega Veneta\Bottom\SKU0076_e4a2f344b32f.jpg,e4a2f344b32f1bcf1a33f3bcbd7dc70ed0000fbccd013334f9a0019d652541bb,,,官网商品页（动态图片）,"[""https://www.bottegaveneta.com/en-us/medium-indigo-straight-jeans-mid-blue-862816V69P04300.html"", ""https://bottega-veneta.dam.kering.com/asset/4649b782-49d8-4140-ab8c-9fa5beba7e9b/Medium/862816V69P04300_A.jpg?v=2""]"
SKU0077,Bottega Veneta,Bottom,Medium Indigo Flared Jeans,864997V69P04300,https://www.bottegaveneta.com/en-us/medium-indigo-flared-jeans-mid-blue-864997V69P04300.html,,https://www.bottegaveneta.com/en-us/medium-indigo-flared-jeans-mid-blue-864997V69P04300.html,https://bottega-veneta.dam.kering.com/asset/84f9b0a5-058e-407c-a79e-f8f52d538a02/Medium/864997V69P04300_A.jpg?v=2,downloaded,data\luxury-image-library\images\Bottega Veneta\Bottom\SKU0077_58ef57257027.jpg,58ef57257027e7029e7d217cb629fe233e91da717603119eff8648440eaa419e,,,官网商品页（动态图片）,"[""https://www.bottegaveneta.com/en-us/medium-indigo-flared-jeans-mid-blue-864997V69P04300.html"", ""https://bottega-veneta.dam.kering.com/asset/84f9b0a5-058e-407c-a79e-f8f52d538a02/Medium/864997V69P04300_A.jpg?v=2""]"
SKU0078,LOEWE,Bottom,Anagram Baggy Jeans in Denim,S359Y11XEV-2100,https://www.loewe.com/int/en/hidden_master/anagram-baggy-jeans-in-denim/S359Y11XEV-2100.html,,https://www.loewe.com/int/en/hidden_master/anagram-baggy-jeans-in-denim/S359Y11XEV-2100.html,https://www.loewe.com/dw/image/v2/BBPC_PRD/on/demandware.static/-/Sites-Loewe_master/default/dwecd35ff4/images_rd/S359Y11XEV/S359Y11XEV-2100/S359Y11XEV_2100_1A.jpg?sw=750&q=100,downloaded,data\luxury-image-library\images\LOEWE\Bottom\SKU0078_deb0a8faa44a.jpg,deb0a8faa44a16c3cb7be99995af51f2decfd9d7fcc510d1140238ed729297da,,,官网商品页（动态图片）,"[""https://www.loewe.com/usa/en/hidden_master/anagram-baggy-jeans-in-denim/S359Y11XEV-2100.html"", ""https://www.loewe.com/mobify/bundle/2308/vendor.js"", ""https://www.loewe.com/mobify/bundle/2308/product-detail.js"", ""https://www.loewe.com/mobify/bundle/2308/main.js"", ""https://www.loewe.com/mobify/bundle/2308/902.js"", ""https://www.loewe.com/mobify/bundle/2308/2390.js"", ""https://www.loewe.com/dw/image/v2/BBPC_PRD/on/demandware.static/-/Sites-Loewe_master/default/dwecd35ff4/images_rd/S359Y11XEV/S359Y11XEV-2100/S359Y11XEV_2100_1A.jpg?sw=750&q=100""]"
SKU0079,Prada,Bottom,Re-Nylon Pants,22H942_1WQ9_F04WV_S_OOO,https://www.prada.com/content/dam/pradabkg_products/2/22H/22H942/1WQ9F04WV/22H942_1WQ9_F04WV_S_OOO_SLF.jpg,https://www.prada.com/content/dam/pradabkg_products/2/22H/22H942/1WQ9F04WV/22H942_1WQ9_F04WV_S_OOO_SLF.jpg,https://www.prada.com/us/en/p/re-nylon-pants/22H942_1WQ9_F04WV_S_OOO,https://www.prada.com/content/dam/pradabkg_products/2/22H/22H942/1WQ9F04WV/22H942_1WQ9_F04WV_S_OOO_SLF.jpg,downloaded,data\luxury-image-library\images\Prada\Bottom\SKU0079_14d8d9baedbf.jpg,14d8d9baedbf5966a427389bd26ff2da9d1c7364e11c4ee9355bad0a83a13c5e,,,官方DAM主图直链,"[""https://www.prada.com/content/dam/pradabkg_products/2/22H/22H942/1WQ9F04WV/22H942_1WQ9_F04WV_S_OOO_SLF.jpg""]"
SKU0080,Balenciaga,Bottom,Tracksuit Pants,809855174,https://www.balenciaga.com/en-en/tracksuit-pants-tango-red-809855174.html,,https://www.balenciaga.com/en-en/tracksuit-pants-tango-red-809855174.html,https://balenciaga.dam.kering.com/m/396ad13887e4ffe2/Medium-659094TKQ126131_F.jpg?v=3,downloaded,data\luxury-image-library\images\Balenciaga\Bottom\SKU0080_bdabea69076a.jpg,bdabea69076ae69bcd4a03c24bbcb0700d626356beb909a766d8087d29dddaa0,,,官网商品页（动态图片）,"[""https://www.balenciaga.com/en-en/tracksuit-pants-tango-red-809855174.html"", ""https://balenciaga.dam.kering.com/m/396ad13887e4ffe2/Medium-659094TKQ126131_F.jpg?v=3""]"
SKU0081,Bottega Veneta,Bag,Mini Jodie,651876VCPP52376,https://bottega-veneta.dam.kering.com/asset/1f0e9724-9e15-4524-bfe5-3a99e476f91e/Medium/651876VCPP52376_A.jpg?v=1,https://bottega-veneta.dam.kering.com/asset/1f0e9724-9e15-4524-bfe5-3a99e476f91e/Medium/651876VCPP52376_A.jpg?v=1,https://www.bottegaveneta.com/en-us/mini-jodie-tannin-651876VCPP52376.html,https://bottega-veneta.dam.kering.com/asset/1f0e9724-9e15-4524-bfe5-3a99e476f91e/Medium/651876VCPP52376_A.jpg?v=1,downloaded,data\luxury-image-library\images\Bottega Veneta\Bag\SKU0081_d85666249cc0.jpg,d85666249cc0e6e702342a52e5ab76b36d50c64f727c74d953efd16c3ebe4164,,,官方CDN主图直链,"[""https://bottega-veneta.dam.kering.com/asset/1f0e9724-9e15-4524-bfe5-3a99e476f91e/Medium/651876VCPP52376_A.jpg?v=1""]"
SKU0082,Bottega Veneta,Bag,Mini Jodie,651876VCPP52916,https://bottega-veneta.dam.kering.com/m/27082bd3e3bc16f5/Medium-651876VCPP52916_A.jpg?v=3,https://bottega-veneta.dam.kering.com/m/27082bd3e3bc16f5/Medium-651876VCPP52916_A.jpg?v=3,https://www.bottegaveneta.com/en-us/mini-jodie-travertine-651876VCPP52916.html,https://bottega-veneta.dam.kering.com/m/27082bd3e3bc16f5/Medium-651876VCPP52916_A.jpg?v=3,downloaded,data\luxury-image-library\images\Bottega Veneta\Bag\SKU0082_3f7d8b1eedbf.jpg,3f7d8b1eedbf19a3ae3b5e6f41e878cc1982e901a0fb457dad37e9f5a896407e,,,官方CDN主图直链,"[""https://bottega-veneta.dam.kering.com/m/27082bd3e3bc16f5/Medium-651876VCPP52916_A.jpg?v=3""]"
SKU0083,Bottega Veneta,Bag,Mini Jodie,651876VCPP58803,https://bottega-veneta.dam.kering.com/m/12eb457e94353eb9/Medium-651876VCPP58803_A.jpg?v=8,https://bottega-veneta.dam.kering.com/m/12eb457e94353eb9/Medium-651876VCPP58803_A.jpg?v=8,https://www.bottegaveneta.com/en-us/mini-jodie-black-651876VCPP58803.html,https://bottega-veneta.dam.kering.com/m/12eb457e94353eb9/Medium-651876VCPP58803_A.jpg?v=8,downloaded,data\luxury-image-library\images\Bottega Veneta\Bag\SKU0083_175fac9b2090.jpg,175fac9b2090a47af45b838c48aeb374a49713c0a516d90240c3226907cdb654,,,官方CDN主图直链,"[""https://bottega-veneta.dam.kering.com/m/12eb457e94353eb9/Medium-651876VCPP58803_A.jpg?v=8""]"
SKU0084,Bottega Veneta,Bag,Mini Jodie,651876VCPP59143,https://bottega-veneta.dam.kering.com/m/1261504313b2a1/Medium-651876VCPP59143_A.jpg?v=10,https://bottega-veneta.dam.kering.com/m/1261504313b2a1/Medium-651876VCPP59143_A.jpg?v=10,https://www.bottegaveneta.com/en-us/mini-jodie-chalk-651876VCPP59143.html,https://bottega-veneta.dam.kering.com/m/1261504313b2a1/Medium-651876VCPP59143_A.jpg?v=10,downloaded,data\luxury-image-library\images\Bottega Veneta\Bag\SKU0084_93f521bcc2ea.jpg,93f521bcc2eace6a4d41d77006acd87c75872a091575d7f87e95f716da450254,,,官方CDN主图直链,"[""https://bottega-veneta.dam.kering.com/m/1261504313b2a1/Medium-651876VCPP59143_A.jpg?v=10""]"
SKU0085,Bottega Veneta,Bag,Mini Jodie,651876VCPP54333,https://bottega-veneta.dam.kering.com/asset/04fd5b93-1f2f-4c19-809a-ac3b95fafbc3/Medium/651876VCPP54333_A.jpg?v=1,https://bottega-veneta.dam.kering.com/asset/04fd5b93-1f2f-4c19-809a-ac3b95fafbc3/Medium/651876VCPP54333_A.jpg?v=1,https://www.bottegaveneta.com/en-us/mini-jodie-midnight-651876VCPP54333.html,https://bottega-veneta.dam.kering.com/asset/04fd5b93-1f2f-4c19-809a-ac3b95fafbc3/Medium/651876VCPP54333_A.jpg?v=1,downloaded,data\luxury-image-library\images\Bottega Veneta\Bag\SKU0085_7da0338583d7.jpg,7da0338583d707570c62b259672c5e699311121e411d947df9ec0fad03dc9b85,,,官方CDN主图直链,"[""https://bottega-veneta.dam.kering.com/asset/04fd5b93-1f2f-4c19-809a-ac3b95fafbc3/Medium/651876VCPP54333_A.jpg?v=1""]"
SKU0086,Bottega Veneta,Bag,Mini Jodie,A00302V6RE19535,https://bottega-veneta.dam.kering.com/asset/22970c11-6bb8-47ed-8368-0fef6ad286c2/Medium/A00302V6RE19535_A.jpg?v=1,https://bottega-veneta.dam.kering.com/asset/22970c11-6bb8-47ed-8368-0fef6ad286c2/Medium/A00302V6RE19535_A.jpg?v=1,https://www.bottegaveneta.com/en-us/mini-jodie-kiwi-alabaster-straw-A00302V6RE19535.html,https://bottega-veneta.dam.kering.com/asset/22970c11-6bb8-47ed-8368-0fef6ad286c2/Medium/A00302V6RE19535_A.jpg?v=1,downloaded,data\luxury-image-library\images\Bottega Veneta\Bag\SKU0086_93cf42798578.jpg,93cf427985784b21303be3adaae6b9fefca6bcbbc1757da4ae8ec6dde61f9a1f,,,官方CDN主图直链,"[""https://bottega-veneta.dam.kering.com/asset/22970c11-6bb8-47ed-8368-0fef6ad286c2/Medium/A00302V6RE19535_A.jpg?v=1""]"
SKU0087,Bottega Veneta,Bag,Mini Jodie,651876V5ZZ01676,https://bottega-veneta.dam.kering.com/asset/1cbe9379-50fb-4778-bfe2-794bbe713591/Medium/651876V5ZZ01676_A.jpg?v=1,https://bottega-veneta.dam.kering.com/asset/1cbe9379-50fb-4778-bfe2-794bbe713591/Medium/651876V5ZZ01676_A.jpg?v=1,https://www.bottegaveneta.com/en-us/mini-jodie-mineral-651876V5ZZ01676.html,https://bottega-veneta.dam.kering.com/asset/1cbe9379-50fb-4778-bfe2-794bbe713591/Medium/651876V5ZZ01676_A.jpg?v=1,downloaded,data\luxury-image-library\images\Bottega Veneta\Bag\SKU0087_67510eadbfb4.jpg,67510eadbfb4b0ab9742dbb89488c4001ac28aa9291d9df42a39e2a3be0fa036,,,官方CDN主图直链,"[""https://bottega-veneta.dam.kering.com/asset/1cbe9379-50fb-4778-bfe2-794bbe713591/Medium/651876V5ZZ01676_A.jpg?v=1""]"
SKU0088,Bottega Veneta,Bag,Mini Jodie,651876V4P108922,https://bottega-veneta.dam.kering.com/m/8f6b716ff8ce4db/Medium-651876V4P108922_A.jpg?v=2,https://bottega-veneta.dam.kering.com/m/8f6b716ff8ce4db/Medium-651876V4P108922_A.jpg?v=2,https://www.bottegaveneta.com/en-us/mini-jodie-gold-651876V4P108922.html,https://bottega-veneta.dam.kering.com/m/8f6b716ff8ce4db/Medium-651876V4P108922_A.jpg?v=2,downloaded,data\luxury-image-library\images\Bottega Veneta\Bag\SKU0088_0944efc01836.jpg,0944efc01836477934442b0f7ae10dda7a979fa2902004ea10a75efd01d1bbb8,,,官方CDN主图直链,"[""https://bottega-veneta.dam.kering.com/m/8f6b716ff8ce4db/Medium-651876V4P108922_A.jpg?v=2""]"
SKU0089,Bottega Veneta,Bag,Jodie,600261VCPP06146,https://bottega-veneta.dam.kering.com/asset/575c7871-2b94-4605-839e-f37aeb302c9d/Medium/600261VCPP06146_A.jpg?v=1,https://bottega-veneta.dam.kering.com/asset/575c7871-2b94-4605-839e-f37aeb302c9d/Medium/600261VCPP06146_A.jpg?v=1,https://www.bottegaveneta.com/en-us/jodie-deep-mahogany-600261VCPP06146.html,https://bottega-veneta.dam.kering.com/asset/575c7871-2b94-4605-839e-f37aeb302c9d/Medium/600261VCPP06146_A.jpg?v=1,downloaded,data\luxury-image-library\images\Bottega Veneta\Bag\SKU0089_3e54671165b9.jpg,3e54671165b9d7889ceccffdd1d475425a2825253559e04f17b2abb4fb2d4000,,,官方CDN主图直链,"[""https://bottega-veneta.dam.kering.com/asset/575c7871-2b94-4605-839e-f37aeb302c9d/Medium/600261VCPP06146_A.jpg?v=1""]"
SKU0090,Bottega Veneta,Bag,Jodie,600261VCPP02132,https://bottega-veneta.dam.kering.com/asset/f9c74508-1d09-4d9c-82da-8114c361f4b4/Medium/600261VCPP02132_A.jpg?v=5,https://bottega-veneta.dam.kering.com/asset/f9c74508-1d09-4d9c-82da-8114c361f4b4/Medium/600261VCPP02132_A.jpg?v=5,https://www.bottegaveneta.com/en-us/jodie-fondant-600261VCPP02132.html,https://bottega-veneta.dam.kering.com/asset/f9c74508-1d09-4d9c-82da-8114c361f4b4/Medium/600261VCPP02132_A.jpg?v=5,downloaded,data\luxury-image-library\images\Bottega Veneta\Bag\SKU0090_1f1cbfa91517.jpg,1f1cbfa915171060e30172943959c7e716be1fab805b07c0123e5864d657ea8f,,,官方CDN主图直链,"[""https://bottega-veneta.dam.kering.com/asset/f9c74508-1d09-4d9c-82da-8114c361f4b4/Medium/600261VCPP02132_A.jpg?v=5""]"
SKU0091,Bottega Veneta,Bag,Jodie,600261V6FQ04548,https://bottega-veneta.dam.kering.com/asset/2a4f7ddc-4733-40c1-9258-4a3721749e39/Medium/600261V6FQ04548_A.jpg?v=2,https://bottega-veneta.dam.kering.com/asset/2a4f7ddc-4733-40c1-9258-4a3721749e39/Medium/600261V6FQ04548_A.jpg?v=2,https://www.bottegaveneta.com/en-us/jodie-cloudy-indigo-600261V6FQ04548.html,https://bottega-veneta.dam.kering.com/asset/2a4f7ddc-4733-40c1-9258-4a3721749e39/Medium/600261V6FQ04548_A.jpg?v=2,downloaded,data\luxury-image-library\images\Bottega Veneta\Bag\SKU0091_d574492be1a2.jpg,d574492be1a2e0bd4842ad846f0736bed84941c8415419ab8715afac9073c335,,,官方CDN主图直链,"[""https://bottega-veneta.dam.kering.com/asset/2a4f7ddc-4733-40c1-9258-4a3721749e39/Medium/600261V6FQ04548_A.jpg?v=2""]"
SKU0092,Bottega Veneta,Bag,Jodie,600261V5ZZ03785,https://bottega-veneta.dam.kering.com/asset/2fad618f-5b51-4851-ae3e-68a7228ee5af/Medium/600261V5ZZ03785_A.jpg?v=1,https://bottega-veneta.dam.kering.com/asset/2fad618f-5b51-4851-ae3e-68a7228ee5af/Medium/600261V5ZZ03785_A.jpg?v=1,https://www.bottegaveneta.com/en-us/jodie-green-tweed-600261V5ZZ03785.html,https://bottega-veneta.dam.kering.com/asset/2fad618f-5b51-4851-ae3e-68a7228ee5af/Medium/600261V5ZZ03785_A.jpg?v=1,downloaded,data\luxury-image-library\images\Bottega Veneta\Bag\SKU0092_a50df222e533.jpg,a50df222e53377f5f20985270525935054312c37a1579f8368c6b49188b1cf95,,,官方CDN主图直链,"[""https://bottega-veneta.dam.kering.com/asset/2fad618f-5b51-4851-ae3e-68a7228ee5af/Medium/600261V5ZZ03785_A.jpg?v=1""]"
SKU0093,CHANEL,Bag,Classic 11.12 Handbag,A01112Y0129594305,https://www.chanel.com/us/fashion/p/A01112Y0129594305/classic-11-12-handbag-lambskin-gold-tone-metal/,,https://www.chanel.com/us/fashion/p/A01112Y0129594305/classic-11-12-handbag-lambskin-gold-tone-metal/,,failed,,,HTTPError: HTTP Error 403: Forbidden | HTTPError: HTTP Error 403: Forbidden | HTTPError: HTTP Error 403: Forbidden,,官网商品页（动态图片）,[]
SKU0094,CHANEL,Bag,CHANEL 25 Small Handbag,AS5293B24748U9397,https://www.chanel.com/us/fashion/p/AS5293B24748U9397/chanel-25-small-handbag-washed-denim-gold-tone-metal/,,https://www.chanel.com/us/fashion/p/AS5293B24748U9397/chanel-25-small-handbag-washed-denim-gold-tone-metal/,https://www.chanel.com/_ui/responsive/theme-onechanel/assets/media/favicon/192x192.png,downloaded,data\luxury-image-library\images\CHANEL\Bag\SKU0094_c7ae9a858fbe.png,c7ae9a858fbec77d6b886cf1054662936e2420c5850a7b3f8a3299082e1411d2,,,官网商品页（动态图片）,"[""https://www.chanel.com/us/fashion/p/AS5293B24748U9397/chanel-25-small-handbag-washed-denim-gold-tone-metal/"", ""https://www.chanel.com/_ui/responsive/theme-onechanel/assets/media/favicon/192x192.png""]"
SKU0095,Miu Miu,Outerwear,Denim trucker jacket,GWB252_16T8_F0008_S_OOO,https://www.miumiu.com/content/dam/miumiubkg_products/G/GWB/GWB252/16T8F0008/GWB252_16T8_F0008_S_OOO_SLF.jpg,https://www.miumiu.com/content/dam/miumiubkg_products/G/GWB/GWB252/16T8F0008/GWB252_16T8_F0008_S_OOO_SLF.jpg,https://www.miumiu.com/us/en/p/denim-trucker-jacket/GWB252_16T8_F0008_S_OOO,https://www.miumiu.com/content/dam/miumiubkg_products/G/GWB/GWB252/16T8F0008/GWB252_16T8_F0008_S_OOO_SLF.jpg,downloaded,data\luxury-image-library\images\Miu Miu\Outerwear\SKU0095_396eab4d1ab5.jpg,396eab4d1ab5d13eb6f5886cc21e8140d64ee6e0bb6c1d6fa91ddc67c9f7e674,,,官方DAM主图直链,"[""https://www.miumiu.com/content/dam/miumiubkg_products/G/GWB/GWB252/16T8F0008/GWB252_16T8_F0008_S_OOO_SLF.jpg""]"
SKU0096,Miu Miu,Outerwear,Light denim blouson jacket,GWB149_17N0_F0006_S_OOO,https://www.miumiu.com/content/dam/miumiubkg_products/G/GWB/GWB149/17N0F0006/GWB149_17N0_F0006_S_OOO_SLF.jpg,https://www.miumiu.com/content/dam/miumiubkg_products/G/GWB/GWB149/17N0F0006/GWB149_17N0_F0006_S_OOO_SLF.jpg,https://www.miumiu.com/us/en/p/light-denim-blouson-jacket/GWB149_17N0_F0006_S_OOO,https://www.miumiu.com/content/dam/miumiubkg_products/G/GWB/GWB149/17N0F0006/GWB149_17N0_F0006_S_OOO_SLF.jpg,downloaded,data\luxury-image-library\images\Miu Miu\Outerwear\SKU0096_eb58e45a5323.jpg,eb58e45a532368ceac436e0799fb6c0a9ce6a2f43e9d849457a699b8179720c9,,,官方DAM主图直链,"[""https://www.miumiu.com/content/dam/miumiubkg_products/G/GWB/GWB149/17N0F0006/GWB149_17N0_F0006_S_OOO_SLF.jpg""]"
SKU0097,Miu Miu,Outerwear,Cropped washed denim jacket,GWB314_197U_F0008_S_OOO,https://www.miumiu.com/content/dam/miumiubkg_products/G/GWB/GWB314/197UF0008/GWB314_197U_F0008_S_OOO_SLF.jpg,https://www.miumiu.com/content/dam/miumiubkg_products/G/GWB/GWB314/197UF0008/GWB314_197U_F0008_S_OOO_SLF.jpg,https://www.miumiu.com/us/en/p/cropped-washed-denim-jacket/GWB314_197U_F0008_S_OOO,https://www.miumiu.com/content/dam/miumiubkg_products/G/GWB/GWB314/197UF0008/GWB314_197U_F0008_S_OOO_SLF.jpg,downloaded,data\luxury-image-library\images\Miu Miu\Outerwear\SKU0097_8432b03a599a.jpg,8432b03a599abe06736d129576d7b84e1c3f54bcb3ea955f26f6ca978c08b6aa,,,官方DAM主图直链,"[""https://www.miumiu.com/content/dam/miumiubkg_products/G/GWB/GWB314/197UF0008/GWB314_197U_F0008_S_OOO_SLF.jpg""]"
SKU0098,Dior,Outerwear,Fitted Jacket,325V21AL004_X9000,https://www.dior.com/en_us/fashion/products/325V21AL004_X9000,,https://www.dior.com/en_us/fashion/products/325V21AL004_X9000,,failed,,,HTTPError: HTTP Error 403: Forbidden | HTTPError: HTTP Error 403: Forbidden | HTTPError: HTTP Error 403: Forbidden,,官网商品页（动态图片）,[]
SKU0099,Dior,Outerwear,30 Montaigne Bar Jacket,841V01A1166_X9000,https://www.dior.com/en_us/fashion/products/841V01A1166_X9000,,https://www.dior.com/en_us/fashion/products/841V01A1166_X9000,,failed,,,HTTPError: HTTP Error 403: Forbidden | HTTPError: HTTP Error 403: Forbidden | HTTPError: HTTP Error 403: Forbidden,,官网商品页（动态图片）,[]
SKU0100,Miu Miu,Outerwear,Technical fabric windbreaker,ML1597_148U_F063H_S_OOO,https://www.miumiu.com/content/dam/miumiubkg_products/M/ML1/ML1597/148UF063H/ML1597_148U_F063H_S_OOO_SLF.jpg,https://www.miumiu.com/content/dam/miumiubkg_products/M/ML1/ML1597/148UF063H/ML1597_148U_F063H_S_OOO_SLF.jpg,https://www.miumiu.com/us/en/p/technical-fabric-windbreaker/ML1597_148U_F063H_S_OOO,https://www.miumiu.com/content/dam/miumiubkg_products/M/ML1/ML1597/148UF063H/ML1597_148U_F063H_S_OOO_SLF.jpg,downloaded,data\luxury-image-library\images\Miu Miu\Outerwear\SKU0100_71fdb66cb048.jpg,71fdb66cb04808afdf799bab55362c4543bbe8b455d08b0ca320699d0a597b7b,,,官方DAM主图直链,"[""https://www.miumiu.com/content/dam/miumiubkg_products/M/ML1/ML1597/148UF063H/ML1597_148U_F063H_S_OOO_SLF.jpg""]"
SKU0101,Miu Miu,Outerwear,Technical fabric and shearling blouson jacket,ML1598_6464_F063H_S_OOO,https://www.miumiu.com/content/dam/miumiubkg_products/M/ML1/ML1598/6464F063H/ML1598_6464_F063H_S_OOO_SLF.jpg,https://www.miumiu.com/content/dam/miumiubkg_products/M/ML1/ML1598/6464F063H/ML1598_6464_F063H_S_OOO_SLF.jpg,https://www.miumiu.com/us/en/p/technical-fabric-and-shearling-blouson-jacket/ML1598_6464_F063H_S_OOO,https://www.miumiu.com/content/dam/miumiubkg_products/M/ML1/ML1598/6464F063H/ML1598_6464_F063H_S_OOO_SLF.jpg,downloaded,data\luxury-image-library\images\Miu Miu\Outerwear\SKU0101_01f29cd578e6.jpg,01f29cd578e66cc69772e40a9269fb4dcb06c6e60eb4d41c3a0791b3a7307ed4,,,官方DAM主图直链,"[""https://www.miumiu.com/content/dam/miumiubkg_products/M/ML1/ML1598/6464F063H/ML1598_6464_F063H_S_OOO_SLF.jpg""]"
SKU0102,Miu Miu,Outerwear,Technical fabric and shearling windbreaker,ML1597_6464_F063H_S_OOO,https://www.miumiu.com/content/dam/miumiubkg_products/M/ML1/ML1597/6464F063H/ML1597_6464_F063H_S_OOO_SLF.jpg,https://www.miumiu.com/content/dam/miumiubkg_products/M/ML1/ML1597/6464F063H/ML1597_6464_F063H_S_OOO_SLF.jpg,https://www.miumiu.com/us/en/p/technical-fabric-and-shearling-windbreaker/ML1597_6464_F063H_S_OOO,https://www.miumiu.com/content/dam/miumiubkg_products/M/ML1/ML1597/6464F063H/ML1597_6464_F063H_S_OOO_SLF.jpg,downloaded,data\luxury-image-library\images\Miu Miu\Outerwear\SKU0102_5287dbe98987.jpg,5287dbe98987267dd1802c43f6a68ff8b56a1c06f087931b6b88bcdaa7d89580,,,官方DAM主图直链,"[""https://www.miumiu.com/content/dam/miumiubkg_products/M/ML1/ML1597/6464F063H/ML1597_6464_F063H_S_OOO_SLF.jpg""]"
SKU0103,Miu Miu,Outerwear,Technical fabric and shearling windbreaker,ML1597_6464_F0304_S_OOO,https://www.miumiu.com/content/dam/miumiubkg_products/M/ML1/ML1597/6464F0304/ML1597_6464_F0304_S_OOO_SLF.jpg,https://www.miumiu.com/content/dam/miumiubkg_products/M/ML1/ML1597/6464F0304/ML1597_6464_F0304_S_OOO_SLF.jpg,https://www.miumiu.com/us/en/p/technical-fabric-and-shearling-windbreaker/ML1597_6464_F0304_S_OOO,https://www.miumiu.com/content/dam/miumiubkg_products/M/ML1/ML1597/6464F0304/ML1597_6464_F0304_S_OOO_SLF.jpg,downloaded,data\luxury-image-library\images\Miu Miu\Outerwear\SKU0103_0d14080711dc.jpg,0d14080711dcb72470d5eb740337ce48f47a3676d3ac3b18ae6be1f09038b8fe,,,官方DAM主图直链,"[""https://www.miumiu.com/content/dam/miumiubkg_products/M/ML1/ML1597/6464F0304/ML1597_6464_F0304_S_OOO_SLF.jpg""]"
SKU0104,Miu Miu,Outerwear,Reversible single-breasted linen and shearling jacket,MS2195_6319_F0K74_S_OOO,https://www.miumiu.com/content/dam/miumiubkg_products/M/MS2/MS2195/6319F0K74/MS2195_6319_F0K74_S_OOO_SLF.jpg,https://www.miumiu.com/content/dam/miumiubkg_products/M/MS2/MS2195/6319F0K74/MS2195_6319_F0K74_S_OOO_SLF.jpg,https://www.miumiu.com/us/en/p/reversible-single-breasted-linen-and-shearling-jacket/MS2195_6319_F0K74_S_OOO,https://www.miumiu.com/content/dam/miumiubkg_products/M/MS2/MS2195/6319F0K74/MS2195_6319_F0K74_S_OOO_SLF.jpg,downloaded,data\luxury-image-library\images\Miu Miu\Outerwear\SKU0104_4877a265fd91.jpg,4877a265fd9109002c5dd655a4aabc4da7ea5f006a265d56eaff9fa99c217309,,,官方DAM主图直链,"[""https://www.miumiu.com/content/dam/miumiubkg_products/M/MS2/MS2195/6319F0K74/MS2195_6319_F0K74_S_OOO_SLF.jpg""]"
SKU0105,Miu Miu,Outerwear,Single-breasted double wool coat,MS2203_6471_F0050_S_OOO,https://www.miumiu.com/content/dam/miumiubkg_products/M/MS2/MS2203/6471F0050/MS2203_6471_F0050_S_OOO_SLF.jpg,https://www.miumiu.com/content/dam/miumiubkg_products/M/MS2/MS2203/6471F0050/MS2203_6471_F0050_S_OOO_SLF.jpg,https://www.miumiu.com/us/en/p/single-breasted-double-wool-coat/MS2203_6471_F0050_S_OOO,https://www.miumiu.com/content/dam/miumiubkg_products/M/MS2/MS2203/6471F0050/MS2203_6471_F0050_S_OOO_SLF.jpg,downloaded,data\luxury-image-library\images\Miu Miu\Outerwear\SKU0105_8b612e13fd22.jpg,8b612e13fd225e3b030c42a4e3e4985577ebf6bd2c28743110203f2a38ada490,,,官方DAM主图直链,"[""https://www.miumiu.com/content/dam/miumiubkg_products/M/MS2/MS2203/6471F0050/MS2203_6471_F0050_S_OOO_SLF.jpg""]"
SKU0106,Miu Miu,Outerwear,Double-breasted double wool jacket,MS2205_6471_F0031_S_OOO,https://www.miumiu.com/content/dam/miumiubkg_products/M/MS2/MS2205/6471F0031/MS2205_6471_F0031_S_OOO_SLF.jpg,https://www.miumiu.com/content/dam/miumiubkg_products/M/MS2/MS2205/6471F0031/MS2205_6471_F0031_S_OOO_SLF.jpg,https://www.miumiu.com/us/en/p/double-breasted-double-wool-jacket/MS2205_6471_F0031_S_OOO,https://www.miumiu.com/content/dam/miumiubkg_products/M/MS2/MS2205/6471F0031/MS2205_6471_F0031_S_OOO_SLF.jpg,downloaded,data\luxury-image-library\images\Miu Miu\Outerwear\SKU0106_620094a41c20.jpg,620094a41c20c5eadb6a6f22c023ce4c824763689088c6ae857ac7baebe2f720,,,官方DAM主图直链,"[""https://www.miumiu.com/content/dam/miumiubkg_products/M/MS2/MS2205/6471F0031/MS2205_6471_F0031_S_OOO_SLF.jpg""]"
SKU0107,Miu Miu,Outerwear,Single-breasted double wool and shearling coat,MS2197_6702_F0CHT_S_OOO,https://www.miumiu.com/content/dam/miumiubkg_products/M/MS2/MS2197/6702F0CHT/MS2197_6702_F0CHT_S_OOO_SLF.jpg,https://www.miumiu.com/content/dam/miumiubkg_products/M/MS2/MS2197/6702F0CHT/MS2197_6702_F0CHT_S_OOO_SLF.jpg,https://www.miumiu.com/us/en/p/single-breasted-double-wool-and-shearling-coat/MS2197_6702_F0CHT_S_OOO,https://www.miumiu.com/content/dam/miumiubkg_products/M/MS2/MS2197/6702F0CHT/MS2197_6702_F0CHT_S_OOO_SLF.jpg,downloaded,data\luxury-image-library\images\Miu Miu\Outerwear\SKU0107_6dd3881a0910.jpg,6dd3881a0910b9b4e75e67b5165848768f74dae8768ad194117189f9757647cf,,,官方DAM主图直链,"[""https://www.miumiu.com/content/dam/miumiubkg_products/M/MS2/MS2197/6702F0CHT/MS2197_6702_F0CHT_S_OOO_SLF.jpg""]"
SKU0108,Miu Miu,Outerwear,Shearling coat,MPS784_6776_F0280_S_OOO,https://www.miumiu.com/content/dam/miumiubkg_products/M/MPS/MPS784/6776F0280/MPS784_6776_F0280_S_OOO_SLF.jpg,https://www.miumiu.com/content/dam/miumiubkg_products/M/MPS/MPS784/6776F0280/MPS784_6776_F0280_S_OOO_SLF.jpg,https://www.miumiu.com/us/en/p/shearling-coat/MPS784_6776_F0280_S_OOO,https://www.miumiu.com/content/dam/miumiubkg_products/M/MPS/MPS784/6776F0280/MPS784_6776_F0280_S_OOO_SLF.jpg,downloaded,data\luxury-image-library\images\Miu Miu\Outerwear\SKU0108_abc754f56045.jpg,abc754f5604565b7d27c5d52bcd3367755c42edc2bd95377c965910e1df2ced1,,,官方DAM主图直链,"[""https://www.miumiu.com/content/dam/miumiubkg_products/M/MPS/MPS784/6776F0280/MPS784_6776_F0280_S_OOO_SLF.jpg""]"
SKU0109,Miu Miu,Outerwear,Shearling coat,MPS784_6776_F0A68_S_OOO,https://www.miumiu.com/content/dam/miumiubkg_products/M/MPS/MPS784/6776F0A68/MPS784_6776_F0A68_S_OOO_SLF.jpg,https://www.miumiu.com/content/dam/miumiubkg_products/M/MPS/MPS784/6776F0A68/MPS784_6776_F0A68_S_OOO_SLF.jpg,https://www.miumiu.com/us/en/p/shearling-coat/MPS784_6776_F0A68_S_OOO,https://www.miumiu.com/content/dam/miumiubkg_products/M/MPS/MPS784/6776F0A68/MPS784_6776_F0A68_S_OOO_SLF.jpg,downloaded,data\luxury-image-library\images\Miu Miu\Outerwear\SKU0109_7359bbe1f03f.jpg,7359bbe1f03fc4b310c8a24c4a46d4bd08bae61f6f03b922f65977405ef1f459,,,官方DAM主图直链,"[""https://www.miumiu.com/content/dam/miumiubkg_products/M/MPS/MPS784/6776F0A68/MPS784_6776_F0A68_S_OOO_SLF.jpg""]"
SKU0110,Miu Miu,Outerwear,Leather coat,MPS795_19E6_F0203_S_OOO,https://www.miumiu.com/content/dam/miumiubkg_products/M/MPS/MPS795/19E6F0203/MPS795_19E6_F0203_S_OOO_SLF.jpg,https://www.miumiu.com/content/dam/miumiubkg_products/M/MPS/MPS795/19E6F0203/MPS795_19E6_F0203_S_OOO_SLF.jpg,https://www.miumiu.com/us/en/p/leather-coat/MPS795_19E6_F0203_S_OOO,https://www.miumiu.com/content/dam/miumiubkg_products/M/MPS/MPS795/19E6F0203/MPS795_19E6_F0203_S_OOO_SLF.jpg,downloaded,data\luxury-image-library\images\Miu Miu\Outerwear\SKU0110_985208f9de3c.jpg,985208f9de3cfe655f76dea216c3397bcb3fa1b0e1eaa06d70a6268fc13b20a1,,,官方DAM主图直链,"[""https://www.miumiu.com/content/dam/miumiubkg_products/M/MPS/MPS795/19E6F0203/MPS795_19E6_F0203_S_OOO_SLF.jpg""]"
SKU0111,Miu Miu,Outerwear,Leather blouson jacket,MPW071_19E6_F0003_S_OOO,https://www.miumiu.com/content/dam/miumiubkg_products/M/MPW/MPW071/19E6F0003/MPW071_19E6_F0003_S_OOO_SLF.jpg,https://www.miumiu.com/content/dam/miumiubkg_products/M/MPW/MPW071/19E6F0003/MPW071_19E6_F0003_S_OOO_SLF.jpg,https://www.miumiu.com/us/en/p/leather-blouson-jacket/MPW071_19E6_F0003_S_OOO,https://www.miumiu.com/content/dam/miumiubkg_products/M/MPW/MPW071/19E6F0003/MPW071_19E6_F0003_S_OOO_SLF.jpg,downloaded,data\luxury-image-library\images\Miu Miu\Outerwear\SKU0111_79d875c54936.jpg,79d875c5493646ebcd54ae43921212c20cdfde32af18146369d1845a48cd68dc,,,官方DAM主图直链,"[""https://www.miumiu.com/content/dam/miumiubkg_products/M/MPW/MPW071/19E6F0003/MPW071_19E6_F0003_S_OOO_SLF.jpg""]"
SKU0112,Miu Miu,Outerwear,Reversible single-breasted wool and Chekiang fur coat,MS2202_6766_F0B70_S_OOO,https://www.miumiu.com/content/dam/miumiubkg_products/M/MS2/MS2202/6766F0B70/MS2202_6766_F0B70_S_OOO_SLF.jpg,https://www.miumiu.com/content/dam/miumiubkg_products/M/MS2/MS2202/6766F0B70/MS2202_6766_F0B70_S_OOO_SLF.jpg,https://www.miumiu.com/us/en/p/reversible-single-breasted-wool-and-chekiang-fur-coat/MS2202_6766_F0B70_S_OOO,https://www.miumiu.com/content/dam/miumiubkg_products/M/MS2/MS2202/6766F0B70/MS2202_6766_F0B70_S_OOO_SLF.jpg,downloaded,data\luxury-image-library\images\Miu Miu\Outerwear\SKU0112_c002408d19a2.jpg,c002408d19a2c83d021dc543a9808d5b4c1339e85109eda56821f6bbc861209e,,,官方DAM主图直链,"[""https://www.miumiu.com/content/dam/miumiubkg_products/M/MS2/MS2202/6766F0B70/MS2202_6766_F0B70_S_OOO_SLF.jpg""]"
SKU0113,Miu Miu,Outerwear,Washed gabardine blouson jacket,ML1558_19LW_F0065_S_OOO,https://www.miumiu.com/content/dam/miumiubkg_products/M/ML1/ML1558/19LWF0065/ML1558_19LW_F0065_S_OOO_SLF.jpg,https://www.miumiu.com/content/dam/miumiubkg_products/M/ML1/ML1558/19LWF0065/ML1558_19LW_F0065_S_OOO_SLF.jpg,https://www.miumiu.com/us/en/p/washed-gabardine-blouson-jacket/ML1558_19LW_F0065_S_OOO,https://www.miumiu.com/content/dam/miumiubkg_products/M/ML1/ML1558/19LWF0065/ML1558_19LW_F0065_S_OOO_SLF.jpg,downloaded,data\luxury-image-library\images\Miu Miu\Outerwear\SKU0113_17de83417785.jpg,17de834177857ac939650b1fb866363e29b0ec7782130ab1864aa0605c8aaf2d,,,官方DAM主图直链,"[""https://www.miumiu.com/content/dam/miumiubkg_products/M/ML1/ML1558/19LWF0065/ML1558_19LW_F0065_S_OOO_SLF.jpg""]"
SKU0114,Miu Miu,Outerwear,Washed gabardine blouson jacket,ML1574_19LW_F0192_S_OOO,https://www.miumiu.com/content/dam/miumiubkg_products/M/ML1/ML1574/19LWF0192/ML1574_19LW_F0192_S_OOO_SLF.jpg,https://www.miumiu.com/content/dam/miumiubkg_products/M/ML1/ML1574/19LWF0192/ML1574_19LW_F0192_S_OOO_SLF.jpg,https://www.miumiu.com/us/en/p/washed-gabardine-blouson-jacket/ML1574_19LW_F0192_S_OOO,https://www.miumiu.com/content/dam/miumiubkg_products/M/ML1/ML1574/19LWF0192/ML1574_19LW_F0192_S_OOO_SLF.jpg,downloaded,data\luxury-image-library\images\Miu Miu\Outerwear\SKU0114_f634e1b5ba51.jpg,f634e1b5ba51f54eeb7032f867f0e3c6a18b05713c0c742d58c0d7e349475b12,,,官方DAM主图直链,"[""https://www.miumiu.com/content/dam/miumiubkg_products/M/ML1/ML1574/19LWF0192/ML1574_19LW_F0192_S_OOO_SLF.jpg""]"
SKU0115,Miu Miu,Outerwear,Checked flannel blouson jacket,ML1569_6210_F0V9D_S_OOO,https://www.miumiu.com/content/dam/miumiubkg_products/M/ML1/ML1569/6210F0V9D/ML1569_6210_F0V9D_S_OOO_SLF.jpg,https://www.miumiu.com/content/dam/miumiubkg_products/M/ML1/ML1569/6210F0V9D/ML1569_6210_F0V9D_S_OOO_SLF.jpg,https://www.miumiu.com/us/en/p/checked-flannel-blouson-jacket/ML1569_6210_F0V9D_S_OOO,https://www.miumiu.com/content/dam/miumiubkg_products/M/ML1/ML1569/6210F0V9D/ML1569_6210_F0V9D_S_OOO_SLF.jpg,downloaded,data\luxury-image-library\images\Miu Miu\Outerwear\SKU0115_0de8cf0c7af3.jpg,0de8cf0c7af304c3930bf6b261cf12395dc249afc8a5e7664360b99544cc75ba,,,官方DAM主图直链,"[""https://www.miumiu.com/content/dam/miumiubkg_products/M/ML1/ML1569/6210F0V9D/ML1569_6210_F0V9D_S_OOO_SLF.jpg""]"
SKU0116,Miu Miu,Outerwear,Pongé and fleece jacket,ML1541_6291_F0422_S_OOO,https://www.miumiu.com/content/dam/miumiubkg_products/M/ML1/ML1541/6291F0422/ML1541_6291_F0422_S_OOO_SLF.jpg,https://www.miumiu.com/content/dam/miumiubkg_products/M/ML1/ML1541/6291F0422/ML1541_6291_F0422_S_OOO_SLF.jpg,https://www.miumiu.com/us/en/p/ponge-and-fleece-jacket/ML1541_6291_F0422_S_OOO,https://www.miumiu.com/content/dam/miumiubkg_products/M/ML1/ML1541/6291F0422/ML1541_6291_F0422_S_OOO_SLF.jpg,downloaded,data\luxury-image-library\images\Miu Miu\Outerwear\SKU0116_eb2535d84482.jpg,eb2535d844820926c77d309122d64d2982ceb245a6d315103f57eaed8802475f,,,官方DAM主图直链,"[""https://www.miumiu.com/content/dam/miumiubkg_products/M/ML1/ML1541/6291F0422/ML1541_6291_F0422_S_OOO_SLF.jpg""]"
SKU0117,Miu Miu,Outerwear,Leather jacket,MPW040_19E6_F0422_S_OOO,https://www.miumiu.com/content/dam/miumiubkg_products/M/MPW/MPW040/19E6F0422/MPW040_19E6_F0422_S_OOO_SLF.jpg,https://www.miumiu.com/content/dam/miumiubkg_products/M/MPW/MPW040/19E6F0422/MPW040_19E6_F0422_S_OOO_SLF.jpg,https://www.miumiu.com/us/en/p/leather-jacket/MPW040_19E6_F0422_S_OOO,https://www.miumiu.com/content/dam/miumiubkg_products/M/MPW/MPW040/19E6F0422/MPW040_19E6_F0422_S_OOO_SLF.jpg,downloaded,data\luxury-image-library\images\Miu Miu\Outerwear\SKU0117_82824d31baf6.jpg,82824d31baf6a872e59672cea1ec6d0ea131495685aacf3b024851ff942e4a78,,,官方DAM主图直链,"[""https://www.miumiu.com/content/dam/miumiubkg_products/M/MPW/MPW040/19E6F0422/MPW040_19E6_F0422_S_OOO_SLF.jpg""]"
SKU0118,Miu Miu,Outerwear,Denim blouson jacket,GWB195_1O6K_F0008_S_OOO,https://www.miumiu.com/content/dam/miumiubkg_products/G/GWB/GWB195/1O6KF0008/GWB195_1O6K_F0008_S_OOO_SLF.jpg,https://www.miumiu.com/content/dam/miumiubkg_products/G/GWB/GWB195/1O6KF0008/GWB195_1O6K_F0008_S_OOO_SLF.jpg,https://www.miumiu.com/us/en/p/denim-blouson-jacket/GWB195_1O6K_F0008_S_OOO,https://www.miumiu.com/content/dam/miumiubkg_products/G/GWB/GWB195/1O6KF0008/GWB195_1O6K_F0008_S_OOO_SLF.jpg,downloaded,data\luxury-image-library\images\Miu Miu\Outerwear\SKU0118_ce7d4acb40e3.jpg,ce7d4acb40e3865c98daa8c02383689273d5834d241ac91e9f2dbe430ffce4bb,,,官方DAM主图直链,"[""https://www.miumiu.com/content/dam/miumiubkg_products/G/GWB/GWB195/1O6KF0008/GWB195_1O6K_F0008_S_OOO_SLF.jpg""]"
SKU0119,Miu Miu,Outerwear,Wool blouson jacket,ML1323_17L4_F063H_S_OOO,https://www.miumiu.com/content/dam/miumiubkg_products/M/ML1/ML1323/17L4F063H/ML1323_17L4_F063H_S_OOO_SLF.jpg,https://www.miumiu.com/content/dam/miumiubkg_products/M/ML1/ML1323/17L4F063H/ML1323_17L4_F063H_S_OOO_SLF.jpg,https://www.miumiu.com/us/en/p/wool-blouson-jacket/ML1323_17L4_F063H_S_OOO,https://www.miumiu.com/content/dam/miumiubkg_products/M/ML1/ML1323/17L4F063H/ML1323_17L4_F063H_S_OOO_SLF.jpg,downloaded,data\luxury-image-library\images\Miu Miu\Outerwear\SKU0119_d80da9d8ddfb.jpg,d80da9d8ddfb0df366daa3d9e3102c8160e395b0397b8ac1070ad194728a3cf1,,,官方DAM主图直链,"[""https://www.miumiu.com/content/dam/miumiubkg_products/M/ML1/ML1323/17L4F063H/ML1323_17L4_F063H_S_OOO_SLF.jpg""]"
SKU0120,Miu Miu,Outerwear,Shearling blouson jacket,MPW058_6441_F0038_S_OOO,https://www.miumiu.com/content/dam/miumiubkg_products/M/MPW/MPW058/6441F0038/MPW058_6441_F0038_S_OOO_SLF.jpg,https://www.miumiu.com/content/dam/miumiubkg_products/M/MPW/MPW058/6441F0038/MPW058_6441_F0038_S_OOO_SLF.jpg,https://www.miumiu.com/us/en/p/shearling-blouson-jacket/MPW058_6441_F0038_S_OOO,https://www.miumiu.com/content/dam/miumiubkg_products/M/MPW/MPW058/6441F0038/MPW058_6441_F0038_S_OOO_SLF.jpg,downloaded,data\luxury-image-library\images\Miu Miu\Outerwear\SKU0120_5de770fa7686.jpg,5de770fa768604abe3dc8046849c6fc042df3b0f8b6522e219d223721cbdc3e4,,,官方DAM主图直链,"[""https://www.miumiu.com/content/dam/miumiubkg_products/M/MPW/MPW058/6441F0038/MPW058_6441_F0038_S_OOO_SLF.jpg""]"
SKU0121,Miu Miu,Outerwear,Prince of Wales checked blouson jacket,ML1575_1949_F0005_S_OOO,https://www.miumiu.com/content/dam/miumiubkg_products/M/ML1/ML1575/1949F0005/ML1575_1949_F0005_S_OOO_SLF.jpg,https://www.miumiu.com/content/dam/miumiubkg_products/M/ML1/ML1575/1949F0005/ML1575_1949_F0005_S_OOO_SLF.jpg,https://www.miumiu.com/us/en/p/prince-of-wales-checked-blouson-jacket/ML1575_1949_F0005_S_OOO,https://www.miumiu.com/content/dam/miumiubkg_products/M/ML1/ML1575/1949F0005/ML1575_1949_F0005_S_OOO_SLF.jpg,downloaded,data\luxury-image-library\images\Miu Miu\Outerwear\SKU0121_67f73fac91c4.jpg,67f73fac91c4edc654c1296ded7d521b2ca29220e669114691290b3cc39cd5c7,,,官方DAM主图直链,"[""https://www.miumiu.com/content/dam/miumiubkg_products/M/ML1/ML1575/1949F0005/ML1575_1949_F0005_S_OOO_SLF.jpg""]"
SKU0122,Miu Miu,Outerwear,Double cashmere and wool hoodie jacket,ML1528_15Q8_F0K57_S_OOO,https://www.miumiu.com/content/dam/miumiubkg_products/M/ML1/ML1528/15Q8F0K57/ML1528_15Q8_F0K57_S_OOO_SLF.jpg,https://www.miumiu.com/content/dam/miumiubkg_products/M/ML1/ML1528/15Q8F0K57/ML1528_15Q8_F0K57_S_OOO_SLF.jpg,https://www.miumiu.com/us/en/p/double-cashmere-and-wool-hoodie-jacket/ML1528_15Q8_F0K57_S_OOO,https://www.miumiu.com/content/dam/miumiubkg_products/M/ML1/ML1528/15Q8F0K57/ML1528_15Q8_F0K57_S_OOO_SLF.jpg,downloaded,data\luxury-image-library\images\Miu Miu\Outerwear\SKU0122_081ee613e7d1.jpg,081ee613e7d11e17430fc06267436d56d8f445e6a2dbe51c76fe201ab868af78,,,官方DAM主图直链,"[""https://www.miumiu.com/content/dam/miumiubkg_products/M/ML1/ML1528/15Q8F0K57/ML1528_15Q8_F0K57_S_OOO_SLF.jpg""]"
SKU0123,Miu Miu,Top,Stretch poplin shirt,MK2061_6472_F0002_S_OOO,https://www.miumiu.com/content/dam/miumiubkg_products/M/MK2/MK2061/6472F0002/MK2061_6472_F0002_S_OOO_SLF.jpg,https://www.miumiu.com/content/dam/miumiubkg_products/M/MK2/MK2061/6472F0002/MK2061_6472_F0002_S_OOO_SLF.jpg,https://www.miumiu.com/us/en/p/stretch-poplin-shirt/MK2061_6472_F0002_S_OOO,https://www.miumiu.com/content/dam/miumiubkg_products/M/MK2/MK2061/6472F0002/MK2061_6472_F0002_S_OOO_SLF.jpg,downloaded,data\luxury-image-library\images\Miu Miu\Top\SKU0123_a7821710b907.jpg,a7821710b90704213079b188eb8133435c6d231d1b10c371c507423ccbd2ee23,,,官方DAM主图直链,"[""https://www.miumiu.com/content/dam/miumiubkg_products/M/MK2/MK2061/6472F0002/MK2061_6472_F0002_S_OOO_SLF.jpg""]"
SKU0124,Miu Miu,Top,Stretch poplin shirt,MK2061_6472_F0A08_S_OOO,https://www.miumiu.com/content/dam/miumiubkg_products/M/MK2/MK2061/6472F0A08/MK2061_6472_F0A08_S_OOO_SLF.jpg,https://www.miumiu.com/content/dam/miumiubkg_products/M/MK2/MK2061/6472F0A08/MK2061_6472_F0A08_S_OOO_SLF.jpg,https://www.miumiu.com/us/en/p/stretch-poplin-shirt/MK2061_6472_F0A08_S_OOO,https://www.miumiu.com/content/dam/miumiubkg_products/M/MK2/MK2061/6472F0A08/MK2061_6472_F0A08_S_OOO_SLF.jpg,downloaded,data\luxury-image-library\images\Miu Miu\Top\SKU0124_15f2abd1d113.jpg,15f2abd1d1139e7df70693d966cfe73fa664e61be0969754d9502818b07e5011,,,官方DAM主图直链,"[""https://www.miumiu.com/content/dam/miumiubkg_products/M/MK2/MK2061/6472F0A08/MK2061_6472_F0A08_S_OOO_SLF.jpg""]"
SKU0125,Miu Miu,Top,Technical fabric top,MT2282_148U_F063H_S_OOO,https://www.miumiu.com/content/dam/miumiubkg_products/M/MT2/MT2282/148UF063H/MT2282_148U_F063H_S_OOO_SLF.jpg,https://www.miumiu.com/content/dam/miumiubkg_products/M/MT2/MT2282/148UF063H/MT2282_148U_F063H_S_OOO_SLF.jpg,https://www.miumiu.com/us/en/p/technical-fabric-top/MT2282_148U_F063H_S_OOO,https://www.miumiu.com/content/dam/miumiubkg_products/M/MT2/MT2282/148UF063H/MT2282_148U_F063H_S_OOO_SLF.jpg,downloaded,data\luxury-image-library\images\Miu Miu\Top\SKU0125_9db71a2de344.jpg,9db71a2de344717901e255f3207d26544b442811d89c39107366beec304bec1c,,,官方DAM主图直链,"[""https://www.miumiu.com/content/dam/miumiubkg_products/M/MT2/MT2282/148UF063H/MT2282_148U_F063H_S_OOO_SLF.jpg""]"
SKU0126,Miu Miu,Top,Stretch poplin top,MT2283_6472_F063H_S_OOO,https://www.miumiu.com/content/dam/miumiubkg_products/M/MT2/MT2283/6472F063H/MT2283_6472_F063H_S_OOO_SLF.jpg,https://www.miumiu.com/content/dam/miumiubkg_products/M/MT2/MT2283/6472F063H/MT2283_6472_F063H_S_OOO_SLF.jpg,https://www.miumiu.com/us/en/p/stretch-poplin-top/MT2283_6472_F063H_S_OOO,https://www.miumiu.com/content/dam/miumiubkg_products/M/MT2/MT2283/6472F063H/MT2283_6472_F063H_S_OOO_SLF.jpg,downloaded,data\luxury-image-library\images\Miu Miu\Top\SKU0126_6733c6bf49dc.jpg,6733c6bf49dcd0e3930b358b1dfcc0443fa1662cabccdbab17af545704e77fc9,,,官方DAM主图直链,"[""https://www.miumiu.com/content/dam/miumiubkg_products/M/MT2/MT2283/6472F063H/MT2283_6472_F063H_S_OOO_SLF.jpg""]"
SKU0127,Miu Miu,Top,Plaid shirt,MK1659_19U3_F057W_S_OOO,https://www.miumiu.com/content/dam/miumiubkg_products/M/MK1/MK1659/19U3F057W/MK1659_19U3_F057W_S_OOO_SLF.jpg,https://www.miumiu.com/content/dam/miumiubkg_products/M/MK1/MK1659/19U3F057W/MK1659_19U3_F057W_S_OOO_SLF.jpg,https://www.miumiu.com/us/en/p/plaid-shirt/MK1659_19U3_F057W_S_OOO,https://www.miumiu.com/content/dam/miumiubkg_products/M/MK1/MK1659/19U3F057W/MK1659_19U3_F057W_S_OOO_SLF.jpg,downloaded,data\luxury-image-library\images\Miu Miu\Top\SKU0127_0904569d9a65.jpg,0904569d9a6565070636569010cae4f7162cf8938326a00e7d52dce065393ef0,,,官方DAM主图直链,"[""https://www.miumiu.com/content/dam/miumiubkg_products/M/MK1/MK1659/19U3F057W/MK1659_19U3_F057W_S_OOO_SLF.jpg""]"
SKU0128,Miu Miu,Top,Plaid shirt,MK1659_19U3_F0A8Z_S_OOO,https://www.miumiu.com/content/dam/miumiubkg_products/M/MK1/MK1659/19U3F0A8Z/MK1659_19U3_F0A8Z_S_OOO_SLF.jpg,https://www.miumiu.com/content/dam/miumiubkg_products/M/MK1/MK1659/19U3F0A8Z/MK1659_19U3_F0A8Z_S_OOO_SLF.jpg,https://www.miumiu.com/us/en/p/plaid-shirt/MK1659_19U3_F0A8Z_S_OOO,https://www.miumiu.com/content/dam/miumiubkg_products/M/MK1/MK1659/19U3F0A8Z/MK1659_19U3_F0A8Z_S_OOO_SLF.jpg,downloaded,data\luxury-image-library\images\Miu Miu\Top\SKU0128_9ca744465bce.jpg,9ca744465bce5622785cd03006f12bdd506e26c8297fbecc112695d62fba3c49,,,官方DAM主图直链,"[""https://www.miumiu.com/content/dam/miumiubkg_products/M/MK1/MK1659/19U3F0A8Z/MK1659_19U3_F0A8Z_S_OOO_SLF.jpg""]"
SKU0129,Miu Miu,Top,Ribbed knit top,MT2280_6397_F0009_S_OOO,https://www.miumiu.com/content/dam/miumiubkg_products/M/MT2/MT2280/6397F0009/MT2280_6397_F0009_S_OOO_SLF.jpg,https://www.miumiu.com/content/dam/miumiubkg_products/M/MT2/MT2280/6397F0009/MT2280_6397_F0009_S_OOO_SLF.jpg,https://www.miumiu.com/us/en/p/ribbed-knit-top/MT2280_6397_F0009_S_OOO,https://www.miumiu.com/content/dam/miumiubkg_products/M/MT2/MT2280/6397F0009/MT2280_6397_F0009_S_OOO_SLF.jpg,downloaded,data\luxury-image-library\images\Miu Miu\Top\SKU0129_123e45ad52cc.jpg,123e45ad52ccbc2e4871a71b1455bbe4ad09370c4fff2ccb6656bc366f0a108e,,,官方DAM主图直链,"[""https://www.miumiu.com/content/dam/miumiubkg_products/M/MT2/MT2280/6397F0009/MT2280_6397_F0009_S_OOO_SLF.jpg""]"
SKU0130,Miu Miu,Top,Striped poplin shirt,MK2053_189F_F022X_S_OOO,https://www.miumiu.com/content/dam/miumiubkg_products/M/MK2/MK2053/189FF022X/MK2053_189F_F022X_S_OOO_SLF.jpg,https://www.miumiu.com/content/dam/miumiubkg_products/M/MK2/MK2053/189FF022X/MK2053_189F_F022X_S_OOO_SLF.jpg,https://www.miumiu.com/us/en/p/striped-poplin-shirt/MK2053_189F_F022X_S_OOO,https://www.miumiu.com/content/dam/miumiubkg_products/M/MK2/MK2053/189FF022X/MK2053_189F_F022X_S_OOO_SLF.jpg,downloaded,data\luxury-image-library\images\Miu Miu\Top\SKU0130_779ce64a426e.jpg,779ce64a426ed7f9ab6d42bd776fb46c161664241803982ef54f45106d0679eb,,,官方DAM主图直链,"[""https://www.miumiu.com/content/dam/miumiubkg_products/M/MK2/MK2053/189FF022X/MK2053_189F_F022X_S_OOO_SLF.jpg""]"
SKU0131,Miu Miu,Top,Checked flannel shirt,MK2051_6210_F022X_S_OOO,https://www.miumiu.com/content/dam/miumiubkg_products/M/MK2/MK2051/6210F022X/MK2051_6210_F022X_S_OOO_SLF.jpg,https://www.miumiu.com/content/dam/miumiubkg_products/M/MK2/MK2051/6210F022X/MK2051_6210_F022X_S_OOO_SLF.jpg,https://www.miumiu.com/us/en/p/checked-flannel-shirt/MK2051_6210_F022X_S_OOO,https://www.miumiu.com/content/dam/miumiubkg_products/M/MK2/MK2051/6210F022X/MK2051_6210_F022X_S_OOO_SLF.jpg,downloaded,data\luxury-image-library\images\Miu Miu\Top\SKU0131_ae2699638383.webp,ae2699638383d407442a98ae3e7f706dc3a2041456a299dd6edaeb4746f4444b,,,官方DAM主图直链,"[""https://www.miumiu.com/content/dam/miumiubkg_products/M/MK2/MK2051/6210F022X/MK2051_6210_F022X_S_OOO_SLF.jpg""]"
SKU0132,Miu Miu,Top,Checked flannel shirt,MK2010_6210_F068U_S_OOO,https://www.miumiu.com/content/dam/miumiubkg_products/M/MK2/MK2010/6210F068U/MK2010_6210_F068U_S_OOO_SLF.jpg,https://www.miumiu.com/content/dam/miumiubkg_products/M/MK2/MK2010/6210F068U/MK2010_6210_F068U_S_OOO_SLF.jpg,https://www.miumiu.com/us/en/p/checked-flannel-shirt/MK2010_6210_F068U_S_OOO,https://www.miumiu.com/content/dam/miumiubkg_products/M/MK2/MK2010/6210F068U/MK2010_6210_F068U_S_OOO_SLF.jpg,downloaded,data\luxury-image-library\images\Miu Miu\Top\SKU0132_d072b41e14b7.jpg,d072b41e14b7ba3a0719c2a62ebf0720715e7b9a39b49c70f22cd6165cf9a97c,,,官方DAM主图直链,"[""https://www.miumiu.com/content/dam/miumiubkg_products/M/MK2/MK2010/6210F068U/MK2010_6210_F068U_S_OOO_SLF.jpg""]"
SKU0133,Miu Miu,Top,Striped jersey top,MT2275_6447_F0I13_S_OOO,https://www.miumiu.com/content/dam/miumiubkg_products/M/MT2/MT2275/6447F0I13/MT2275_6447_F0I13_S_OOO_SLF.jpg,https://www.miumiu.com/content/dam/miumiubkg_products/M/MT2/MT2275/6447F0I13/MT2275_6447_F0I13_S_OOO_SLF.jpg,https://www.miumiu.com/us/en/p/striped-jersey-top/MT2275_6447_F0I13_S_OOO,https://www.miumiu.com/content/dam/miumiubkg_products/M/MT2/MT2275/6447F0I13/MT2275_6447_F0I13_S_OOO_SLF.jpg,downloaded,data\luxury-image-library\images\Miu Miu\Top\SKU0133_3ad6828380de.jpg,3ad6828380ded935d37ddfdc2d2273feb67c81adf29e3eb328f1cf3687bab4ca,,,官方DAM主图直链,"[""https://www.miumiu.com/content/dam/miumiubkg_products/M/MT2/MT2275/6447F0I13/MT2275_6447_F0I13_S_OOO_SLF.jpg""]"
SKU0134,Miu Miu,Top,Micro pinstripe poplin shirt,MK2047_195D_F098Z_S_OOO,https://www.miumiu.com/content/dam/miumiubkg_products/M/MK2/MK2047/195DF098Z/MK2047_195D_F098Z_S_OOO_SLF.jpg,https://www.miumiu.com/content/dam/miumiubkg_products/M/MK2/MK2047/195DF098Z/MK2047_195D_F098Z_S_OOO_SLF.jpg,https://www.miumiu.com/us/en/p/micro-pinstripe-poplin-shirt/MK2047_195D_F098Z_S_OOO,https://www.miumiu.com/content/dam/miumiubkg_products/M/MK2/MK2047/195DF098Z/MK2047_195D_F098Z_S_OOO_SLF.jpg,downloaded,data\luxury-image-library\images\Miu Miu\Top\SKU0134_9be7825f2ffa.jpg,9be7825f2ffad71f68719b0a1e6d00f35583bca407663f5f185ed5749b3f46ca,,,官方DAM主图直链,"[""https://www.miumiu.com/content/dam/miumiubkg_products/M/MK2/MK2047/195DF098Z/MK2047_195D_F098Z_S_OOO_SLF.jpg""]"
SKU0135,Miu Miu,Top,Embroidered slub poplin shirt,MK2032_19IQ_F0J33_S_OOO,https://www.miumiu.com/content/dam/miumiubkg_products/M/MK2/MK2032/19IQF0J33/MK2032_19IQ_F0J33_S_OOO_SLF.jpg,https://www.miumiu.com/content/dam/miumiubkg_products/M/MK2/MK2032/19IQF0J33/MK2032_19IQ_F0J33_S_OOO_SLF.jpg,https://www.miumiu.com/us/en/p/embroidered-slub-poplin-shirt/MK2032_19IQ_F0J33_S_OOO,https://www.miumiu.com/content/dam/miumiubkg_products/M/MK2/MK2032/19IQF0J33/MK2032_19IQ_F0J33_S_OOO_SLF.jpg,downloaded,data\luxury-image-library\images\Miu Miu\Top\SKU0135_55dc53d98342.jpg,55dc53d98342f59180711059d26d1fe398ebe26ae44e26610ba1302885b480f9,,,官方DAM主图直链,"[""https://www.miumiu.com/content/dam/miumiubkg_products/M/MK2/MK2032/19IQF0J33/MK2032_19IQ_F0J33_S_OOO_SLF.jpg""]"
SKU0136,Miu Miu,Top,Stretch jersey top,MT2259_122R_F0008_S_OOO,https://www.miumiu.com/content/dam/miumiubkg_products/M/MT2/MT2259/122RF0008/MT2259_122R_F0008_S_OOO_SLF.jpg,https://www.miumiu.com/content/dam/miumiubkg_products/M/MT2/MT2259/122RF0008/MT2259_122R_F0008_S_OOO_SLF.jpg,https://www.miumiu.com/us/en/p/stretch-jersey-top/MT2259_122R_F0008_S_OOO,https://www.miumiu.com/content/dam/miumiubkg_products/M/MT2/MT2259/122RF0008/MT2259_122R_F0008_S_OOO_SLF.jpg,downloaded,data\luxury-image-library\images\Miu Miu\Top\SKU0136_9dfa3bf94b2c.jpg,9dfa3bf94b2c71e0626e1e6b8eeda2eb0df2b53c6df1439bb80ca58db1aa01e4,,,官方DAM主图直链,"[""https://www.miumiu.com/content/dam/miumiubkg_products/M/MT2/MT2259/122RF0008/MT2259_122R_F0008_S_OOO_SLF.jpg""]"
SKU0137,Miu Miu,Top,Striped jersey top,MJT746_195L_F05KA_S_OOO,https://www.miumiu.com/content/dam/miumiubkg_products/M/MJT/MJT746/195LF05KA/MJT746_195L_F05KA_S_OOO_SLF.jpg,https://www.miumiu.com/content/dam/miumiubkg_products/M/MJT/MJT746/195LF05KA/MJT746_195L_F05KA_S_OOO_SLF.jpg,https://www.miumiu.com/us/en/p/striped-jersey-top/MJT746_195L_F05KA_S_OOO,https://www.miumiu.com/content/dam/miumiubkg_products/M/MJT/MJT746/195LF05KA/MJT746_195L_F05KA_S_OOO_SLF.jpg,downloaded,data\luxury-image-library\images\Miu Miu\Top\SKU0137_02bd3b222875.jpg,02bd3b222875af3c4388b9514475eb196f75cd4657231aa00491b5aeb121b977,,,官方DAM主图直链,"[""https://www.miumiu.com/content/dam/miumiubkg_products/M/MJT/MJT746/195LF05KA/MJT746_195L_F05KA_S_OOO_SLF.jpg""]"
SKU0138,Miu Miu,Top,Striped jersey top,MJT746_195L_F0VC7_S_OOO,https://www.miumiu.com/content/dam/miumiubkg_products/M/MJT/MJT746/195LF0VC7/MJT746_195L_F0VC7_S_OOO_SLF.jpg,https://www.miumiu.com/content/dam/miumiubkg_products/M/MJT/MJT746/195LF0VC7/MJT746_195L_F0VC7_S_OOO_SLF.jpg,https://www.miumiu.com/us/en/p/striped-jersey-top/MJT746_195L_F0VC7_S_OOO,https://www.miumiu.com/content/dam/miumiubkg_products/M/MJT/MJT746/195LF0VC7/MJT746_195L_F0VC7_S_OOO_SLF.jpg,downloaded,data\luxury-image-library\images\Miu Miu\Top\SKU0138_f65726c42f70.jpg,f65726c42f70c6e63900d0c75a270260eb61f20aafaa4bf7016fb4ca789bda64,,,官方DAM主图直链,"[""https://www.miumiu.com/content/dam/miumiubkg_products/M/MJT/MJT746/195LF0VC7/MJT746_195L_F0VC7_S_OOO_SLF.jpg""]"
SKU0139,Miu Miu,Top,Striped jersey top,MJT746_195L_F067X_S_OOO,https://www.miumiu.com/content/dam/miumiubkg_products/M/MJT/MJT746/195LF067X/MJT746_195L_F067X_S_OOO_SLF.jpg,https://www.miumiu.com/content/dam/miumiubkg_products/M/MJT/MJT746/195LF067X/MJT746_195L_F067X_S_OOO_SLF.jpg,https://www.miumiu.com/us/en/p/striped-jersey-top/MJT746_195L_F067X_S_OOO,https://www.miumiu.com/content/dam/miumiubkg_products/M/MJT/MJT746/195LF067X/MJT746_195L_F067X_S_OOO_SLF.jpg,downloaded,data\luxury-image-library\images\Miu Miu\Top\SKU0139_04230760ddb0.jpg,04230760ddb08b246135b9d49ddc772755a2404cb9cccb2fb826798508639d78,,,官方DAM主图直链,"[""https://www.miumiu.com/content/dam/miumiubkg_products/M/MJT/MJT746/195LF067X/MJT746_195L_F067X_S_OOO_SLF.jpg""]"
SKU0140,Miu Miu,Top,Ribbed jersey top,MJT740_192C_F0031_S_OOO,https://www.miumiu.com/content/dam/miumiubkg_products/M/MJT/MJT740/192CF0031/MJT740_192C_F0031_S_OOO_SLF.jpg,https://www.miumiu.com/content/dam/miumiubkg_products/M/MJT/MJT740/192CF0031/MJT740_192C_F0031_S_OOO_SLF.jpg,https://www.miumiu.com/us/en/p/ribbed-jersey-top/MJT740_192C_F0031_S_OOO,https://www.miumiu.com/content/dam/miumiubkg_products/M/MJT/MJT740/192CF0031/MJT740_192C_F0031_S_OOO_SLF.jpg,downloaded,data\luxury-image-library\images\Miu Miu\Top\SKU0140_1191ef507d30.jpg,1191ef507d301d2cf802d353464202fe86621726e5dc82dc3d97749628470851,,,官方DAM主图直链,"[""https://www.miumiu.com/content/dam/miumiubkg_products/M/MJT/MJT740/192CF0031/MJT740_192C_F0031_S_OOO_SLF.jpg""]"
SKU0141,Miu Miu,Top,Cotton top,MT2205_1951_F0009_S_OOO,https://www.miumiu.com/content/dam/miumiubkg_products/M/MT2/MT2205/1951F0009/MT2205_1951_F0009_S_OOO_SLF.jpg,https://www.miumiu.com/content/dam/miumiubkg_products/M/MT2/MT2205/1951F0009/MT2205_1951_F0009_S_OOO_SLF.jpg,https://www.miumiu.com/us/en/p/cotton-top/MT2205_1951_F0009_S_OOO,https://www.miumiu.com/content/dam/miumiubkg_products/M/MT2/MT2205/1951F0009/MT2205_1951_F0009_S_OOO_SLF.jpg,downloaded,data\luxury-image-library\images\Miu Miu\Top\SKU0141_de303afca7f7.jpg,de303afca7f748f793cb4f4ae1c9e135ba56a54156e026b17992e6fb6c0ced0e,,,官方DAM主图直链,"[""https://www.miumiu.com/content/dam/miumiubkg_products/M/MT2/MT2205/1951F0009/MT2205_1951_F0009_S_OOO_SLF.jpg""]"
SKU0142,Miu Miu,Top,Cotton T-shirt,MT2251_1951_F0009_S_OOO,https://www.miumiu.com/content/dam/miumiubkg_products/M/MT2/MT2251/1951F0009/MT2251_1951_F0009_S_OOO_SLF.jpg,https://www.miumiu.com/content/dam/miumiubkg_products/M/MT2/MT2251/1951F0009/MT2251_1951_F0009_S_OOO_SLF.jpg,https://www.miumiu.com/us/en/p/cotton-t-shirt-/MT2251_1951_F0009_S_OOO,https://www.miumiu.com/content/dam/miumiubkg_products/M/MT2/MT2251/1951F0009/MT2251_1951_F0009_S_OOO_SLF.jpg,downloaded,data\luxury-image-library\images\Miu Miu\Top\SKU0142_c788a9e98419.jpg,c788a9e98419736cf550f2e3c2a53b1589f75c7552d6943f641729f745b823b4,,,官方DAM主图直链,"[""https://www.miumiu.com/content/dam/miumiubkg_products/M/MT2/MT2251/1951F0009/MT2251_1951_F0009_S_OOO_SLF.jpg""]"
SKU0143,Miu Miu,Top,Slubbed eyelet poplin top,MT2252_196K_F0009_S_OOO,https://www.miumiu.com/content/dam/miumiubkg_products/M/MT2/MT2252/196KF0009/MT2252_196K_F0009_S_OOO_SLF.jpg,https://www.miumiu.com/content/dam/miumiubkg_products/M/MT2/MT2252/196KF0009/MT2252_196K_F0009_S_OOO_SLF.jpg,https://www.miumiu.com/us/en/p/slubbed-eyelet-poplin-top/MT2252_196K_F0009_S_OOO,https://www.miumiu.com/content/dam/miumiubkg_products/M/MT2/MT2252/196KF0009/MT2252_196K_F0009_S_OOO_SLF.jpg,downloaded,data\luxury-image-library\images\Miu Miu\Top\SKU0143_f9b6cce87e68.jpg,f9b6cce87e68c6a81ce4d2b3867b773bdcc9af454cb73f68fb464d130b532135,,,官方DAM主图直链,"[""https://www.miumiu.com/content/dam/miumiubkg_products/M/MT2/MT2252/196KF0009/MT2252_196K_F0009_S_OOO_SLF.jpg""]"
SKU0144,Miu Miu,Top,Poplin crop top,MT2245_10RG_F0009_S_OOO,https://www.miumiu.com/content/dam/miumiubkg_products/M/MT2/MT2245/10RGF0009/MT2245_10RG_F0009_S_OOO_SLF.jpg,https://www.miumiu.com/content/dam/miumiubkg_products/M/MT2/MT2245/10RGF0009/MT2245_10RG_F0009_S_OOO_SLF.jpg,https://www.miumiu.com/us/en/p/poplin-crop-top/MT2245_10RG_F0009_S_OOO,https://www.miumiu.com/content/dam/miumiubkg_products/M/MT2/MT2245/10RGF0009/MT2245_10RG_F0009_S_OOO_SLF.jpg,downloaded,data\luxury-image-library\images\Miu Miu\Top\SKU0144_54591a73e315.jpg,54591a73e315c3414eedcab519f7beb78b1dbfdae70e7840db0259c85a59e6c5,,,官方DAM主图直链,"[""https://www.miumiu.com/content/dam/miumiubkg_products/M/MT2/MT2245/10RGF0009/MT2245_10RG_F0009_S_OOO_SLF.jpg""]"
SKU0145,Miu Miu,Top,Poplin shirt,MK2044_10RG_F0E18_S_OOO,https://www.miumiu.com/content/dam/miumiubkg_products/M/MK2/MK2044/10RGF0E18/MK2044_10RG_F0E18_S_OOO_SLF.jpg,https://www.miumiu.com/content/dam/miumiubkg_products/M/MK2/MK2044/10RGF0E18/MK2044_10RG_F0E18_S_OOO_SLF.jpg,https://www.miumiu.com/us/en/p/poplin-shirt/MK2044_10RG_F0E18_S_OOO,https://www.miumiu.com/content/dam/miumiubkg_products/M/MK2/MK2044/10RGF0E18/MK2044_10RG_F0E18_S_OOO_SLF.jpg,downloaded,data\luxury-image-library\images\Miu Miu\Top\SKU0145_31f5847c4464.jpg,31f5847c446401e3dff9e294bc5a07ccc7b1c4a6d42036b68526e2ef357c73dd,,,官方DAM主图直链,"[""https://www.miumiu.com/content/dam/miumiubkg_products/M/MK2/MK2044/10RGF0E18/MK2044_10RG_F0E18_S_OOO_SLF.jpg""]"
SKU0146,Miu Miu,Top,Poplin crop top,MT2245_10RG_F0E18_S_OOO,https://www.miumiu.com/content/dam/miumiubkg_products/M/MT2/MT2245/10RGF0E18/MT2245_10RG_F0E18_S_OOO_SLF.jpg,https://www.miumiu.com/content/dam/miumiubkg_products/M/MT2/MT2245/10RGF0E18/MT2245_10RG_F0E18_S_OOO_SLF.jpg,https://www.miumiu.com/us/en/p/poplin-crop-top/MT2245_10RG_F0E18_S_OOO,https://www.miumiu.com/content/dam/miumiubkg_products/M/MT2/MT2245/10RGF0E18/MT2245_10RG_F0E18_S_OOO_SLF.jpg,downloaded,data\luxury-image-library\images\Miu Miu\Top\SKU0146_0d0a36a41c68.jpg,0d0a36a41c68f06bdc9c595c2d69e908ecfea1499a12239a1cc253608551d609,,,官方DAM主图直链,"[""https://www.miumiu.com/content/dam/miumiubkg_products/M/MT2/MT2245/10RGF0E18/MT2245_10RG_F0E18_S_OOO_SLF.jpg""]"
SKU0147,Miu Miu,Top,Striped jersey T-shirt,MJL014_14RT_F0OBW_S_OOO,https://www.miumiu.com/content/dam/miumiubkg_products/M/MJL/MJL014/14RTF0OBW/MJL014_14RT_F0OBW_S_OOO_SLF.jpg,https://www.miumiu.com/content/dam/miumiubkg_products/M/MJL/MJL014/14RTF0OBW/MJL014_14RT_F0OBW_S_OOO_SLF.jpg,https://www.miumiu.com/us/en/p/striped-jersey-t-shirt/MJL014_14RT_F0OBW_S_OOO,https://www.miumiu.com/content/dam/miumiu_products/M/MJL/MJL014/14RTF0OBW/MJL014_14RT_F0OBW_S_OOO_SLF.png,downloaded,data\luxury-image-library\images\Miu Miu\Top\SKU0147_80daeaead620.png,80daeaead620c307bfaa8ce39d6c3b3aeb8f4f3c1e82ecec631ffef5c7967846,,,官方DAM主图直链,"[""https://www.miumiu.com/us/en/p/striped-jersey-t-shirt/MJL014_14RT_F0OBW_S_OOO"", ""https://www.miumiu.com/content/dam/miumiu_products/M/MJL/MJL014/14RTF0OBW/MJL014_14RT_F0OBW_S_OOO_SLF.png""]"
SKU0148,Miu Miu,Top,Striped jersey T-shirt,MJLA72_14RT_F05OP_S_OOO,https://www.miumiu.com/content/dam/miumiubkg_products/M/MJL/MJLA72/14RTF05OP/MJLA72_14RT_F05OP_S_OOO_SLF.jpg,https://www.miumiu.com/content/dam/miumiubkg_products/M/MJL/MJLA72/14RTF05OP/MJLA72_14RT_F05OP_S_OOO_SLF.jpg,https://www.miumiu.com/us/en/p/striped-jersey-t-shirt/MJLA72_14RT_F05OP_S_OOO,https://www.miumiu.com/content/dam/miumiu_products/M/MJL/MJLA72/14RTF05OP/MJLA72_14RT_F05OP_S_OOO_SLF.png,downloaded,data\luxury-image-library\images\Miu Miu\Top\SKU0148_b39c4a26bbff.png,b39c4a26bbff8b38f9e5f29ca689b5632533148f1cc852333382d9373fc35473,,,官方DAM主图直链,"[""https://www.miumiu.com/us/en/p/striped-jersey-t-shirt/MJLA72_14RT_F05OP_S_OOO"", ""https://www.miumiu.com/content/dam/miumiu_products/M/MJL/MJLA72/14RTF05OP/MJLA72_14RT_F05OP_S_OOO_SLF.png""]"
SKU0149,Miu Miu,Top,Long-sleeved cotton jersey T-shirt,MJLA31_1841_F0BD9_S_OOO,https://www.miumiu.com/content/dam/miumiubkg_products/M/MJL/MJLA31/1841F0BD9/MJLA31_1841_F0BD9_S_OOO_SLF.jpg,https://www.miumiu.com/content/dam/miumiubkg_products/M/MJL/MJLA31/1841F0BD9/MJLA31_1841_F0BD9_S_OOO_SLF.jpg,https://www.miumiu.com/us/en/p/long-sleeved-cotton-jersey-t-shirt/MJLA31_1841_F0BD9_S_OOO,https://www.miumiu.com/content/dam/miumiubkg_products/M/MJL/MJLA31/1841F0BD9/MJLA31_1841_F0BD9_S_OOO_SLF.jpg,downloaded,data\luxury-image-library\images\Miu Miu\Top\SKU0149_b151d9fb5bf5.jpg,b151d9fb5bf50255c93fffa564753deb6d4d948c10ad11878823b9af22f8173f,,,官方DAM主图直链,"[""https://www.miumiu.com/content/dam/miumiubkg_products/M/MJL/MJLA31/1841F0BD9/MJLA31_1841_F0BD9_S_OOO_SLF.jpg""]"
SKU0150,Miu Miu,Top,Jersey T-shirt,MJNA45_6398_F0009_S_OOO,https://www.miumiu.com/content/dam/miumiubkg_products/M/MJN/MJNA45/6398F0009/MJNA45_6398_F0009_S_OOO_SLF.jpg,https://www.miumiu.com/content/dam/miumiubkg_products/M/MJN/MJNA45/6398F0009/MJNA45_6398_F0009_S_OOO_SLF.jpg,https://www.miumiu.com/us/en/p/jersey-t-shirt/MJNA45_6398_F0009_S_OOO,https://www.miumiu.com/content/dam/miumiubkg_products/M/MJN/MJNA45/6398F0009/MJNA45_6398_F0009_S_OOO_SLF.jpg,downloaded,data\luxury-image-library\images\Miu Miu\Top\SKU0150_5d719fe437c0.jpg,5d719fe437c056c2485439c527c866da95008d3a2cb73667b3cb305b45712a5a,,,官方DAM主图直链,"[""https://www.miumiu.com/content/dam/miumiubkg_products/M/MJN/MJNA45/6398F0009/MJNA45_6398_F0009_S_OOO_SLF.jpg""]"
SKU0151,Miu Miu,Top,Jersey polo shirt,MJL076_17OR_F0UD9_S_OOO,https://www.miumiu.com/content/dam/miumiubkg_products/M/MJL/MJL076/17ORF0UD9/MJL076_17OR_F0UD9_S_OOO_SLF.jpg,https://www.miumiu.com/content/dam/miumiubkg_products/M/MJL/MJL076/17ORF0UD9/MJL076_17OR_F0UD9_S_OOO_SLF.jpg,https://www.miumiu.com/us/en/p/jersey-polo-shirt/MJL076_17OR_F0UD9_S_OOO,https://www.miumiu.com/content/dam/miumiubkg_products/M/MJL/MJL076/17ORF0UD9/MJL076_17OR_F0UD9_S_OOO_SLF.jpg,downloaded,data\luxury-image-library\images\Miu Miu\Top\SKU0151_56b3ddecedba.jpg,56b3ddecedba5fed467ac2d33f497f572a407df384b919d499db9dd0e07bcba8,,,官方DAM主图直链,"[""https://www.miumiu.com/content/dam/miumiubkg_products/M/MJL/MJL076/17ORF0UD9/MJL076_17OR_F0UD9_S_OOO_SLF.jpg""]"
SKU0152,Miu Miu,Top,Jersey T-shirt,MJLA74_17OR_F03YR_S_OOO,https://www.miumiu.com/content/dam/miumiubkg_products/M/MJL/MJLA74/17ORF03YR/MJLA74_17OR_F03YR_S_OOO_SLF.jpg,https://www.miumiu.com/content/dam/miumiubkg_products/M/MJL/MJLA74/17ORF03YR/MJLA74_17OR_F03YR_S_OOO_SLF.jpg,https://www.miumiu.com/us/en/p/jersey-t-shirt/MJLA74_17OR_F03YR_S_OOO,https://www.miumiu.com/content/dam/miumiubkg_products/M/MJL/MJLA74/17ORF03YR/MJLA74_17OR_F03YR_S_OOO_SLF.jpg,downloaded,data\luxury-image-library\images\Miu Miu\Top\SKU0152_fc20de51967e.jpg,fc20de51967e7a525c4998abc5c2ccf595152887a1e3085c8440c34a4789f12f,,,官方DAM主图直链,"[""https://www.miumiu.com/content/dam/miumiubkg_products/M/MJL/MJLA74/17ORF03YR/MJLA74_17OR_F03YR_S_OOO_SLF.jpg""]"
SKU0153,Miu Miu,Top,Cotton jersey T-shirt,MJL135_17OR_F0L5D_S_OOO,https://www.miumiu.com/content/dam/miumiubkg_products/M/MJL/MJL135/17ORF0L5D/MJL135_17OR_F0L5D_S_OOO_SLF.jpg,https://www.miumiu.com/content/dam/miumiubkg_products/M/MJL/MJL135/17ORF0L5D/MJL135_17OR_F0L5D_S_OOO_SLF.jpg,https://www.miumiu.com/us/en/p/cotton-jersey-t-shirt/MJL135_17OR_F0L5D_S_OOO,https://www.miumiu.com/content/dam/miumiubkg_products/M/MJL/MJL135/17ORF0L5D/MJL135_17OR_F0L5D_S_OOO_SLF.jpg,downloaded,data\luxury-image-library\images\Miu Miu\Top\SKU0153_1ab683e66fee.jpg,1ab683e66feef25c3bdf1b5d9fb4f63f6bec474a08e15becccd5f17ccdec0ed2,,,官方DAM主图直链,"[""https://www.miumiu.com/content/dam/miumiubkg_products/M/MJL/MJL135/17ORF0L5D/MJL135_17OR_F0L5D_S_OOO_SLF.jpg""]"
SKU0154,Miu Miu,Top,Striped jersey T-shirt,MJL014_14RT_F0TD1_S_OOO,https://www.miumiu.com/content/dam/miumiubkg_products/M/MJL/MJL014/14RTF0TD1/MJL014_14RT_F0TD1_S_OOO_SLF.jpg,https://www.miumiu.com/content/dam/miumiubkg_products/M/MJL/MJL014/14RTF0TD1/MJL014_14RT_F0TD1_S_OOO_SLF.jpg,https://www.miumiu.com/us/en/p/striped-jersey-t-shirt/MJL014_14RT_F0TD1_S_OOO,https://www.miumiu.com/content/dam/miumiubkg_products/M/MJL/MJL014/14RTF0TD1/MJL014_14RT_F0TD1_S_OOO_SLF.jpg,downloaded,data\luxury-image-library\images\Miu Miu\Top\SKU0154_87fbdcd7027b.jpg,87fbdcd7027b6fd93f06f196f6170f6e9e79acca3535f689b3fa6d7d46c8e5aa,,,官方DAM主图直链,"[""https://www.miumiu.com/content/dam/miumiubkg_products/M/MJL/MJL014/14RTF0TD1/MJL014_14RT_F0TD1_S_OOO_SLF.jpg""]"
SKU0155,Miu Miu,Top,Piqué polo shirt,MJNA43_6395_F0008_S_OOO,https://www.miumiu.com/content/dam/miumiubkg_products/M/MJN/MJNA43/6395F0008/MJNA43_6395_F0008_S_OOO_SLF.jpg,https://www.miumiu.com/content/dam/miumiubkg_products/M/MJN/MJNA43/6395F0008/MJNA43_6395_F0008_S_OOO_SLF.jpg,https://www.miumiu.com/us/en/p/pique-polo-shirt/MJNA43_6395_F0008_S_OOO,https://www.miumiu.com/content/dam/miumiubkg_products/M/MJN/MJNA43/6395F0008/MJNA43_6395_F0008_S_OOO_SLF.jpg,downloaded,data\luxury-image-library\images\Miu Miu\Top\SKU0155_44ad56e4bb50.jpg,44ad56e4bb50d997bc08ee3b13a3ce18f6ef2ed56b8aa8111b8ac976b24c6bae,,,官方DAM主图直链,"[""https://www.miumiu.com/content/dam/miumiubkg_products/M/MJN/MJNA43/6395F0008/MJNA43_6395_F0008_S_OOO_SLF.jpg""]"
SKU0156,Miu Miu,Top,Cotton piqué polo shirt,MJN535_14RW_F0009_S_OOO,https://www.miumiu.com/content/dam/miumiubkg_products/M/MJN/MJN535/14RWF0009/MJN535_14RW_F0009_S_OOO_SLF.jpg,https://www.miumiu.com/content/dam/miumiubkg_products/M/MJN/MJN535/14RWF0009/MJN535_14RW_F0009_S_OOO_SLF.jpg,https://www.miumiu.com/us/en/p/cotton-pique-polo-shirt/MJN535_14RW_F0009_S_OOO,https://www.miumiu.com/content/dam/miumiubkg_products/M/MJN/MJN535/14RWF0009/MJN535_14RW_F0009_S_OOO_SLF.jpg,downloaded,data\luxury-image-library\images\Miu Miu\Top\SKU0156_51d330f9d9de.jpg,51d330f9d9de635c761d2a522a22b3d567526028eba021845d115f6776be6eb1,,,官方DAM主图直链,"[""https://www.miumiu.com/content/dam/miumiubkg_products/M/MJN/MJN535/14RWF0009/MJN535_14RW_F0009_S_OOO_SLF.jpg""]"
SKU0157,Miu Miu,Top,Cotton piqué polo shirt,MJN535_14RW_F0008_S_OOO,https://www.miumiu.com/content/dam/miumiubkg_products/M/MJN/MJN535/14RWF0008/MJN535_14RW_F0008_S_OOO_SLF.jpg,https://www.miumiu.com/content/dam/miumiubkg_products/M/MJN/MJN535/14RWF0008/MJN535_14RW_F0008_S_OOO_SLF.jpg,https://www.miumiu.com/us/en/p/cotton-pique-polo-shirt/MJN535_14RW_F0008_S_OOO,https://www.miumiu.com/content/dam/miumiubkg_products/M/MJN/MJN535/14RWF0008/MJN535_14RW_F0008_S_OOO_SLF.jpg,downloaded,data\luxury-image-library\images\Miu Miu\Top\SKU0157_e92165b7a33e.jpg,e92165b7a33ed0e188018478cf99f9abc198015262167725674c5258c5ee78a0,,,官方DAM主图直链,"[""https://www.miumiu.com/content/dam/miumiubkg_products/M/MJN/MJN535/14RWF0008/MJN535_14RW_F0008_S_OOO_SLF.jpg""]"
SKU0158,Miu Miu,Top,Fleece sweatshirt,MJL042_15V3_F0031_S_OOO,https://www.miumiu.com/content/dam/miumiubkg_products/M/MJL/MJL042/15V3F0031/MJL042_15V3_F0031_S_OOO_SLF.jpg,https://www.miumiu.com/content/dam/miumiubkg_products/M/MJL/MJL042/15V3F0031/MJL042_15V3_F0031_S_OOO_SLF.jpg,https://www.miumiu.com/us/en/p/fleece-sweatshirt/MJL042_15V3_F0031_S_OOO,https://www.miumiu.com/content/dam/miumiubkg_products/M/MJL/MJL042/15V3F0031/MJL042_15V3_F0031_S_OOO_SLF.jpg,downloaded,data\luxury-image-library\images\Miu Miu\Top\SKU0158_aad1b5bb4fe9.jpg,aad1b5bb4fe9bee43ec1a4395edd5b397f86df2852a194e4a491fdd1d7abe899,,,官方DAM主图直链,"[""https://www.miumiu.com/content/dam/miumiubkg_products/M/MJL/MJL042/15V3F0031/MJL042_15V3_F0031_S_OOO_SLF.jpg""]"
SKU0159,Miu Miu,Top,Cotton fleece sweatshirt,MJT698_15V3_F0031_S_OOO,https://www.miumiu.com/content/dam/miumiubkg_products/M/MJT/MJT698/15V3F0031/MJT698_15V3_F0031_S_OOO_SLF.jpg,https://www.miumiu.com/content/dam/miumiubkg_products/M/MJT/MJT698/15V3F0031/MJT698_15V3_F0031_S_OOO_SLF.jpg,https://www.miumiu.com/us/en/p/cotton-fleece-sweatshirt/MJT698_15V3_F0031_S_OOO,https://www.miumiu.com/content/dam/miumiubkg_products/M/MJT/MJT698/15V3F0031/MJT698_15V3_F0031_S_OOO_SLF.jpg,downloaded,data\luxury-image-library\images\Miu Miu\Top\SKU0159_6a9e9dc41074.jpg,6a9e9dc41074ae7e8850b8713ef29347f2767e63eac65a47b8d9232aec8094f4,,,官方DAM主图直链,"[""https://www.miumiu.com/content/dam/miumiubkg_products/M/MJT/MJT698/15V3F0031/MJT698_15V3_F0031_S_OOO_SLF.jpg""]"
SKU0160,Miu Miu,Outerwear,Fleece zipper jacket,MJL042_18E3_F0161_S_OOO,https://www.miumiu.com/content/dam/miumiubkg_products/M/MJL/MJL042/18E3F0161/MJL042_18E3_F0161_S_OOO_SLF.jpg,https://www.miumiu.com/content/dam/miumiubkg_products/M/MJL/MJL042/18E3F0161/MJL042_18E3_F0161_S_OOO_SLF.jpg,https://www.miumiu.com/us/en/p/fleece-zipper-jacket/MJL042_18E3_F0161_S_OOO,https://www.miumiu.com/content/dam/miumiubkg_products/M/MJL/MJL042/18E3F0161/MJL042_18E3_F0161_S_OOO_SLF.jpg,downloaded,data\luxury-image-library\images\Miu Miu\Outerwear\SKU0160_c04d608b99e4.jpg,c04d608b99e4e9f1f487868ae3f4c1e90393f007ddcfc193c99b87a00a47f654,,,官方DAM主图直链,"[""https://www.miumiu.com/content/dam/miumiubkg_products/M/MJL/MJL042/18E3F0161/MJL042_18E3_F0161_S_OOO_SLF.jpg""]"
SKU0161,Miu Miu,Top,Fleece sweatshirt,MJL043_15V3_F0002_S_OOO,https://www.miumiu.com/content/dam/miumiubkg_products/M/MJL/MJL043/15V3F0002/MJL043_15V3_F0002_S_OOO_SLF.jpg,https://www.miumiu.com/content/dam/miumiubkg_products/M/MJL/MJL043/15V3F0002/MJL043_15V3_F0002_S_OOO_SLF.jpg,https://www.miumiu.com/us/en/p/fleece-sweatshirt/MJL043_15V3_F0002_S_OOO,https://www.miumiu.com/content/dam/miumiubkg_products/M/MJL/MJL043/15V3F0002/MJL043_15V3_F0002_S_OOO_SLF.jpg,downloaded,data\luxury-image-library\images\Miu Miu\Top\SKU0161_da6756bb14e0.jpg,da6756bb14e08482aff30b9eb6fe1e8260e3d13397e5b24a96c4cb14ada1181d,,,官方DAM主图直链,"[""https://www.miumiu.com/content/dam/miumiubkg_products/M/MJL/MJL043/15V3F0002/MJL043_15V3_F0002_S_OOO_SLF.jpg""]"
SKU0162,Miu Miu,Outerwear,Fleece zippered hoodie jacket,MJL053_15V3_F0031_S_OOO,https://www.miumiu.com/content/dam/miumiubkg_products/M/MJL/MJL053/15V3F0031/MJL053_15V3_F0031_S_OOO_SLF.jpg,https://www.miumiu.com/content/dam/miumiubkg_products/M/MJL/MJL053/15V3F0031/MJL053_15V3_F0031_S_OOO_SLF.jpg,https://www.miumiu.com/us/en/p/fleece-zippered-hoodie-jacket/MJL053_15V3_F0031_S_OOO,https://www.miumiu.com/content/dam/miumiubkg_products/M/MJL/MJL053/15V3F0031/MJL053_15V3_F0031_S_OOO_SLF.jpg,downloaded,data\luxury-image-library\images\Miu Miu\Outerwear\SKU0162_4c60dd749145.jpg,4c60dd7491450f71557b3c7e7ee2f7372ed740273fa1f03c1dfc167a9663c1fd,,,官方DAM主图直链,"[""https://www.miumiu.com/content/dam/miumiubkg_products/M/MJL/MJL053/15V3F0031/MJL053_15V3_F0031_S_OOO_SLF.jpg""]"
SKU0163,Miu Miu,Outerwear,Cotton fleece zipper hoodie,MJL053_18E3_F0040_S_OOO,https://www.miumiu.com/content/dam/miumiubkg_products/M/MJL/MJL053/18E3F0040/MJL053_18E3_F0040_S_OOO_SLF.jpg,https://www.miumiu.com/content/dam/miumiubkg_products/M/MJL/MJL053/18E3F0040/MJL053_18E3_F0040_S_OOO_SLF.jpg,https://www.miumiu.com/us/en/p/cotton-fleece-zipper-hoodie/MJL053_18E3_F0040_S_OOO,https://www.miumiu.com/content/dam/miumiubkg_products/M/MJL/MJL053/18E3F0040/MJL053_18E3_F0040_S_OOO_SLF.jpg,downloaded,data\luxury-image-library\images\Miu Miu\Outerwear\SKU0163_a0a82ee61acd.jpg,a0a82ee61acd1f594c20dd70355b9d9ecde3bf5500aefcdc1f0860219286e0b4,,,官方DAM主图直链,"[""https://www.miumiu.com/content/dam/miumiubkg_products/M/MJL/MJL053/18E3F0040/MJL053_18E3_F0040_S_OOO_SLF.jpg""]"
SKU0164,Miu Miu,Outerwear,Gingham check fleece jacket,MJL042_6375_F0UB3_S_OOO,https://www.miumiu.com/content/dam/miumiubkg_products/M/MJL/MJL042/6375F0UB3/MJL042_6375_F0UB3_S_OOO_SLF.jpg,https://www.miumiu.com/content/dam/miumiubkg_products/M/MJL/MJL042/6375F0UB3/MJL042_6375_F0UB3_S_OOO_SLF.jpg,https://www.miumiu.com/us/en/p/gingham-check-fleece-jacket/MJL042_6375_F0UB3_S_OOO,https://www.miumiu.com/content/dam/miumiubkg_products/M/MJL/MJL042/6375F0UB3/MJL042_6375_F0UB3_S_OOO_SLF.jpg,downloaded,data\luxury-image-library\images\Miu Miu\Outerwear\SKU0164_29a54b777848.jpg,29a54b7778483cba059171a52891e112e6da8abeed4db1613c62c7e99198f931,,,官方DAM主图直链,"[""https://www.miumiu.com/content/dam/miumiubkg_products/M/MJL/MJL042/6375F0UB3/MJL042_6375_F0UB3_S_OOO_SLF.jpg""]"
SKU0165,Miu Miu,Top,Jersey T-shirt,MJN537_14RT_F03SN_S_OOO,https://www.miumiu.com/content/dam/miumiubkg_products/M/MJN/MJN537/14RTF03SN/MJN537_14RT_F03SN_S_OOO_SLF.jpg,https://www.miumiu.com/content/dam/miumiubkg_products/M/MJN/MJN537/14RTF03SN/MJN537_14RT_F03SN_S_OOO_SLF.jpg,https://www.miumiu.com/us/en/p/jersey-t-shirt/MJN537_14RT_F03SN_S_OOO,https://www.miumiu.com/content/dam/miumiubkg_products/M/MJN/MJN537/14RTF03SN/MJN537_14RT_F03SN_S_OOO_SLF.jpg,downloaded,data\luxury-image-library\images\Miu Miu\Top\SKU0165_2dd829c21e31.jpg,2dd829c21e31b4736fd9ff54479b22f183b8b7e7f796b9c0b6baa3038978003b,,,官方DAM主图直链,"[""https://www.miumiu.com/content/dam/miumiubkg_products/M/MJN/MJN537/14RTF03SN/MJN537_14RT_F03SN_S_OOO_SLF.jpg""]"
SKU0166,Miu Miu,Top,Jersey T-shirt,MJN537_14RT_F03SP_S_OOO,https://www.miumiu.com/content/dam/miumiubkg_products/M/MJN/MJN537/14RTF03SP/MJN537_14RT_F03SP_S_OOO_SLF.jpg,https://www.miumiu.com/content/dam/miumiubkg_products/M/MJN/MJN537/14RTF03SP/MJN537_14RT_F03SP_S_OOO_SLF.jpg,https://www.miumiu.com/us/en/p/jersey-t-shirt/MJN537_14RT_F03SP_S_OOO,https://www.miumiu.com/content/dam/miumiubkg_products/M/MJN/MJN537/14RTF03SP/MJN537_14RT_F03SP_S_OOO_SLF.jpg,downloaded,data\luxury-image-library\images\Miu Miu\Top\SKU0166_ee1bb8328df7.jpg,ee1bb8328df7c734bf1042f1a42bd8b6d64d3ab473c54cbbf9eb4f47370caa31,,,官方DAM主图直链,"[""https://www.miumiu.com/content/dam/miumiubkg_products/M/MJN/MJN537/14RTF03SP/MJN537_14RT_F03SP_S_OOO_SLF.jpg""]"
SKU0167,Miu Miu,Top,Jersey T-shirt,MJN537_14RT_F046I_S_OOO,https://www.miumiu.com/content/dam/miumiubkg_products/M/MJN/MJN537/14RTF046I/MJN537_14RT_F046I_S_OOO_SLF.jpg,https://www.miumiu.com/content/dam/miumiubkg_products/M/MJN/MJN537/14RTF046I/MJN537_14RT_F046I_S_OOO_SLF.jpg,https://www.miumiu.com/us/en/p/jersey-t-shirt/MJN537_14RT_F046I_S_OOO,https://www.miumiu.com/content/dam/miumiubkg_products/M/MJN/MJN537/14RTF046I/MJN537_14RT_F046I_S_OOO_SLF.jpg,downloaded,data\luxury-image-library\images\Miu Miu\Top\SKU0167_e5d18c5695d6.jpg,e5d18c5695d6691fae663765edadc390ac1f4d92512d44d4d1f827fb6d2c9c29,,,官方DAM主图直链,"[""https://www.miumiu.com/content/dam/miumiubkg_products/M/MJN/MJN537/14RTF046I/MJN537_14RT_F046I_S_OOO_SLF.jpg""]"
SKU0168,Miu Miu,Top,Jersey T-shirt,MJN537_14RT_F0XEI_S_OOO,https://www.miumiu.com/content/dam/miumiubkg_products/M/MJN/MJN537/14RTF0XEI/MJN537_14RT_F0XEI_S_OOO_SLF.jpg,https://www.miumiu.com/content/dam/miumiubkg_products/M/MJN/MJN537/14RTF0XEI/MJN537_14RT_F0XEI_S_OOO_SLF.jpg,https://www.miumiu.com/us/en/p/jersey-t-shirt/MJN537_14RT_F0XEI_S_OOO,https://www.miumiu.com/content/dam/miumiubkg_products/M/MJN/MJN537/14RTF0XEI/MJN537_14RT_F0XEI_S_OOO_SLF.jpg,downloaded,data\luxury-image-library\images\Miu Miu\Top\SKU0168_bbef871796ae.jpg,bbef871796aeb5930c84907fdc8abbcb0aba15095e323257a2609ad1c0f258c6,,,官方DAM主图直链,"[""https://www.miumiu.com/content/dam/miumiubkg_products/M/MJN/MJN537/14RTF0XEI/MJN537_14RT_F0XEI_S_OOO_SLF.jpg""]"
SKU0169,Miu Miu,Top,Striped jersey T-shirt,MJL014_14RT_F03UD_S_OOO,https://www.miumiu.com/content/dam/miumiubkg_products/M/MJL/MJL014/14RTF03UD/MJL014_14RT_F03UD_S_OOO_SLF.jpg,https://www.miumiu.com/content/dam/miumiubkg_products/M/MJL/MJL014/14RTF03UD/MJL014_14RT_F03UD_S_OOO_SLF.jpg,https://www.miumiu.com/us/en/p/striped-jersey-t-shirt/MJL014_14RT_F03UD_S_OOO,https://www.miumiu.com/content/dam/miumiubkg_products/M/MJL/MJL014/14RTF03UD/MJL014_14RT_F03UD_S_OOO_SLF.jpg,downloaded,data\luxury-image-library\images\Miu Miu\Top\SKU0169_a2a46b757769.jpg,a2a46b757769d7fc458466caaafa1e3382c79ccd4aa5bec95e61d1803cd86152,,,官方DAM主图直链,"[""https://www.miumiu.com/content/dam/miumiubkg_products/M/MJL/MJL014/14RTF03UD/MJL014_14RT_F03UD_S_OOO_SLF.jpg""]"
SKU0170,Miu Miu,Top,Striped jersey T-shirt,MJL014_14RT_F0927_S_OOO,https://www.miumiu.com/content/dam/miumiubkg_products/M/MJL/MJL014/14RTF0927/MJL014_14RT_F0927_S_OOO_SLF.jpg,https://www.miumiu.com/content/dam/miumiubkg_products/M/MJL/MJL014/14RTF0927/MJL014_14RT_F0927_S_OOO_SLF.jpg,https://www.miumiu.com/us/en/p/striped-jersey-t-shirt/MJL014_14RT_F0927_S_OOO,https://www.miumiu.com/content/dam/miumiubkg_products/M/MJL/MJL014/14RTF0927/MJL014_14RT_F0927_S_OOO_SLF.jpg,downloaded,data\luxury-image-library\images\Miu Miu\Top\SKU0170_d5fddb97f5d2.jpg,d5fddb97f5d2797a79e013198309c5f97cca2988a02a76ed64f122a122ad0b55,,,官方DAM主图直链,"[""https://www.miumiu.com/content/dam/miumiubkg_products/M/MJL/MJL014/14RTF0927/MJL014_14RT_F0927_S_OOO_SLF.jpg""]"
SKU0171,Miu Miu,Bottom,Five-pocket denim jeans,GWP616_1O6K_F0008_S_OOO,https://www.miumiu.com/content/dam/miumiubkg_products/G/GWP/GWP616/1O6KF0008/GWP616_1O6K_F0008_S_OOO_SLF.jpg,https://www.miumiu.com/content/dam/miumiubkg_products/G/GWP/GWP616/1O6KF0008/GWP616_1O6K_F0008_S_OOO_SLF.jpg,https://www.miumiu.com/us/en/p/five-pocket-denim-jeans/GWP616_1O6K_F0008_S_OOO,https://www.miumiu.com/content/dam/miumiubkg_products/G/GWP/GWP616/1O6KF0008/GWP616_1O6K_F0008_S_OOO_SLF.jpg,downloaded,data\luxury-image-library\images\Miu Miu\Bottom\SKU0171_981898bdecd2.jpg,981898bdecd248ed3e6c0ce3773aae54e798f18157f1b8780b1b57dcbdb74b6d,,,官方DAM主图直链,"[""https://www.miumiu.com/content/dam/miumiubkg_products/G/GWP/GWP616/1O6KF0008/GWP616_1O6K_F0008_S_OOO_SLF.jpg""]"
SKU0172,Miu Miu,Bottom,Five-pocket washed denim jeans,GWP500_1NLC_F0008_S_OOO,https://www.miumiu.com/content/dam/miumiubkg_products/G/GWP/GWP500/1NLCF0008/GWP500_1NLC_F0008_S_OOO_SLF.jpg,https://www.miumiu.com/content/dam/miumiubkg_products/G/GWP/GWP500/1NLCF0008/GWP500_1NLC_F0008_S_OOO_SLF.jpg,https://www.miumiu.com/us/en/p/five-pocket-washed-denim-jeans/GWP500_1NLC_F0008_S_OOO,https://www.miumiu.com/content/dam/miumiubkg_products/G/GWP/GWP500/1NLCF0008/GWP500_1NLC_F0008_S_OOO_SLF.jpg,downloaded,data\luxury-image-library\images\Miu Miu\Bottom\SKU0172_dead28cd2a50.jpg,dead28cd2a50a9efbaa1d63b209617bed7fd791ca40abb6e1eb1867f913768e2,,,官方DAM主图直链,"[""https://www.miumiu.com/content/dam/miumiubkg_products/G/GWP/GWP500/1NLCF0008/GWP500_1NLC_F0008_S_OOO_SLF.jpg""]"
SKU0173,Miu Miu,Bottom,Five-pocket denim jeans,GWP574_6019_F0008_S_OOO,https://www.miumiu.com/content/dam/miumiubkg_products/G/GWP/GWP574/6019F0008/GWP574_6019_F0008_S_OOO_SLF.jpg,https://www.miumiu.com/content/dam/miumiubkg_products/G/GWP/GWP574/6019F0008/GWP574_6019_F0008_S_OOO_SLF.jpg,https://www.miumiu.com/us/en/p/five-pocket-denim-jeans/GWP574_6019_F0008_S_OOO,https://www.miumiu.com/content/dam/miumiubkg_products/G/GWP/GWP574/6019F0008/GWP574_6019_F0008_S_OOO_SLF.jpg,downloaded,data\luxury-image-library\images\Miu Miu\Bottom\SKU0173_841c87304fed.jpg,841c87304fedaf5273ba943c0f3809f79ab92069bd36073eaa08254de7304d1f,,,官方DAM主图直链,"[""https://www.miumiu.com/content/dam/miumiubkg_products/G/GWP/GWP574/6019F0008/GWP574_6019_F0008_S_OOO_SLF.jpg""]"
SKU0174,Miu Miu,Bottom,Five-pocket denim jeans,GWP608_1O6K_F0008_S_OOO,https://www.miumiu.com/content/dam/miumiubkg_products/G/GWP/GWP608/1O6KF0008/GWP608_1O6K_F0008_S_OOO_SLF.jpg,https://www.miumiu.com/content/dam/miumiubkg_products/G/GWP/GWP608/1O6KF0008/GWP608_1O6K_F0008_S_OOO_SLF.jpg,https://www.miumiu.com/us/en/p/five-pocket-denim-jeans/GWP608_1O6K_F0008_S_OOO,https://www.miumiu.com/content/dam/miumiubkg_products/G/GWP/GWP608/1O6KF0008/GWP608_1O6K_F0008_S_OOO_SLF.jpg,downloaded,data\luxury-image-library\images\Miu Miu\Bottom\SKU0174_1549e967561d.jpg,1549e967561d7ccd22fa415d3fd60b89dec51a7ad5388972d9179b399a89198a,,,官方DAM主图直链,"[""https://www.miumiu.com/content/dam/miumiubkg_products/G/GWP/GWP608/1O6KF0008/GWP608_1O6K_F0008_S_OOO_SLF.jpg""]"
SKU0175,Miu Miu,Outerwear,Chambray blouson jacket,GWB320_15MP_F0002_S_OOO,https://www.miumiu.com/content/dam/miumiubkg_products/G/GWB/GWB320/15MPF0002/GWB320_15MP_F0002_S_OOO_SLF.jpg,https://www.miumiu.com/content/dam/miumiubkg_products/G/GWB/GWB320/15MPF0002/GWB320_15MP_F0002_S_OOO_SLF.jpg,https://www.miumiu.com/us/en/p/chambray-blouson-jacket/GWB320_15MP_F0002_S_OOO,https://www.miumiu.com/content/dam/miumiubkg_products/G/GWB/GWB320/15MPF0002/GWB320_15MP_F0002_S_OOO_SLF.jpg,downloaded,data\luxury-image-library\images\Miu Miu\Outerwear\SKU0175_a3acfb2389b2.jpg,a3acfb2389b24cd10a036fa729edf0b7304ff3faad723c2c51186f03a830f65b,,,官方DAM主图直链,"[""https://www.miumiu.com/content/dam/miumiubkg_products/G/GWB/GWB320/15MPF0002/GWB320_15MP_F0002_S_OOO_SLF.jpg""]"
SKU0176,Miu Miu,Bottom,Five-pocket chambray jeans,GWP618_15MP_F0002_S_OOO,https://www.miumiu.com/content/dam/miumiubkg_products/G/GWP/GWP618/15MPF0002/GWP618_15MP_F0002_S_OOO_SLF.jpg,https://www.miumiu.com/content/dam/miumiubkg_products/G/GWP/GWP618/15MPF0002/GWP618_15MP_F0002_S_OOO_SLF.jpg,https://www.miumiu.com/us/en/p/five-pocket-chambray-jeans/GWP618_15MP_F0002_S_OOO,https://www.miumiu.com/content/dam/miumiubkg_products/G/GWP/GWP618/15MPF0002/GWP618_15MP_F0002_S_OOO_SLF.jpg,downloaded,data\luxury-image-library\images\Miu Miu\Bottom\SKU0176_05d357d03798.jpg,05d357d0379870f5084f4e6436df7f3f252e230b98a67b460a5b30bb369dca74,,,官方DAM主图直链,"[""https://www.miumiu.com/content/dam/miumiubkg_products/G/GWP/GWP618/15MPF0002/GWP618_15MP_F0002_S_OOO_SLF.jpg""]"
SKU0177,Miu Miu,Top,Chambray shirt,GWC131_15MP_F0002_S_OOO,https://www.miumiu.com/content/dam/miumiubkg_products/G/GWC/GWC131/15MPF0002/GWC131_15MP_F0002_S_OOO_SLF.jpg,https://www.miumiu.com/content/dam/miumiubkg_products/G/GWC/GWC131/15MPF0002/GWC131_15MP_F0002_S_OOO_SLF.jpg,https://www.miumiu.com/us/en/p/chambray-shirt/GWC131_15MP_F0002_S_OOO,https://www.miumiu.com/content/dam/miumiubkg_products/G/GWC/GWC131/15MPF0002/GWC131_15MP_F0002_S_OOO_SLF.jpg,downloaded,data\luxury-image-library\images\Miu Miu\Top\SKU0177_e21ffa1f7757.jpg,e21ffa1f7757cd51e122afbbcb6615737b794a710ed292adc5f0e76860a57aa7,,,官方DAM主图直链,"[""https://www.miumiu.com/content/dam/miumiubkg_products/G/GWC/GWC131/15MPF0002/GWC131_15MP_F0002_S_OOO_SLF.jpg""]"
SKU0178,Miu Miu,Bottom,Five-pocket washed denim jeans,GWP598_192W_F0013_S_OOO,https://www.miumiu.com/content/dam/miumiubkg_products/G/GWP/GWP598/192WF0013/GWP598_192W_F0013_S_OOO_SLF.jpg,https://www.miumiu.com/content/dam/miumiubkg_products/G/GWP/GWP598/192WF0013/GWP598_192W_F0013_S_OOO_SLF.jpg,https://www.miumiu.com/us/en/p/five-pocket-washed-denim-jeans/GWP598_192W_F0013_S_OOO,https://www.miumiu.com/content/dam/miumiubkg_products/G/GWP/GWP598/192WF0013/GWP598_192W_F0013_S_OOO_SLF.jpg,downloaded,data\luxury-image-library\images\Miu Miu\Bottom\SKU0178_8b8066c9ccea.jpg,8b8066c9ccea9197b0d4144ee194ff756a337392da9b0b493a1fca5d431cb1a6,,,官方DAM主图直链,"[""https://www.miumiu.com/content/dam/miumiubkg_products/G/GWP/GWP598/192WF0013/GWP598_192W_F0013_S_OOO_SLF.jpg""]"
SKU0179,Miu Miu,Top,Cropped chambray tie shirt,GWC144_193K_F0013_S_OOO,https://www.miumiu.com/content/dam/miumiubkg_products/G/GWC/GWC144/193KF0013/GWC144_193K_F0013_S_OOO_SLF.jpg,https://www.miumiu.com/content/dam/miumiubkg_products/G/GWC/GWC144/193KF0013/GWC144_193K_F0013_S_OOO_SLF.jpg,https://www.miumiu.com/us/en/p/cropped-chambray-tie-shirt/GWC144_193K_F0013_S_OOO,https://www.miumiu.com/content/dam/miumiubkg_products/G/GWC/GWC144/193KF0013/GWC144_193K_F0013_S_OOO_SLF.jpg,downloaded,data\luxury-image-library\images\Miu Miu\Top\SKU0179_b09566c0c32c.webp,b09566c0c32ca769df4aa3dd03ff2fb37b2d5be581cbc22b7eb407dbf68b665d,,,官方DAM主图直链,"[""https://www.miumiu.com/content/dam/miumiubkg_products/G/GWC/GWC144/193KF0013/GWC144_193K_F0013_S_OOO_SLF.jpg""]"
SKU0180,Miu Miu,Bottom,Chambray pants,GWP394_193K_F0013_S_232,https://www.miumiu.com/content/dam/miumiubkg_products/G/GWP/GWP394/193KF0013/GWP394_193K_F0013_S_232_SLF.jpg,https://www.miumiu.com/content/dam/miumiubkg_products/G/GWP/GWP394/193KF0013/GWP394_193K_F0013_S_232_SLF.jpg,https://www.miumiu.com/us/en/p/chambray-pants/GWP394_193K_F0013_S_232,https://www.miumiu.com/content/dam/miumiubkg_products/G/GWP/GWP394/193KF0013/GWP394_193K_F0013_S_232_SLF.jpg,downloaded,data\luxury-image-library\images\Miu Miu\Bottom\SKU0180_0b090876aaf5.jpg,0b090876aaf5f0bde8542b6c5f34eb9886462c3526104b30697ffbb8e41b44ae,,,官方DAM主图直链,"[""https://www.miumiu.com/content/dam/miumiubkg_products/G/GWP/GWP394/193KF0013/GWP394_193K_F0013_S_232_SLF.jpg""]"
SKU0181,Miu Miu,Top,Chambray shirt,GWC143_193K_F0013_S_OOO,https://www.miumiu.com/content/dam/miumiubkg_products/G/GWC/GWC143/193KF0013/GWC143_193K_F0013_S_OOO_SLF.jpg,https://www.miumiu.com/content/dam/miumiubkg_products/G/GWC/GWC143/193KF0013/GWC143_193K_F0013_S_OOO_SLF.jpg,https://www.miumiu.com/us/en/p/chambray-shirt/GWC143_193K_F0013_S_OOO,https://www.miumiu.com/content/dam/miumiubkg_products/G/GWC/GWC143/193KF0013/GWC143_193K_F0013_S_OOO_SLF.jpg,downloaded,data\luxury-image-library\images\Miu Miu\Top\SKU0181_0be17b0773da.jpg,0be17b0773dac99ea0ad7004460863ae3e8ab422e26dbf4e4bf0b7d30195e902,,,官方DAM主图直链,"[""https://www.miumiu.com/content/dam/miumiubkg_products/G/GWC/GWC143/193KF0013/GWC143_193K_F0013_S_OOO_SLF.jpg""]"
SKU0182,Miu Miu,Outerwear,Chambray blouson jacket,GWB320_193K_F0013_S_OOO,https://www.miumiu.com/content/dam/miumiubkg_products/G/GWB/GWB320/193KF0013/GWB320_193K_F0013_S_OOO_SLF.jpg,https://www.miumiu.com/content/dam/miumiubkg_products/G/GWB/GWB320/193KF0013/GWB320_193K_F0013_S_OOO_SLF.jpg,https://www.miumiu.com/us/en/p/chambray-blouson-jacket/GWB320_193K_F0013_S_OOO,https://www.miumiu.com/content/dam/miumiubkg_products/G/GWB/GWB320/193KF0013/GWB320_193K_F0013_S_OOO_SLF.jpg,downloaded,data\luxury-image-library\images\Miu Miu\Outerwear\SKU0182_20f3990b2c5c.jpg,20f3990b2c5c7e2b229ae35bf82dddfcb917386b64a00391c46eeba9ea802eee,,,官方DAM主图直链,"[""https://www.miumiu.com/content/dam/miumiubkg_products/G/GWB/GWB320/193KF0013/GWB320_193K_F0013_S_OOO_SLF.jpg""]"
SKU0183,Miu Miu,Top,Washed denim bandeau top,GWT071_197U_F0008_S_OOO,https://www.miumiu.com/content/dam/miumiubkg_products/G/GWT/GWT071/197UF0008/GWT071_197U_F0008_S_OOO_SLF.jpg,https://www.miumiu.com/content/dam/miumiubkg_products/G/GWT/GWT071/197UF0008/GWT071_197U_F0008_S_OOO_SLF.jpg,https://www.miumiu.com/us/en/p/washed-denim-bandeau-top/GWT071_197U_F0008_S_OOO,https://www.miumiu.com/content/dam/miumiubkg_products/G/GWT/GWT071/197UF0008/GWT071_197U_F0008_S_OOO_SLF.jpg,downloaded,data\luxury-image-library\images\Miu Miu\Top\SKU0183_e8dc2011260f.jpg,e8dc2011260f11b01b9f4cbce5f830a16ef4f486fe074093ccb8a3101b49547c,,,官方DAM主图直链,"[""https://www.miumiu.com/content/dam/miumiubkg_products/G/GWT/GWT071/197UF0008/GWT071_197U_F0008_S_OOO_SLF.jpg""]"
SKU0184,Miu Miu,Bottom,Washed denim jeans,GWP612_197U_F0008_S_OOO,https://www.miumiu.com/content/dam/miumiubkg_products/G/GWP/GWP612/197UF0008/GWP612_197U_F0008_S_OOO_SLF.jpg,https://www.miumiu.com/content/dam/miumiubkg_products/G/GWP/GWP612/197UF0008/GWP612_197U_F0008_S_OOO_SLF.jpg,https://www.miumiu.com/us/en/p/washed-denim-jeans/GWP612_197U_F0008_S_OOO,https://www.miumiu.com/content/dam/miumiubkg_products/G/GWP/GWP612/197UF0008/GWP612_197U_F0008_S_OOO_SLF.jpg,downloaded,data\luxury-image-library\images\Miu Miu\Bottom\SKU0184_8331644e77c1.webp,8331644e77c199bb8f6d406a481f889e49bddf6342a58740baff4a2f6159c2f5,,,官方DAM主图直链,"[""https://www.miumiu.com/content/dam/miumiubkg_products/G/GWP/GWP612/197UF0008/GWP612_197U_F0008_S_OOO_SLF.jpg""]"
SKU0185,Miu Miu,Outerwear,Washed denim and suede blouson jacket,GWB313_196Y_F0013_S_OOO,https://www.miumiu.com/content/dam/miumiubkg_products/G/GWB/GWB313/196YF0013/GWB313_196Y_F0013_S_OOO_SLF.jpg,https://www.miumiu.com/content/dam/miumiubkg_products/G/GWB/GWB313/196YF0013/GWB313_196Y_F0013_S_OOO_SLF.jpg,https://www.miumiu.com/us/en/p/washed-denim-and-suede-blouson-jacket/GWB313_196Y_F0013_S_OOO,https://www.miumiu.com/content/dam/miumiubkg_products/G/GWB/GWB313/196YF0013/GWB313_196Y_F0013_S_OOO_SLF.jpg,downloaded,data\luxury-image-library\images\Miu Miu\Outerwear\SKU0185_4118783d7972.jpg,4118783d7972e0e3cc572942f04367539de419a309fdd65da95ef828c37453a1,,,官方DAM主图直链,"[""https://www.miumiu.com/content/dam/miumiubkg_products/G/GWB/GWB313/196YF0013/GWB313_196Y_F0013_S_OOO_SLF.jpg""]"
SKU0186,Miu Miu,Top,Washed denim shirt,GWC145_192V_F0013_S_OOO,https://www.miumiu.com/content/dam/miumiubkg_products/G/GWC/GWC145/192VF0013/GWC145_192V_F0013_S_OOO_SLF.jpg,https://www.miumiu.com/content/dam/miumiubkg_products/G/GWC/GWC145/192VF0013/GWC145_192V_F0013_S_OOO_SLF.jpg,https://www.miumiu.com/us/en/p/washed-denim-shirt/GWC145_192V_F0013_S_OOO,https://www.miumiu.com/content/dam/miumiubkg_products/G/GWC/GWC145/192VF0013/GWC145_192V_F0013_S_OOO_SLF.jpg,downloaded,data\luxury-image-library\images\Miu Miu\Top\SKU0186_a9f0e6245a41.jpg,a9f0e6245a411583b0a56a692938333663e80a3ebaaeb827d1840f8d79f01947,,,官方DAM主图直链,"[""https://www.miumiu.com/content/dam/miumiubkg_products/G/GWC/GWC145/192VF0013/GWC145_192V_F0013_S_OOO_SLF.jpg""]"
SKU0187,Miu Miu,Bottom,Five-pocket washed denim jeans,GWP607_192V_F0013_S_OOO,https://www.miumiu.com/content/dam/miumiubkg_products/G/GWP/GWP607/192VF0013/GWP607_192V_F0013_S_OOO_SLF.jpg,https://www.miumiu.com/content/dam/miumiubkg_products/G/GWP/GWP607/192VF0013/GWP607_192V_F0013_S_OOO_SLF.jpg,https://www.miumiu.com/us/en/p/five-pocket-washed-denim-jeans/GWP607_192V_F0013_S_OOO,https://www.miumiu.com/content/dam/miumiubkg_products/G/GWP/GWP607/192VF0013/GWP607_192V_F0013_S_OOO_SLF.jpg,downloaded,data\luxury-image-library\images\Miu Miu\Bottom\SKU0187_6d55827260fb.jpg,6d55827260fb15fef889d52b5a536b241068b26b419db0224a7a1c923a293d85,,,官方DAM主图直链,"[""https://www.miumiu.com/content/dam/miumiubkg_products/G/GWP/GWP607/192VF0013/GWP607_192V_F0013_S_OOO_SLF.jpg""]"
SKU0188,Miu Miu,Outerwear,Cropped white denim jacket,GWB314_197V_F0009_S_OOO,https://www.miumiu.com/content/dam/miumiubkg_products/G/GWB/GWB314/197VF0009/GWB314_197V_F0009_S_OOO_SLF.jpg,https://www.miumiu.com/content/dam/miumiubkg_products/G/GWB/GWB314/197VF0009/GWB314_197V_F0009_S_OOO_SLF.jpg,https://www.miumiu.com/us/en/p/cropped-white-denim-jacket/GWB314_197V_F0009_S_OOO,https://www.miumiu.com/content/dam/miumiubkg_products/G/GWB/GWB314/197VF0009/GWB314_197V_F0009_S_OOO_SLF.jpg,downloaded,data\luxury-image-library\images\Miu Miu\Outerwear\SKU0188_f86517de0d66.jpg,f86517de0d66eba3bf1e6a165f4750b6c3f9844bce4b2e2baf12f6b63eb8497c,,,官方DAM主图直链,"[""https://www.miumiu.com/content/dam/miumiubkg_products/G/GWB/GWB314/197VF0009/GWB314_197V_F0009_S_OOO_SLF.jpg""]"
SKU0189,Miu Miu,Bottom,Denim jeans,GWP613_197V_F0009_S_OOO,https://www.miumiu.com/content/dam/miumiubkg_products/G/GWP/GWP613/197VF0009/GWP613_197V_F0009_S_OOO_SLF.jpg,https://www.miumiu.com/content/dam/miumiubkg_products/G/GWP/GWP613/197VF0009/GWP613_197V_F0009_S_OOO_SLF.jpg,https://www.miumiu.com/us/en/p/denim-jeans/GWP613_197V_F0009_S_OOO,https://www.miumiu.com/content/dam/miumiubkg_products/G/GWP/GWP613/197VF0009/GWP613_197V_F0009_S_OOO_SLF.jpg,downloaded,data\luxury-image-library\images\Miu Miu\Bottom\SKU0189_4ffe79a5109a.jpg,4ffe79a5109a0e5f480e2059022c6986a5efc720edd5203c442bf38f5b1b06d6,,,官方DAM主图直链,"[""https://www.miumiu.com/content/dam/miumiubkg_products/G/GWP/GWP613/197VF0009/GWP613_197V_F0009_S_OOO_SLF.jpg""]"
SKU0190,Miu Miu,Bottom,Washed denim miniskirt,GWD357_192W_F0013_S_OOO,https://www.miumiu.com/content/dam/miumiubkg_products/G/GWD/GWD357/192WF0013/GWD357_192W_F0013_S_OOO_SLF.jpg,https://www.miumiu.com/content/dam/miumiubkg_products/G/GWD/GWD357/192WF0013/GWD357_192W_F0013_S_OOO_SLF.jpg,https://www.miumiu.com/us/en/p/washed-denim-miniskirt/GWD357_192W_F0013_S_OOO,https://www.miumiu.com/content/dam/miumiubkg_products/G/GWD/GWD357/192WF0013/GWD357_192W_F0013_S_OOO_SLF.jpg,downloaded,data\luxury-image-library\images\Miu Miu\Bottom\SKU0190_08d2ddaa763b.jpg,08d2ddaa763b7062b6f2c8530ba4ef1c816a5a4fed80c09ef36cc4828bb94285,,,官方DAM主图直链,"[""https://www.miumiu.com/content/dam/miumiubkg_products/G/GWD/GWD357/192WF0013/GWD357_192W_F0013_S_OOO_SLF.jpg""]"
SKU0191,Miu Miu,Bottom,Washed denim shorts,GWP609_192W_F0013_S_OOO,https://www.miumiu.com/content/dam/miumiubkg_products/G/GWP/GWP609/192WF0013/GWP609_192W_F0013_S_OOO_SLF.jpg,https://www.miumiu.com/content/dam/miumiubkg_products/G/GWP/GWP609/192WF0013/GWP609_192W_F0013_S_OOO_SLF.jpg,https://www.miumiu.com/us/en/p/washed-denim-shorts/GWP609_192W_F0013_S_OOO,https://www.miumiu.com/content/dam/miumiubkg_products/G/GWP/GWP609/192WF0013/GWP609_192W_F0013_S_OOO_SLF.jpg,downloaded,data\luxury-image-library\images\Miu Miu\Bottom\SKU0191_d4d5d5a5a84b.jpg,d4d5d5a5a84ba60e16401b1635d7584dd379608bfb0de15b39268ebcf517926c,,,官方DAM主图直链,"[""https://www.miumiu.com/content/dam/miumiubkg_products/G/GWP/GWP609/192WF0013/GWP609_192W_F0013_S_OOO_SLF.jpg""]"
SKU0192,Miu Miu,Outerwear,Denim blouson jacket,GWB148_10BF_F0008_S_OOO,https://www.miumiu.com/content/dam/miumiubkg_products/G/GWB/GWB148/10BFF0008/GWB148_10BF_F0008_S_OOO_SLF.jpg,https://www.miumiu.com/content/dam/miumiubkg_products/G/GWB/GWB148/10BFF0008/GWB148_10BF_F0008_S_OOO_SLF.jpg,https://www.miumiu.com/us/en/p/denim-blouson-jacket/GWB148_10BF_F0008_S_OOO,https://www.miumiu.com/content/dam/miumiubkg_products/G/GWB/GWB148/10BFF0008/GWB148_10BF_F0008_S_OOO_SLF.jpg,downloaded,data\luxury-image-library\images\Miu Miu\Outerwear\SKU0192_3e23c43a6706.webp,3e23c43a67067b193d2e94ca6bc50636f9d81af104efbcc2b1858e05ef314cb6,,,官方DAM主图直链,"[""https://www.miumiu.com/content/dam/miumiubkg_products/G/GWB/GWB148/10BFF0008/GWB148_10BF_F0008_S_OOO_SLF.jpg""]"
SKU0193,Miu Miu,Bottom,Five-pocket denim jeans,GWP435_10BF_F0008_S_OOO,https://www.miumiu.com/content/dam/miumiubkg_products/G/GWP/GWP435/10BFF0008/GWP435_10BF_F0008_S_OOO_SLF.jpg,https://www.miumiu.com/content/dam/miumiubkg_products/G/GWP/GWP435/10BFF0008/GWP435_10BF_F0008_S_OOO_SLF.jpg,https://www.miumiu.com/us/en/p/five-pocket-denim-jeans/GWP435_10BF_F0008_S_OOO,https://www.miumiu.com/content/dam/miumiubkg_products/G/GWP/GWP435/10BFF0008/GWP435_10BF_F0008_S_OOO_SLF.jpg,downloaded,data\luxury-image-library\images\Miu Miu\Bottom\SKU0193_70863d4f24d6.webp,70863d4f24d6a51a5046d1287fc3d5b6085056e09e767712342627abf563b036,,,官方DAM主图直链,"[""https://www.miumiu.com/content/dam/miumiubkg_products/G/GWP/GWP435/10BFF0008/GWP435_10BF_F0008_S_OOO_SLF.jpg""]"
SKU0194,Miu Miu,Bottom,Technical fabric pants,MP2051_148U_F0192_S_OOO,https://www.miumiu.com/content/dam/miumiubkg_products/M/MP2/MP2051/148UF0192/MP2051_148U_F0192_S_OOO_SLF.jpg,https://www.miumiu.com/content/dam/miumiubkg_products/M/MP2/MP2051/148UF0192/MP2051_148U_F0192_S_OOO_SLF.jpg,https://www.miumiu.com/us/en/p/technical-fabric-pants/MP2051_148U_F0192_S_OOO,https://www.miumiu.com/content/dam/miumiubkg_products/M/MP2/MP2051/148UF0192/MP2051_148U_F0192_S_OOO_SLF.jpg,downloaded,data\luxury-image-library\images\Miu Miu\Bottom\SKU0194_94aed9cfd805.jpg,94aed9cfd805ad6997122e25199df425080f4ef8e2efa52bff0dbf31aba2e73c,,,官方DAM主图直链,"[""https://www.miumiu.com/content/dam/miumiubkg_products/M/MP2/MP2051/148UF0192/MP2051_148U_F0192_S_OOO_SLF.jpg""]"
SKU0195,Miu Miu,Bottom,Technical fabric pants,MP2051_148U_F0215_S_OOO,https://www.miumiu.com/content/dam/miumiubkg_products/M/MP2/MP2051/148UF0215/MP2051_148U_F0215_S_OOO_SLF.jpg,https://www.miumiu.com/content/dam/miumiubkg_products/M/MP2/MP2051/148UF0215/MP2051_148U_F0215_S_OOO_SLF.jpg,https://www.miumiu.com/us/en/p/technical-fabric-pants/MP2051_148U_F0215_S_OOO,https://www.miumiu.com/content/dam/miumiubkg_products/M/MP2/MP2051/148UF0215/MP2051_148U_F0215_S_OOO_SLF.jpg,downloaded,data\luxury-image-library\images\Miu Miu\Bottom\SKU0195_25bc55c2ba7e.jpg,25bc55c2ba7e941db78acdfbbfc6661c8b96022ac664e6d7f93803e871508813,,,官方DAM主图直链,"[""https://www.miumiu.com/content/dam/miumiubkg_products/M/MP2/MP2051/148UF0215/MP2051_148U_F0215_S_OOO_SLF.jpg""]"
SKU0196,Miu Miu,Bottom,Double wool pants,MP2051_6471_F0008_S_OOO,https://www.miumiu.com/content/dam/miumiubkg_products/M/MP2/MP2051/6471F0008/MP2051_6471_F0008_S_OOO_SLF.jpg,https://www.miumiu.com/content/dam/miumiubkg_products/M/MP2/MP2051/6471F0008/MP2051_6471_F0008_S_OOO_SLF.jpg,https://www.miumiu.com/us/en/p/double-wool-pants/MP2051_6471_F0008_S_OOO,https://www.miumiu.com/content/dam/miumiubkg_products/M/MP2/MP2051/6471F0008/MP2051_6471_F0008_S_OOO_SLF.jpg,downloaded,data\luxury-image-library\images\Miu Miu\Bottom\SKU0196_132e713100a6.jpg,132e713100a699f7414282ea90a5ee4f3e73d7bce70df6cf4e31546847e086d1,,,官方DAM主图直链,"[""https://www.miumiu.com/content/dam/miumiubkg_products/M/MP2/MP2051/6471F0008/MP2051_6471_F0008_S_OOO_SLF.jpg""]"
SKU0197,Miu Miu,Bottom,Double wool pants,MP2051_6471_F0007_S_OOO,https://www.miumiu.com/content/dam/miumiubkg_products/M/MP2/MP2051/6471F0007/MP2051_6471_F0007_S_OOO_SLF.jpg,https://www.miumiu.com/content/dam/miumiubkg_products/M/MP2/MP2051/6471F0007/MP2051_6471_F0007_S_OOO_SLF.jpg,https://www.miumiu.com/us/en/p/double-wool-pants/MP2051_6471_F0007_S_OOO,https://www.miumiu.com/content/dam/miumiubkg_products/M/MP2/MP2051/6471F0007/MP2051_6471_F0007_S_OOO_SLF.jpg,downloaded,data\luxury-image-library\images\Miu Miu\Bottom\SKU0197_0c22010bfb4f.jpg,0c22010bfb4fe63b5356328f1fdc5b9c1694275cf4133f849494255bb93bca56,,,官方DAM主图直链,"[""https://www.miumiu.com/content/dam/miumiubkg_products/M/MP2/MP2051/6471F0007/MP2051_6471_F0007_S_OOO_SLF.jpg""]"
SKU0198,Miu Miu,Bottom,Double wool pants,MP2051_6471_F0050_S_OOO,https://www.miumiu.com/content/dam/miumiubkg_products/M/MP2/MP2051/6471F0050/MP2051_6471_F0050_S_OOO_SLF.jpg,https://www.miumiu.com/content/dam/miumiubkg_products/M/MP2/MP2051/6471F0050/MP2051_6471_F0050_S_OOO_SLF.jpg,https://www.miumiu.com/us/en/p/double-wool-pants/MP2051_6471_F0050_S_OOO,https://www.miumiu.com/content/dam/miumiubkg_products/M/MP2/MP2051/6471F0050/MP2051_6471_F0050_S_OOO_SLF.jpg,downloaded,data\luxury-image-library\images\Miu Miu\Bottom\SKU0198_8c06dc160de9.jpg,8c06dc160de9129f05a1900864b8f1d8e2584cff1cd0251472cf065695b9ee51,,,官方DAM主图直链,"[""https://www.miumiu.com/content/dam/miumiubkg_products/M/MP2/MP2051/6471F0050/MP2051_6471_F0050_S_OOO_SLF.jpg""]"
SKU0199,Miu Miu,Bottom,Stretch poplin pants,MP2054_6472_F0002_S_OOO,https://www.miumiu.com/content/dam/miumiubkg_products/M/MP2/MP2054/6472F0002/MP2054_6472_F0002_S_OOO_SLF.jpg,https://www.miumiu.com/content/dam/miumiubkg_products/M/MP2/MP2054/6472F0002/MP2054_6472_F0002_S_OOO_SLF.jpg,https://www.miumiu.com/us/en/p/stretch-poplin-pants/MP2054_6472_F0002_S_OOO,https://www.miumiu.com/content/dam/miumiubkg_products/M/MP2/MP2054/6472F0002/MP2054_6472_F0002_S_OOO_SLF.jpg,downloaded,data\luxury-image-library\images\Miu Miu\Bottom\SKU0199_66e4853e3ba6.jpg,66e4853e3ba671e418a961ad35ed689fa0ba5e255457d3fdfd57e19117074fa2,,,官方DAM主图直链,"[""https://www.miumiu.com/content/dam/miumiubkg_products/M/MP2/MP2054/6472F0002/MP2054_6472_F0002_S_OOO_SLF.jpg""]"
SKU0200,Miu Miu,Bottom,Stretch wool pants,MP2047_17L4_F0124_S_OOO,https://www.miumiu.com/content/dam/miumiubkg_products/M/MP2/MP2047/17L4F0124/MP2047_17L4_F0124_S_OOO_SLF.jpg,https://www.miumiu.com/content/dam/miumiubkg_products/M/MP2/MP2047/17L4F0124/MP2047_17L4_F0124_S_OOO_SLF.jpg,https://www.miumiu.com/us/en/p/stretch-wool-pants/MP2047_17L4_F0124_S_OOO,https://www.miumiu.com/content/dam/miumiubkg_products/M/MP2/MP2047/17L4F0124/MP2047_17L4_F0124_S_OOO_SLF.jpg,downloaded,data\luxury-image-library\images\Miu Miu\Bottom\SKU0200_623f5ac03442.jpg,623f5ac03442948e0b94cb21ed32a5098bf839d76bb04015758f8b658fbc3ecd,,,官方DAM主图直链,"[""https://www.miumiu.com/content/dam/miumiubkg_products/M/MP2/MP2047/17L4F0124/MP2047_17L4_F0124_S_OOO_SLF.jpg""]"
SKU0201,Miu Miu,Bottom,Stretch wool pants,MP2047_17L4_F063H_S_OOO,https://www.miumiu.com/content/dam/miumiubkg_products/M/MP2/MP2047/17L4F063H/MP2047_17L4_F063H_S_OOO_SLF.jpg,https://www.miumiu.com/content/dam/miumiubkg_products/M/MP2/MP2047/17L4F063H/MP2047_17L4_F063H_S_OOO_SLF.jpg,https://www.miumiu.com/us/en/p/stretch-wool-pants/MP2047_17L4_F063H_S_OOO,https://www.miumiu.com/content/dam/miumiubkg_products/M/MP2/MP2047/17L4F063H/MP2047_17L4_F063H_S_OOO_SLF.jpg,downloaded,data\luxury-image-library\images\Miu Miu\Bottom\SKU0201_0bb8d6a9c2e6.jpg,0bb8d6a9c2e6c3adca0d3d1cc21c9c89c780a882e5a08eaee1f3a5b3afc432cc,,,官方DAM主图直链,"[""https://www.miumiu.com/content/dam/miumiubkg_products/M/MP2/MP2047/17L4F063H/MP2047_17L4_F063H_S_OOO_SLF.jpg""]"
SKU0202,Miu Miu,Bottom,Washed gabardine trousers,MP2044_19LW_F0065_S_OOO,https://www.miumiu.com/content/dam/miumiubkg_products/M/MP2/MP2044/19LWF0065/MP2044_19LW_F0065_S_OOO_SLF.jpg,https://www.miumiu.com/content/dam/miumiubkg_products/M/MP2/MP2044/19LWF0065/MP2044_19LW_F0065_S_OOO_SLF.jpg,https://www.miumiu.com/us/en/p/washed-gabardine-trousers/MP2044_19LW_F0065_S_OOO,https://www.miumiu.com/content/dam/miumiubkg_products/M/MP2/MP2044/19LWF0065/MP2044_19LW_F0065_S_OOO_SLF.jpg,downloaded,data\luxury-image-library\images\Miu Miu\Bottom\SKU0202_bdecdcae4943.jpg,bdecdcae49430ac20fb1cbb4e2e909499cb4d19752288152d9e4dc581ab5ef10,,,官方DAM主图直链,"[""https://www.miumiu.com/content/dam/miumiubkg_products/M/MP2/MP2044/19LWF0065/MP2044_19LW_F0065_S_OOO_SLF.jpg""]"
SKU0203,Miu Miu,Bottom,Leather pants,MPP421_19E6_F0003_S_OOO,https://www.miumiu.com/content/dam/miumiubkg_products/M/MPP/MPP421/19E6F0003/MPP421_19E6_F0003_S_OOO_SLF.jpg,https://www.miumiu.com/content/dam/miumiubkg_products/M/MPP/MPP421/19E6F0003/MPP421_19E6_F0003_S_OOO_SLF.jpg,https://www.miumiu.com/us/en/p/leather-pants/MPP421_19E6_F0003_S_OOO,https://www.miumiu.com/content/dam/miumiubkg_products/M/MPP/MPP421/19E6F0003/MPP421_19E6_F0003_S_OOO_SLF.jpg,downloaded,data\luxury-image-library\images\Miu Miu\Bottom\SKU0203_050c70b3ef19.jpg,050c70b3ef191c1832389494b1da20134ca7f06d5734cc1daaadb20842fd2790,,,官方DAM主图直链,"[""https://www.miumiu.com/content/dam/miumiubkg_products/M/MPP/MPP421/19E6F0003/MPP421_19E6_F0003_S_OOO_SLF.jpg""]"
SKU0204,Miu Miu,Bottom,Technical poplin joggers,MP2056_18VR_F0009_S_OOO,https://www.miumiu.com/content/dam/miumiubkg_products/M/MP2/MP2056/18VRF0009/MP2056_18VR_F0009_S_OOO_SLF.jpg,https://www.miumiu.com/content/dam/miumiubkg_products/M/MP2/MP2056/18VRF0009/MP2056_18VR_F0009_S_OOO_SLF.jpg,https://www.miumiu.com/us/en/p/technical-poplin-joggers/MP2056_18VR_F0009_S_OOO,https://www.miumiu.com/content/dam/miumiubkg_products/M/MP2/MP2056/18VRF0009/MP2056_18VR_F0009_S_OOO_SLF.jpg,downloaded,data\luxury-image-library\images\Miu Miu\Bottom\SKU0204_1bfb97d45182.jpg,1bfb97d45182463bcc09dbb9cfd152d67e94eefd56752384f2b3154248c227db,,,官方DAM主图直链,"[""https://www.miumiu.com/content/dam/miumiubkg_products/M/MP2/MP2056/18VRF0009/MP2056_18VR_F0009_S_OOO_SLF.jpg""]"
SKU0205,Miu Miu,Bottom,Washed gabardine shorts,MP2045_19LW_F0192_S_OOO,https://www.miumiu.com/content/dam/miumiubkg_products/M/MP2/MP2045/19LWF0192/MP2045_19LW_F0192_S_OOO_SLF.jpg,https://www.miumiu.com/content/dam/miumiubkg_products/M/MP2/MP2045/19LWF0192/MP2045_19LW_F0192_S_OOO_SLF.jpg,https://www.miumiu.com/us/en/p/washed-gabardine-shorts/MP2045_19LW_F0192_S_OOO,https://www.miumiu.com/content/dam/miumiubkg_products/M/MP2/MP2045/19LWF0192/MP2045_19LW_F0192_S_OOO_SLF.jpg,downloaded,data\luxury-image-library\images\Miu Miu\Bottom\SKU0205_3e9c5ed73f65.jpg,3e9c5ed73f657652f38aa2955ac54ccb87496196b19de2966a06db03b2ba477e,,,官方DAM主图直链,"[""https://www.miumiu.com/content/dam/miumiubkg_products/M/MP2/MP2045/19LWF0192/MP2045_19LW_F0192_S_OOO_SLF.jpg""]"
SKU0206,Miu Miu,Bottom,Panama cotton Bermudas,MP2026_12NS_F0A08_S_OOO,https://www.miumiu.com/content/dam/miumiubkg_products/M/MP2/MP2026/12NSF0A08/MP2026_12NS_F0A08_S_OOO_SLF.jpg,https://www.miumiu.com/content/dam/miumiubkg_products/M/MP2/MP2026/12NSF0A08/MP2026_12NS_F0A08_S_OOO_SLF.jpg,https://www.miumiu.com/us/en/p/panama-cotton-bermudas/MP2026_12NS_F0A08_S_OOO,https://www.miumiu.com/content/dam/miumiubkg_products/M/MP2/MP2026/12NSF0A08/MP2026_12NS_F0A08_S_OOO_SLF.jpg,downloaded,data\luxury-image-library\images\Miu Miu\Bottom\SKU0206_0ed94ffceccf.jpg,0ed94ffceccf90d34a2181f9440ce69693f5792faf858d23a500698395453347,,,官方DAM主图直链,"[""https://www.miumiu.com/content/dam/miumiubkg_products/M/MP2/MP2026/12NSF0A08/MP2026_12NS_F0A08_S_OOO_SLF.jpg""]"
SKU0207,Miu Miu,Bottom,Technical fabric Bermudas,MP2027_121I_F0008_S_OOO,https://www.miumiu.com/content/dam/miumiubkg_products/M/MP2/MP2027/121IF0008/MP2027_121I_F0008_S_OOO_SLF.jpg,https://www.miumiu.com/content/dam/miumiubkg_products/M/MP2/MP2027/121IF0008/MP2027_121I_F0008_S_OOO_SLF.jpg,https://www.miumiu.com/us/en/p/technical-fabric-bermudas/MP2027_121I_F0008_S_OOO,https://www.miumiu.com/content/dam/miumiubkg_products/M/MP2/MP2027/121IF0008/MP2027_121I_F0008_S_OOO_SLF.jpg,downloaded,data\luxury-image-library\images\Miu Miu\Bottom\SKU0207_624a43231c9f.jpg,624a43231c9f32041477b82c45613158988b844d2b6365ffd30d984dd32e5b8b,,,官方DAM主图直链,"[""https://www.miumiu.com/content/dam/miumiubkg_products/M/MP2/MP2027/121IF0008/MP2027_121I_F0008_S_OOO_SLF.jpg""]"
SKU0208,Miu Miu,Bottom,Kid mohair shorts,MP2017_12I1_F0124_S_OOO,https://www.miumiu.com/content/dam/miumiubkg_products/M/MP2/MP2017/12I1F0124/MP2017_12I1_F0124_S_OOO_SLF.jpg,https://www.miumiu.com/content/dam/miumiubkg_products/M/MP2/MP2017/12I1F0124/MP2017_12I1_F0124_S_OOO_SLF.jpg,https://www.miumiu.com/us/en/p/kid-mohair-shorts/MP2017_12I1_F0124_S_OOO,https://www.miumiu.com/content/dam/miumiubkg_products/M/MP2/MP2017/12I1F0124/MP2017_12I1_F0124_S_OOO_SLF.jpg,downloaded,data\luxury-image-library\images\Miu Miu\Bottom\SKU0208_b3fac337c7ba.jpg,b3fac337c7bad4a294d11a45023630163941fed7282904136f860b0d17fd9039,,,官方DAM主图直链,"[""https://www.miumiu.com/content/dam/miumiubkg_products/M/MP2/MP2017/12I1F0124/MP2017_12I1_F0124_S_OOO_SLF.jpg""]"
SKU0209,Miu Miu,Bottom,Technical fabric pants,MMP301_19UL_F0W5H_S_OOO,https://www.miumiu.com/content/dam/miumiubkg_products/M/MMP/MMP301/19ULF0W5H/MMP301_19UL_F0W5H_S_OOO_SLF.jpg,https://www.miumiu.com/content/dam/miumiubkg_products/M/MMP/MMP301/19ULF0W5H/MMP301_19UL_F0W5H_S_OOO_SLF.jpg,https://www.miumiu.com/us/en/p/technical-fabric-pants/MMP301_19UL_F0W5H_S_OOO,https://www.miumiu.com/content/dam/miumiubkg_products/M/MMP/MMP301/19ULF0W5H/MMP301_19UL_F0W5H_S_OOO_SLF.jpg,downloaded,data\luxury-image-library\images\Miu Miu\Bottom\SKU0209_265dac10f4b4.jpg,265dac10f4b4cffb91652bb82a532f98075f9b3c0119ee5e118240db59697938,,,官方DAM主图直链,"[""https://www.miumiu.com/content/dam/miumiubkg_products/M/MMP/MMP301/19ULF0W5H/MMP301_19UL_F0W5H_S_OOO_SLF.jpg""]"
SKU0210,Miu Miu,Bottom,Technical fabric pants,MMP305_19UL_F069Q_S_OOO,https://www.miumiu.com/content/dam/miumiubkg_products/M/MMP/MMP305/19ULF069Q/MMP305_19UL_F069Q_S_OOO_SLF.jpg,https://www.miumiu.com/content/dam/miumiubkg_products/M/MMP/MMP305/19ULF069Q/MMP305_19UL_F069Q_S_OOO_SLF.jpg,https://www.miumiu.com/us/en/p/technical-fabric-pants/MMP305_19UL_F069Q_S_OOO,https://www.miumiu.com/content/dam/miumiubkg_products/M/MMP/MMP305/19ULF069Q/MMP305_19UL_F069Q_S_OOO_SLF.jpg,downloaded,data\luxury-image-library\images\Miu Miu\Bottom\SKU0210_6168f081d364.jpg,6168f081d364b28c8d5ec346c415ff278714fe18ba095d3ad01b18c745232c2c,,,官方DAM主图直链,"[""https://www.miumiu.com/content/dam/miumiubkg_products/M/MMP/MMP305/19ULF069Q/MMP305_19UL_F069Q_S_OOO_SLF.jpg""]"
SKU0211,Miu Miu,Bottom,Technical fabric shorts,MP1809_121I_F0324_S_OOO,https://www.miumiu.com/content/dam/miumiubkg_products/M/MP1/MP1809/121IF0324/MP1809_121I_F0324_S_OOO_SLF.jpg,https://www.miumiu.com/content/dam/miumiubkg_products/M/MP1/MP1809/121IF0324/MP1809_121I_F0324_S_OOO_SLF.jpg,https://www.miumiu.com/us/en/p/technical-fabric-shorts/MP1809_121I_F0324_S_OOO,https://www.miumiu.com/content/dam/miumiubkg_products/M/MP1/MP1809/121IF0324/MP1809_121I_F0324_S_OOO_SLF.jpg,downloaded,data\luxury-image-library\images\Miu Miu\Bottom\SKU0211_42400606a58a.jpg,42400606a58a249adc937fa6ea18bf5e3da8b898d57c4e0bcf609250c3a80800,,,官方DAM主图直链,"[""https://www.miumiu.com/content/dam/miumiubkg_products/M/MP1/MP1809/121IF0324/MP1809_121I_F0324_S_OOO_SLF.jpg""]"
SKU0212,Miu Miu,Bottom,Technical fabric shorts,MP1809_121I_F0008_S_OOO,https://www.miumiu.com/content/dam/miumiubkg_products/M/MP1/MP1809/121IF0008/MP1809_121I_F0008_S_OOO_SLF.jpg,https://www.miumiu.com/content/dam/miumiubkg_products/M/MP1/MP1809/121IF0008/MP1809_121I_F0008_S_OOO_SLF.jpg,https://www.miumiu.com/us/en/p/technical-fabric-shorts/MP1809_121I_F0008_S_OOO,https://www.miumiu.com/content/dam/miumiubkg_products/M/MP1/MP1809/121IF0008/MP1809_121I_F0008_S_OOO_SLF.jpg,downloaded,data\luxury-image-library\images\Miu Miu\Bottom\SKU0212_e3424a5a7762.jpg,e3424a5a7762cf983e6fe3f7ffeccb0e58c0bfd8fb6af34ec59e90a81b395ac3,,,官方DAM主图直链,"[""https://www.miumiu.com/content/dam/miumiubkg_products/M/MP1/MP1809/121IF0008/MP1809_121I_F0008_S_OOO_SLF.jpg""]"
SKU0213,Miu Miu,Bottom,Kid mohair pants,MP1990_12I1_F0308_S_OOO,https://www.miumiu.com/content/dam/miumiubkg_products/M/MP1/MP1990/12I1F0308/MP1990_12I1_F0308_S_OOO_SLF.jpg,https://www.miumiu.com/content/dam/miumiubkg_products/M/MP1/MP1990/12I1F0308/MP1990_12I1_F0308_S_OOO_SLF.jpg,https://www.miumiu.com/us/en/p/kid-mohair-pants/MP1990_12I1_F0308_S_OOO,https://www.miumiu.com/content/dam/miumiubkg_products/M/MP1/MP1990/12I1F0308/MP1990_12I1_F0308_S_OOO_SLF.jpg,downloaded,data\luxury-image-library\images\Miu Miu\Bottom\SKU0213_c1458d633eb8.jpg,c1458d633eb841f6d654609f3665239a7c7ed2f7be56d7348811e5c78f59e8a8,,,官方DAM主图直链,"[""https://www.miumiu.com/content/dam/miumiubkg_products/M/MP1/MP1990/12I1F0308/MP1990_12I1_F0308_S_OOO_SLF.jpg""]"
SKU0214,Miu Miu,Bottom,Kid mohair pants,MP1990_12I1_F0124_S_OOO,https://www.miumiu.com/content/dam/miumiubkg_products/M/MP1/MP1990/12I1F0124/MP1990_12I1_F0124_S_OOO_SLF.jpg,https://www.miumiu.com/content/dam/miumiubkg_products/M/MP1/MP1990/12I1F0124/MP1990_12I1_F0124_S_OOO_SLF.jpg,https://www.miumiu.com/us/en/p/kid-mohair-pants/MP1990_12I1_F0124_S_OOO,https://www.miumiu.com/content/dam/miumiubkg_products/M/MP1/MP1990/12I1F0124/MP1990_12I1_F0124_S_OOO_SLF.jpg,downloaded,data\luxury-image-library\images\Miu Miu\Bottom\SKU0214_2af67ae922bc.jpg,2af67ae922bc786bde1e0e499cf1d58936d3483951d16a600a45c766abce8cad,,,官方DAM主图直链,"[""https://www.miumiu.com/content/dam/miumiubkg_products/M/MP1/MP1990/12I1F0124/MP1990_12I1_F0124_S_OOO_SLF.jpg""]"
SKU0215,Miu Miu,Bottom,Garment-dyed gabardine pants,MP1970_19JY_F0422_S_OOO,https://www.miumiu.com/content/dam/miumiubkg_products/M/MP1/MP1970/19JYF0422/MP1970_19JY_F0422_S_OOO_SLF.jpg,https://www.miumiu.com/content/dam/miumiubkg_products/M/MP1/MP1970/19JYF0422/MP1970_19JY_F0422_S_OOO_SLF.jpg,https://www.miumiu.com/us/en/p/garment-dyed-gabardine-pants/MP1970_19JY_F0422_S_OOO,https://www.miumiu.com/content/dam/miumiubkg_products/M/MP1/MP1970/19JYF0422/MP1970_19JY_F0422_S_OOO_SLF.jpg,downloaded,data\luxury-image-library\images\Miu Miu\Bottom\SKU0215_0ca87507408d.jpg,0ca87507408d8447fa15c02f2a816adf1935b84c3e7abd642be5e44ace076af9,,,官方DAM主图直链,"[""https://www.miumiu.com/content/dam/miumiubkg_products/M/MP1/MP1970/19JYF0422/MP1970_19JY_F0422_S_OOO_SLF.jpg""]"
SKU0216,Miu Miu,Dress,Linen mini-dress,MF6589_6733_F0K74_S_OOO,https://www.miumiu.com/content/dam/miumiubkg_products/M/MF6/MF6589/6733F0K74/MF6589_6733_F0K74_S_OOO_SLF.jpg,https://www.miumiu.com/content/dam/miumiubkg_products/M/MF6/MF6589/6733F0K74/MF6589_6733_F0K74_S_OOO_SLF.jpg,https://www.miumiu.com/us/en/p/linen-mini-dress/MF6589_6733_F0K74_S_OOO,https://www.miumiu.com/content/dam/miumiubkg_products/M/MF6/MF6589/6733F0K74/MF6589_6733_F0K74_S_OOO_SLF.jpg,downloaded,data\luxury-image-library\images\Miu Miu\Dress\SKU0216_728031ed1d6e.jpg,728031ed1d6ec004fee26d8f1abcab66dee10eefcf50093da9bca4c3e4139f16,,,官方DAM主图直链,"[""https://www.miumiu.com/content/dam/miumiubkg_products/M/MF6/MF6589/6733F0K74/MF6589_6733_F0K74_S_OOO_SLF.jpg""]"
SKU0217,Miu Miu,Dress,Linen dress,MF6578_6733_F0007_S_OOO,https://www.miumiu.com/content/dam/miumiubkg_products/M/MF6/MF6578/6733F0007/MF6578_6733_F0007_S_OOO_SLF.jpg,https://www.miumiu.com/content/dam/miumiubkg_products/M/MF6/MF6578/6733F0007/MF6578_6733_F0007_S_OOO_SLF.jpg,https://www.miumiu.com/us/en/p/linen-dress/MF6578_6733_F0007_S_OOO,https://www.miumiu.com/content/dam/miumiubkg_products/M/MF6/MF6578/6733F0007/MF6578_6733_F0007_S_OOO_SLF.jpg,downloaded,data\luxury-image-library\images\Miu Miu\Dress\SKU0217_c37bfd5fccd3.jpg,c37bfd5fccd33e2c356f823b4152078f9c92376819b4445b6f4782c114d9a6e3,,,官方DAM主图直链,"[""https://www.miumiu.com/content/dam/miumiubkg_products/M/MF6/MF6578/6733F0007/MF6578_6733_F0007_S_OOO_SLF.jpg""]"
SKU0218,Miu Miu,Dress,Stretch poplin mini-dress,MF6586_6472_F0384_S_OOO,https://www.miumiu.com/content/dam/miumiubkg_products/M/MF6/MF6586/6472F0384/MF6586_6472_F0384_S_OOO_SLF.jpg,https://www.miumiu.com/content/dam/miumiubkg_products/M/MF6/MF6586/6472F0384/MF6586_6472_F0384_S_OOO_SLF.jpg,https://www.miumiu.com/us/en/p/stretch-poplin-mini-dress/MF6586_6472_F0384_S_OOO,https://www.miumiu.com/content/dam/miumiubkg_products/M/MF6/MF6586/6472F0384/MF6586_6472_F0384_S_OOO_SLF.jpg,downloaded,data\luxury-image-library\images\Miu Miu\Dress\SKU0218_4408102a25e2.jpg,4408102a25e260a96838e41e329dcc508b1cf20f0f2cff8eccda7874bc6e7039,,,官方DAM主图直链,"[""https://www.miumiu.com/content/dam/miumiubkg_products/M/MF6/MF6586/6472F0384/MF6586_6472_F0384_S_OOO_SLF.jpg""]"
SKU0219,Miu Miu,Dress,Stretch poplin mini-dress,MF6588_6472_F0A08_S_OOO,https://www.miumiu.com/content/dam/miumiubkg_products/M/MF6/MF6588/6472F0A08/MF6588_6472_F0A08_S_OOO_SLF.jpg,https://www.miumiu.com/content/dam/miumiubkg_products/M/MF6/MF6588/6472F0A08/MF6588_6472_F0A08_S_OOO_SLF.jpg,https://www.miumiu.com/us/en/p/stretch-poplin-mini-dress/MF6588_6472_F0A08_S_OOO,https://www.miumiu.com/content/dam/miumiubkg_products/M/MF6/MF6588/6472F0A08/MF6588_6472_F0A08_S_OOO_SLF.jpg,downloaded,data\luxury-image-library\images\Miu Miu\Dress\SKU0219_7fa3dba47d8d.jpg,7fa3dba47d8d2c97a288a2b524ef82418b549023b5a2ec8fcd1439c579fc2dfa,,,官方DAM主图直链,"[""https://www.miumiu.com/content/dam/miumiubkg_products/M/MF6/MF6588/6472F0A08/MF6588_6472_F0A08_S_OOO_SLF.jpg""]"
SKU0220,Miu Miu,Dress,Waxed double wool dress,MF6578_6471_F0008_S_OOO,https://www.miumiu.com/content/dam/miumiubkg_products/M/MF6/MF6578/6471F0008/MF6578_6471_F0008_S_OOO_SLF.jpg,https://www.miumiu.com/content/dam/miumiubkg_products/M/MF6/MF6578/6471F0008/MF6578_6471_F0008_S_OOO_SLF.jpg,https://www.miumiu.com/us/en/p/waxed-double-wool-dress/MF6578_6471_F0008_S_OOO,https://www.miumiu.com/content/dam/miumiubkg_products/M/MF6/MF6578/6471F0008/MF6578_6471_F0008_S_OOO_SLF.jpg,downloaded,data\luxury-image-library\images\Miu Miu\Dress\SKU0220_dd1334c6d929.jpg,dd1334c6d9299a5630b90ce7640ec2c033c01f350ee9b58b899d9a32014726ac,,,官方DAM主图直链,"[""https://www.miumiu.com/content/dam/miumiubkg_products/M/MF6/MF6578/6471F0008/MF6578_6471_F0008_S_OOO_SLF.jpg""]"
SKU0221,Miu Miu,Dress,Waxed double wool dress,MF6578_6471_F0050_S_OOO,https://www.miumiu.com/content/dam/miumiubkg_products/M/MF6/MF6578/6471F0050/MF6578_6471_F0050_S_OOO_SLF.jpg,https://www.miumiu.com/content/dam/miumiubkg_products/M/MF6/MF6578/6471F0050/MF6578_6471_F0050_S_OOO_SLF.jpg,https://www.miumiu.com/us/en/p/waxed-double-wool-dress/MF6578_6471_F0050_S_OOO,https://www.miumiu.com/content/dam/miumiubkg_products/M/MF6/MF6578/6471F0050/MF6578_6471_F0050_S_OOO_SLF.jpg,downloaded,data\luxury-image-library\images\Miu Miu\Dress\SKU0221_ad439aa10022.jpg,ad439aa10022333d9a302216055a5cca316f2d205788e3dc3930a5e594a386a8,,,官方DAM主图直链,"[""https://www.miumiu.com/content/dam/miumiubkg_products/M/MF6/MF6578/6471F0050/MF6578_6471_F0050_S_OOO_SLF.jpg""]"
SKU0222,Miu Miu,Dress,Double wool dress,MF6580_6701_F0031_S_OOO,https://www.miumiu.com/content/dam/miumiubkg_products/M/MF6/MF6580/6701F0031/MF6580_6701_F0031_S_OOO_SLF.jpg,https://www.miumiu.com/content/dam/miumiubkg_products/M/MF6/MF6580/6701F0031/MF6580_6701_F0031_S_OOO_SLF.jpg,https://www.miumiu.com/us/en/p/double-wool-dress/MF6580_6701_F0031_S_OOO,https://www.miumiu.com/content/dam/miumiubkg_products/M/MF6/MF6580/6701F0031/MF6580_6701_F0031_S_OOO_SLF.jpg,downloaded,data\luxury-image-library\images\Miu Miu\Dress\SKU0222_f7bee2326a84.jpg,f7bee2326a84790d1a9a8ab37746ebf560c49eba12561efde91bbb80b7fff7d1,,,官方DAM主图直链,"[""https://www.miumiu.com/content/dam/miumiubkg_products/M/MF6/MF6580/6701F0031/MF6580_6701_F0031_S_OOO_SLF.jpg""]"
SKU0223,Miu Miu,Dress,Technical fabric dress,MF6542_148U_F0040_S_OOO,https://www.miumiu.com/content/dam/miumiubkg_products/M/MF6/MF6542/148UF0040/MF6542_148U_F0040_S_OOO_SLF.jpg,https://www.miumiu.com/content/dam/miumiubkg_products/M/MF6/MF6542/148UF0040/MF6542_148U_F0040_S_OOO_SLF.jpg,https://www.miumiu.com/us/en/p/technical-fabric-dress/MF6542_148U_F0040_S_OOO,https://www.miumiu.com/content/dam/miumiubkg_products/M/MF6/MF6542/148UF0040/MF6542_148U_F0040_S_OOO_SLF.jpg,downloaded,data\luxury-image-library\images\Miu Miu\Dress\SKU0223_f7fd351273c4.jpg,f7fd351273c4c12634eeabd2b293de3d3cfa301ab2ca83e80a2f8337ddb51c44,,,官方DAM主图直链,"[""https://www.miumiu.com/content/dam/miumiubkg_products/M/MF6/MF6542/148UF0040/MF6542_148U_F0040_S_OOO_SLF.jpg""]"
SKU0224,Miu Miu,Dress,Waxed double wool dress,MF6592_6471_F0008_S_OOO,https://www.miumiu.com/content/dam/miumiubkg_products/M/MF6/MF6592/6471F0008/MF6592_6471_F0008_S_OOO_SLF.jpg,https://www.miumiu.com/content/dam/miumiubkg_products/M/MF6/MF6592/6471F0008/MF6592_6471_F0008_S_OOO_SLF.jpg,https://www.miumiu.com/us/en/p/waxed-double-wool-dress/MF6592_6471_F0008_S_OOO,https://www.miumiu.com/content/dam/miumiubkg_products/M/MF6/MF6592/6471F0008/MF6592_6471_F0008_S_OOO_SLF.jpg,downloaded,data\luxury-image-library\images\Miu Miu\Dress\SKU0224_fb32c0f538ab.jpg,fb32c0f538ab25814dd9b299a48bbd4e9441c786e20ae55fcb0632c29e1ec8ac,,,官方DAM主图直链,"[""https://www.miumiu.com/content/dam/miumiubkg_products/M/MF6/MF6592/6471F0008/MF6592_6471_F0008_S_OOO_SLF.jpg""]"
SKU0225,Miu Miu,Dress,Embellished tulle dress,MF6603_6793_F0K57_S_OOO,https://www.miumiu.com/content/dam/miumiubkg_products/M/MF6/MF6603/6793F0K57/MF6603_6793_F0K57_S_OOO_SLF.jpg,https://www.miumiu.com/content/dam/miumiubkg_products/M/MF6/MF6603/6793F0K57/MF6603_6793_F0K57_S_OOO_SLF.jpg,https://www.miumiu.com/us/en/p/embellished-tulle-dress/MF6603_6793_F0K57_S_OOO,https://www.miumiu.com/content/dam/miumiubkg_products/M/MF6/MF6603/6793F0K57/MF6603_6793_F0K57_S_OOO_SLF.jpg,downloaded,data\luxury-image-library\images\Miu Miu\Dress\SKU0225_b8c27fb5b489.jpg,b8c27fb5b489cd64a2ff09639210b36346430945befd0c6c0bc51c72b2f9bace,,,官方DAM主图直链,"[""https://www.miumiu.com/content/dam/miumiubkg_products/M/MF6/MF6603/6793F0K57/MF6603_6793_F0K57_S_OOO_SLF.jpg""]"
SKU0226,Miu Miu,Dress,Silk dress,MF6604_104E_F0018_S_OOO,https://www.miumiu.com/content/dam/miumiubkg_products/M/MF6/MF6604/104EF0018/MF6604_104E_F0018_S_OOO_SLF.jpg,https://www.miumiu.com/content/dam/miumiubkg_products/M/MF6/MF6604/104EF0018/MF6604_104E_F0018_S_OOO_SLF.jpg,https://www.miumiu.com/us/en/p/silk-dress/MF6604_104E_F0018_S_OOO,https://www.miumiu.com/content/dam/miumiubkg_products/M/MF6/MF6604/104EF0018/MF6604_104E_F0018_S_OOO_SLF.jpg,downloaded,data\luxury-image-library\images\Miu Miu\Dress\SKU0226_5325085d2200.jpg,5325085d2200914cb1c9c57e9108c12ba876992709f412193fe23a259e4683d0,,,官方DAM主图直链,"[""https://www.miumiu.com/content/dam/miumiubkg_products/M/MF6/MF6604/104EF0018/MF6604_104E_F0018_S_OOO_SLF.jpg""]"
SKU0227,Miu Miu,Dress,Silk mini-dress,MMA942_6677_F0924_S_OOO,https://www.miumiu.com/content/dam/miumiubkg_products/M/MMA/MMA942/6677F0924/MMA942_6677_F0924_S_OOO_SLF.jpg,https://www.miumiu.com/content/dam/miumiubkg_products/M/MMA/MMA942/6677F0924/MMA942_6677_F0924_S_OOO_SLF.jpg,https://www.miumiu.com/us/en/p/silk-mini-dress/MMA942_6677_F0924_S_OOO,https://www.miumiu.com/content/dam/miumiubkg_products/M/MMA/MMA942/6677F0924/MMA942_6677_F0924_S_OOO_SLF.jpg,downloaded,data\luxury-image-library\images\Miu Miu\Dress\SKU0227_608ba7060cec.jpg,608ba7060cecd73fbdd5830d5fce08cdf5e50cf5f1e85ffed640827fea9addb2,,,官方DAM主图直链,"[""https://www.miumiu.com/content/dam/miumiubkg_products/M/MMA/MMA942/6677F0924/MMA942_6677_F0924_S_OOO_SLF.jpg""]"
SKU0228,Miu Miu,Dress,Silk mini-dress,MMA942_6677_F0018_S_OOO,https://www.miumiu.com/content/dam/miumiubkg_products/M/MMA/MMA942/6677F0018/MMA942_6677_F0018_S_OOO_SLF.jpg,https://www.miumiu.com/content/dam/miumiubkg_products/M/MMA/MMA942/6677F0018/MMA942_6677_F0018_S_OOO_SLF.jpg,https://www.miumiu.com/us/en/p/silk-mini-dress/MMA942_6677_F0018_S_OOO,https://www.miumiu.com/content/dam/miumiubkg_products/M/MMA/MMA942/6677F0018/MMA942_6677_F0018_S_OOO_SLF.jpg,downloaded,data\luxury-image-library\images\Miu Miu\Dress\SKU0228_c8d9e29d3d21.jpg,c8d9e29d3d21ce147b1d456f74913dccd7a2127423dd3cae02911ca9b60d6067,,,官方DAM主图直链,"[""https://www.miumiu.com/content/dam/miumiubkg_products/M/MMA/MMA942/6677F0018/MMA942_6677_F0018_S_OOO_SLF.jpg""]"
SKU0229,Miu Miu,Dress,Embellished tulle dress,MF6603_6800_F0007_S_OOO,https://www.miumiu.com/content/dam/miumiubkg_products/M/MF6/MF6603/6800F0007/MF6603_6800_F0007_S_OOO_SLF.jpg,https://www.miumiu.com/content/dam/miumiubkg_products/M/MF6/MF6603/6800F0007/MF6603_6800_F0007_S_OOO_SLF.jpg,https://www.miumiu.com/us/en/p/embellished-tulle-dress/MF6603_6800_F0007_S_OOO,https://www.miumiu.com/content/dam/miumiubkg_products/M/MF6/MF6603/6800F0007/MF6603_6800_F0007_S_OOO_SLF.jpg,downloaded,data\luxury-image-library\images\Miu Miu\Dress\SKU0229_5ef6d978131c.jpg,5ef6d978131ce9221ffa024895610853361dbad22b2598f6ab5d1095f5f8be65,,,官方DAM主图直链,"[""https://www.miumiu.com/content/dam/miumiubkg_products/M/MF6/MF6603/6800F0007/MF6603_6800_F0007_S_OOO_SLF.jpg""]"
SKU0230,Miu Miu,Dress,Silk dress,MF6604_104E_F0041_S_OOO,https://www.miumiu.com/content/dam/miumiubkg_products/M/MF6/MF6604/104EF0041/MF6604_104E_F0041_S_OOO_SLF.jpg,https://www.miumiu.com/content/dam/miumiubkg_products/M/MF6/MF6604/104EF0041/MF6604_104E_F0041_S_OOO_SLF.jpg,https://www.miumiu.com/us/en/p/silk-dress/MF6604_104E_F0041_S_OOO,https://www.miumiu.com/content/dam/miumiubkg_products/M/MF6/MF6604/104EF0041/MF6604_104E_F0041_S_OOO_SLF.jpg,downloaded,data\luxury-image-library\images\Miu Miu\Dress\SKU0230_1163c7214ea1.jpg,1163c7214ea108c51432d1f85bdc77102db4dd1f3e7602a922dcbee51fcdbbae,,,官方DAM主图直链,"[""https://www.miumiu.com/content/dam/miumiubkg_products/M/MF6/MF6604/104EF0041/MF6604_104E_F0041_S_OOO_SLF.jpg""]"
SKU0231,Miu Miu,Dress,Leather dress,MPB375_19E6_F0201_S_OOO,https://www.miumiu.com/content/dam/miumiubkg_products/M/MPB/MPB375/19E6F0201/MPB375_19E6_F0201_S_OOO_SLF.jpg,https://www.miumiu.com/content/dam/miumiubkg_products/M/MPB/MPB375/19E6F0201/MPB375_19E6_F0201_S_OOO_SLF.jpg,https://www.miumiu.com/us/en/p/leather-dress/MPB375_19E6_F0201_S_OOO,https://www.miumiu.com/content/dam/miumiubkg_products/M/MPB/MPB375/19E6F0201/MPB375_19E6_F0201_S_OOO_SLF.jpg,downloaded,data\luxury-image-library\images\Miu Miu\Dress\SKU0231_aff89577fb5d.jpg,aff89577fb5d410a49fec48372535c09400e2ce94aa4d15c437bc3a12cc09f88,,,官方DAM主图直链,"[""https://www.miumiu.com/content/dam/miumiubkg_products/M/MPB/MPB375/19E6F0201/MPB375_19E6_F0201_S_OOO_SLF.jpg""]"
SKU0232,Miu Miu,Dress,Striped poplin dress,MF6528_189F_F022X_S_OOO,https://www.miumiu.com/content/dam/miumiubkg_products/M/MF6/MF6528/189FF022X/MF6528_189F_F022X_S_OOO_SLF.jpg,https://www.miumiu.com/content/dam/miumiubkg_products/M/MF6/MF6528/189FF022X/MF6528_189F_F022X_S_OOO_SLF.jpg,https://www.miumiu.com/us/en/p/striped-poplin-dress/MF6528_189F_F022X_S_OOO,https://www.miumiu.com/content/dam/miumiubkg_products/M/MF6/MF6528/189FF022X/MF6528_189F_F022X_S_OOO_SLF.jpg,downloaded,data\luxury-image-library\images\Miu Miu\Dress\SKU0232_4c62617fa6a6.jpg,4c62617fa6a6b579985cf12024aab1357619c10192ffcf8788896624616fbaa2,,,官方DAM主图直链,"[""https://www.miumiu.com/content/dam/miumiubkg_products/M/MF6/MF6528/189FF022X/MF6528_189F_F022X_S_OOO_SLF.jpg""]"
SKU0233,Miu Miu,Dress,Checked flannel dress,MF6516_6210_F0V9D_S_OOO,https://www.miumiu.com/content/dam/miumiubkg_products/M/MF6/MF6516/6210F0V9D/MF6516_6210_F0V9D_S_OOO_SLF.jpg,https://www.miumiu.com/content/dam/miumiubkg_products/M/MF6/MF6516/6210F0V9D/MF6516_6210_F0V9D_S_OOO_SLF.jpg,https://www.miumiu.com/us/en/p/checked-flannel-dress/MF6516_6210_F0V9D_S_OOO,https://www.miumiu.com/content/dam/miumiubkg_products/M/MF6/MF6516/6210F0V9D/MF6516_6210_F0V9D_S_OOO_SLF.jpg,downloaded,data\luxury-image-library\images\Miu Miu\Dress\SKU0233_9155042bc8ba.jpg,9155042bc8bae42ab11e2ca8363978092109c3a20d11f84d01f18fb894512833,,,官方DAM主图直链,"[""https://www.miumiu.com/content/dam/miumiubkg_products/M/MF6/MF6516/6210F0V9D/MF6516_6210_F0V9D_S_OOO_SLF.jpg""]"
SKU0234,Miu Miu,Dress,Ribbed knit cotton dress,MMA948_12ZL_F0008_S_OOO,https://www.miumiu.com/content/dam/miumiubkg_products/M/MMA/MMA948/12ZLF0008/MMA948_12ZL_F0008_S_OOO_SLF.jpg,https://www.miumiu.com/content/dam/miumiubkg_products/M/MMA/MMA948/12ZLF0008/MMA948_12ZL_F0008_S_OOO_SLF.jpg,https://www.miumiu.com/us/en/p/ribbed-knit-cotton-dress/MMA948_12ZL_F0008_S_OOO,https://www.miumiu.com/content/dam/miumiubkg_products/M/MMA/MMA948/12ZLF0008/MMA948_12ZL_F0008_S_OOO_SLF.jpg,downloaded,data\luxury-image-library\images\Miu Miu\Dress\SKU0234_7533b2504f0f.jpg,7533b2504f0f25a795f84ab214e1e6f48c7ed907b2309bd0c3716264b0b337d1,,,官方DAM主图直链,"[""https://www.miumiu.com/content/dam/miumiubkg_products/M/MMA/MMA948/12ZLF0008/MMA948_12ZL_F0008_S_OOO_SLF.jpg""]"
SKU0235,Miu Miu,Dress,Cady eyelet lace dress,MF6484_6446_F0009_S_OOO,https://www.miumiu.com/content/dam/miumiubkg_products/M/MF6/MF6484/6446F0009/MF6484_6446_F0009_S_OOO_SLF.jpg,https://www.miumiu.com/content/dam/miumiubkg_products/M/MF6/MF6484/6446F0009/MF6484_6446_F0009_S_OOO_SLF.jpg,https://www.miumiu.com/us/en/p/cady-eyelet-lace-dress/MF6484_6446_F0009_S_OOO,https://www.miumiu.com/content/dam/miumiubkg_products/M/MF6/MF6484/6446F0009/MF6484_6446_F0009_S_OOO_SLF.jpg,downloaded,data\luxury-image-library\images\Miu Miu\Dress\SKU0235_dccf3267f4ee.jpg,dccf3267f4ee3235cf71f51627d98f8ee3a19cd7f89b59dd8f8bdec916c41b54,,,官方DAM主图直链,"[""https://www.miumiu.com/content/dam/miumiubkg_products/M/MF6/MF6484/6446F0009/MF6484_6446_F0009_S_OOO_SLF.jpg""]"
SKU0236,Miu Miu,Dress,Slubbed poplin dress,MF6399_163M_F0009_S_OOO,https://www.miumiu.com/content/dam/miumiubkg_products/M/MF6/MF6399/163MF0009/MF6399_163M_F0009_S_OOO_SLF.jpg,https://www.miumiu.com/content/dam/miumiubkg_products/M/MF6/MF6399/163MF0009/MF6399_163M_F0009_S_OOO_SLF.jpg,https://www.miumiu.com/us/en/p/slubbed-poplin-dress/MF6399_163M_F0009_S_OOO,https://www.miumiu.com/content/dam/miumiubkg_products/M/MF6/MF6399/163MF0009/MF6399_163M_F0009_S_OOO_SLF.jpg,downloaded,data\luxury-image-library\images\Miu Miu\Dress\SKU0236_c5c93694fc05.jpg,c5c93694fc051f92750303a16463ea6b8408aaf2830ed23d28c1ab8d8f9f8aa0,,,官方DAM主图直链,"[""https://www.miumiu.com/content/dam/miumiubkg_products/M/MF6/MF6399/163MF0009/MF6399_163M_F0009_S_OOO_SLF.jpg""]"
SKU0237,Miu Miu,Shoes,Bubble technical fabric and suede sneakers,5E806E_3M0K_F0003_F_A045,https://www.miumiu.com/content/dam/miumiubkg_products/5/5E8/5E806E/3M0KF0003/5E806E_3M0K_F0003_F_A045_SLF.jpg,https://www.miumiu.com/content/dam/miumiubkg_products/5/5E8/5E806E/3M0KF0003/5E806E_3M0K_F0003_F_A045_SLF.jpg,https://www.miumiu.com/us/en/p/bubble-technical-fabric-and-suede-sneakers/5E806E_3M0K_F0003_F_A045,https://www.miumiu.com/content/dam/miumiubkg_products/5/5E8/5E806E/3M0KF0003/5E806E_3M0K_F0003_F_A045_SLR.jpg,downloaded,data\luxury-image-library\images\Miu Miu\Shoes\SKU0237_25aaec687205.jpg,25aaec68720501630720f632dd8bdec8b13eb7ba2bd586f59c8b4cfabef73976,,,官方DAM主图直链,"[""https://www.miumiu.com/us/en/p/bubble-technical-fabric-and-suede-sneakers/5E806E_3M0K_F0003_F_A045"", ""https://www.miumiu.com/content/dam/miumiubkg_products/5/5E8/5E806E/3M0KF0003/5E806E_3M0K_F0003_F_A045_SLR.jpg""]"
SKU0238,Miu Miu,Shoes,Bubble embroidered technical fabric and suede sneakers,5E808E_3ZR4_F0003_F_A045,https://www.miumiu.com/content/dam/miumiubkg_products/5/5E8/5E808E/3ZR4F0003/5E808E_3ZR4_F0003_F_A045_SLF.jpg,https://www.miumiu.com/content/dam/miumiubkg_products/5/5E8/5E808E/3ZR4F0003/5E808E_3ZR4_F0003_F_A045_SLF.jpg,https://www.miumiu.com/us/en/p/bubble-embroidered-technical-fabric-and-suede-sneakers/5E808E_3ZR4_F0003_F_A045,https://www.miumiu.com/content/dam/miumiubkg_products/5/5E8/5E808E/3ZR4F0003/5E808E_3ZR4_F0003_F_A045_SLR.jpg,downloaded,data\luxury-image-library\images\Miu Miu\Shoes\SKU0238_7660864978f7.jpg,7660864978f7a1f90e46bfddfd977c9773500ffd381ff651ddfc032ff0c3859d,,,官方DAM主图直链,"[""https://www.miumiu.com/us/en/p/bubble-embroidered-technical-fabric-and-suede-sneakers/5E808E_3ZR4_F0003_F_A045"", ""https://www.miumiu.com/content/dam/miumiubkg_products/5/5E8/5E808E/3ZR4F0003/5E808E_3ZR4_F0003_F_A045_SLR.jpg""]"
SKU0239,Miu Miu,Shoes,Bubble technical fabric and suede sneakers,5E806E_3M0K_F0424_F_A045,https://www.miumiu.com/content/dam/miumiubkg_products/5/5E8/5E806E/3M0KF0424/5E806E_3M0K_F0424_F_A045_SLF.jpg,https://www.miumiu.com/content/dam/miumiubkg_products/5/5E8/5E806E/3M0KF0424/5E806E_3M0K_F0424_F_A045_SLF.jpg,https://www.miumiu.com/us/en/p/bubble-technical-fabric-and-suede-sneakers/5E806E_3M0K_F0424_F_A045,https://www.miumiu.com/content/dam/miumiubkg_products/5/5E8/5E806E/3M0KF0424/5E806E_3M0K_F0424_F_A045_SLR.jpg,downloaded,data\luxury-image-library\images\Miu Miu\Shoes\SKU0239_d8e48f95f7bf.jpg,d8e48f95f7bffc4f8b2e8884f5416694c1e4df729dd2e1b65ddcd6ac7b2d5a55,,,官方DAM主图直链,"[""https://www.miumiu.com/us/en/p/bubble-technical-fabric-and-suede-sneakers/5E806E_3M0K_F0424_F_A045"", ""https://www.miumiu.com/content/dam/miumiubkg_products/5/5E8/5E806E/3M0KF0424/5E806E_3M0K_F0424_F_A045_SLR.jpg""]"
SKU0240,Miu Miu,Shoes,Bubble embroidered technical fabric and suede sneakers,5E808E_3ZR4_F0304_F_A045,https://www.miumiu.com/content/dam/miumiubkg_products/5/5E8/5E808E/3ZR4F0304/5E808E_3ZR4_F0304_F_A045_SLF.jpg,https://www.miumiu.com/content/dam/miumiubkg_products/5/5E8/5E808E/3ZR4F0304/5E808E_3ZR4_F0304_F_A045_SLF.jpg,https://www.miumiu.com/us/en/p/bubble-embroidered-technical-fabric-and-suede-sneakers/5E808E_3ZR4_F0304_F_A045,https://www.miumiu.com/content/dam/miumiubkg_products/5/5E8/5E808E/3ZR4F0304/5E808E_3ZR4_F0304_F_A045_SLR.jpg,downloaded,data\luxury-image-library\images\Miu Miu\Shoes\SKU0240_331d793dc534.jpg,331d793dc534c85bd03f4593ef53c8648bd84ce9a480f271eb1a33d15e4f9d5f,,,官方DAM主图直链,"[""https://www.miumiu.com/us/en/p/bubble-embroidered-technical-fabric-and-suede-sneakers/5E808E_3ZR4_F0304_F_A045"", ""https://www.miumiu.com/content/dam/miumiubkg_products/5/5E8/5E808E/3ZR4F0304/5E808E_3ZR4_F0304_F_A045_SLR.jpg""]"
SKU0241,Miu Miu,Shoes,Leather mules,5R802E_5OD_F0201_F_A045,https://www.miumiu.com/content/dam/miumiubkg_products/5/5R8/5R802E/5ODF0201/5R802E_5OD_F0201_F_A045_SLF.jpg,https://www.miumiu.com/content/dam/miumiubkg_products/5/5R8/5R802E/5ODF0201/5R802E_5OD_F0201_F_A045_SLF.jpg,https://www.miumiu.com/us/en/p/leather-mules/5R802E_5OD_F0201_F_A045,https://www.miumiu.com/content/dam/miumiubkg_products/5/5R8/5R802E/5ODF0201/5R802E_5OD_F0201_F_A045_SLR.jpg,downloaded,data\luxury-image-library\images\Miu Miu\Shoes\SKU0241_785d53183f85.jpg,785d53183f85b2cb28a1aecc59325e8ee62e8bdccb573178186d6fd54cd79ed7,,,官方DAM主图直链,"[""https://www.miumiu.com/us/en/p/leather-mules/5R802E_5OD_F0201_F_A045"", ""https://www.miumiu.com/content/dam/miumiubkg_products/5/5R8/5R802E/5ODF0201/5R802E_5OD_F0201_F_A045_SLR.jpg""]"
SKU0242,Miu Miu,Shoes,Leather loafers,5S814E_5OD_F0201_F_A045,https://www.miumiu.com/content/dam/miumiubkg_products/5/5S8/5S814E/5ODF0201/5S814E_5OD_F0201_F_A045_SLF.jpg,https://www.miumiu.com/content/dam/miumiubkg_products/5/5S8/5S814E/5ODF0201/5S814E_5OD_F0201_F_A045_SLF.jpg,https://www.miumiu.com/us/en/p/leather-loafers/5S814E_5OD_F0201_F_A045,https://www.miumiu.com/content/dam/miumiubkg_products/5/5S8/5S814E/5ODF0201/5S814E_5OD_F0201_F_A045_SLR.jpg,downloaded,data\luxury-image-library\images\Miu Miu\Shoes\SKU0242_e804e19324e1.jpg,e804e19324e1b25ae02626380a6aa41c32c80e335ace2bab84fbe770fa880b27,,,官方DAM主图直链,"[""https://www.miumiu.com/us/en/p/leather-loafers/5S814E_5OD_F0201_F_A045"", ""https://www.miumiu.com/content/dam/miumiubkg_products/5/5S8/5S814E/5ODF0201/5S814E_5OD_F0201_F_A045_SLR.jpg""]"
SKU0243,Miu Miu,Shoes,Stretch nappa leather boots,5W805E_L68_F0002_F_A045,https://www.miumiu.com/content/dam/miumiubkg_products/5/5W8/5W805E/L68F0002/5W805E_L68_F0002_F_A045_SLF.jpg,https://www.miumiu.com/content/dam/miumiubkg_products/5/5W8/5W805E/L68F0002/5W805E_L68_F0002_F_A045_SLF.jpg,https://www.miumiu.com/us/en/p/stretch-nappa-leather-boots/5W805E_L68_F0002_F_A045,https://www.miumiu.com/content/dam/miumiubkg_products/5/5W8/5W805E/L68F0002/5W805E_L68_F0002_F_A045_SLR.jpg,downloaded,data\luxury-image-library\images\Miu Miu\Shoes\SKU0243_9d3de9fb7004.jpg,9d3de9fb7004b4612a6ec2bc7b513c40238666bad2d138cb870cb79956156340,,,官方DAM主图直链,"[""https://www.miumiu.com/us/en/p/stretch-nappa-leather-boots/5W805E_L68_F0002_F_A045"", ""https://www.miumiu.com/content/dam/miumiubkg_products/5/5W8/5W805E/L68F0002/5W805E_L68_F0002_F_A045_SLR.jpg""]"
SKU0244,Miu Miu,Shoes,Stretch nappa leather boots,5W805E_L68_F098L_F_A045,https://www.miumiu.com/content/dam/miumiubkg_products/5/5W8/5W805E/L68F098L/5W805E_L68_F098L_F_A045_SLF.jpg,https://www.miumiu.com/content/dam/miumiubkg_products/5/5W8/5W805E/L68F098L/5W805E_L68_F098L_F_A045_SLF.jpg,https://www.miumiu.com/us/en/p/stretch-nappa-leather-boots/5W805E_L68_F098L_F_A045,https://www.miumiu.com/content/dam/miumiubkg_products/5/5W8/5W805E/L68F098L/5W805E_L68_F098L_F_A045_SLR.jpg,downloaded,data\luxury-image-library\images\Miu Miu\Shoes\SKU0244_0e8c45ccdc3b.jpg,0e8c45ccdc3bb52600a10def4ceb5ad84ea166c40af0309d20533384ac1a549d,,,官方DAM主图直链,"[""https://www.miumiu.com/us/en/p/stretch-nappa-leather-boots/5W805E_L68_F098L_F_A045"", ""https://www.miumiu.com/content/dam/miumiubkg_products/5/5W8/5W805E/L68F098L/5W805E_L68_F098L_F_A045_SLR.jpg""]"
SKU0245,Miu Miu,Shoes,Leather booties,5T800E_5OD_F0046_F_A040,https://www.miumiu.com/content/dam/miumiubkg_products/5/5T8/5T800E/5ODF0046/5T800E_5OD_F0046_F_A040_SLF.jpg,https://www.miumiu.com/content/dam/miumiubkg_products/5/5T8/5T800E/5ODF0046/5T800E_5OD_F0046_F_A040_SLF.jpg,https://www.miumiu.com/us/en/p/leather-booties/5T800E_5OD_F0046_F_A040,https://www.miumiu.com/content/dam/miumiubkg_products/5/5T8/5T800E/5ODF0046/5T800E_5OD_F0046_F_A040_SLR.jpg,downloaded,data\luxury-image-library\images\Miu Miu\Shoes\SKU0245_c121601ce798.jpg,c121601ce798a5f34180f26e73d9fa807b7d62b22228d91607d346525120818a,,,官方DAM主图直链,"[""https://www.miumiu.com/us/en/p/leather-booties/5T800E_5OD_F0046_F_A040"", ""https://www.miumiu.com/content/dam/miumiubkg_products/5/5T8/5T800E/5ODF0046/5T800E_5OD_F0046_F_A040_SLR.jpg""]"
SKU0246,Miu Miu,Shoes,Leather booties,5T800E_5OD_F0201_F_A040,https://www.miumiu.com/content/dam/miumiubkg_products/5/5T8/5T800E/5ODF0201/5T800E_5OD_F0201_F_A040_SLF.jpg,https://www.miumiu.com/content/dam/miumiubkg_products/5/5T8/5T800E/5ODF0201/5T800E_5OD_F0201_F_A040_SLF.jpg,https://www.miumiu.com/us/en/p/leather-booties/5T800E_5OD_F0201_F_A040,https://www.miumiu.com/content/dam/miumiubkg_products/5/5T8/5T800E/5ODF0201/5T800E_5OD_F0201_F_A040_SLR.jpg,downloaded,data\luxury-image-library\images\Miu Miu\Shoes\SKU0246_993694d6a838.jpg,993694d6a83893d9aa90d2db0c00bd5d3f43f55f8641c658631f639a9cdd57a4,,,官方DAM主图直链,"[""https://www.miumiu.com/us/en/p/leather-booties/5T800E_5OD_F0201_F_A040"", ""https://www.miumiu.com/content/dam/miumiubkg_products/5/5T8/5T800E/5ODF0201/5T800E_5OD_F0201_F_A040_SLR.jpg""]"
SKU0247,Miu Miu,Shoes,Suede loafers with buckle,5D740E_054_F0003_F_015,https://www.miumiu.com/content/dam/miumiubkg_products/5/5D7/5D740E/054F0003/5D740E_054_F0003_F_015_SLF.jpg,https://www.miumiu.com/content/dam/miumiubkg_products/5/5D7/5D740E/054F0003/5D740E_054_F0003_F_015_SLF.jpg,https://www.miumiu.com/us/en/p/suede-loafers-with-buckle/5D740E_054_F0003_F_015,https://www.miumiu.com/content/dam/miumiubkg_products/5/5D7/5D740E/054F0003/5D740E_054_F0003_F_015_SLR.jpg,downloaded,data\luxury-image-library\images\Miu Miu\Shoes\SKU0247_eb8a69ed6cc6.jpg,eb8a69ed6cc6a7dc6fedee5866ebb61ffabab10cc0959f5996a4302dac70efb1,,,官方DAM主图直链,"[""https://www.miumiu.com/us/en/p/suede-loafers-with-buckle/5D740E_054_F0003_F_015"", ""https://www.miumiu.com/content/dam/miumiubkg_products/5/5D7/5D740E/054F0003/5D740E_054_F0003_F_015_SLR.jpg""]"
SKU0248,Miu Miu,Shoes,Suede loafers with buckle,5D740E_054_F0003_F_045,https://www.miumiu.com/content/dam/miumiubkg_products/5/5D7/5D740E/054F0003/5D740E_054_F0003_F_045_SLF.jpg,https://www.miumiu.com/content/dam/miumiubkg_products/5/5D7/5D740E/054F0003/5D740E_054_F0003_F_045_SLF.jpg,https://www.miumiu.com/us/en/p/suede-loafers-with-buckle/5D740E_054_F0003_F_045,https://www.miumiu.com/content/dam/miumiubkg_products/5/5D7/5D740E/054F0003/5D740E_054_F0003_F_045_SLR.jpg,downloaded,data\luxury-image-library\images\Miu Miu\Shoes\SKU0248_6eb440c48145.jpg,6eb440c48145bca763f9c3b4653b3179bbafe1c084a84152506ab79d98cc94df,,,官方DAM主图直链,"[""https://www.miumiu.com/us/en/p/suede-loafers-with-buckle/5D740E_054_F0003_F_045"", ""https://www.miumiu.com/content/dam/miumiubkg_products/5/5D7/5D740E/054F0003/5D740E_054_F0003_F_045_SLR.jpg""]"
SKU0249,Miu Miu,Shoes,Brushed leather penny loafers,5D773D_ULX_F0002_F_020,https://www.miumiu.com/content/dam/miumiubkg_products/5/5D7/5D773D/ULXF0002/5D773D_ULX_F0002_F_020_SLF.jpg,https://www.miumiu.com/content/dam/miumiubkg_products/5/5D7/5D773D/ULXF0002/5D773D_ULX_F0002_F_020_SLF.jpg,https://www.miumiu.com/us/en/p/brushed-leather-penny-loafers/5D773D_ULX_F0002_F_020,https://www.miumiu.com/content/dam/miumiubkg_products/5/5D7/5D773D/ULXF0002/5D773D_ULX_F0002_F_020_SLR.jpg,downloaded,data\luxury-image-library\images\Miu Miu\Shoes\SKU0249_ebe0d17f2126.jpg,ebe0d17f21268f7e7ea21385c6cf3e2d5f44d3ce49e01a5588f5ab10b8281c87,,,官方DAM主图直链,"[""https://www.miumiu.com/us/en/p/brushed-leather-penny-loafers/5D773D_ULX_F0002_F_020"", ""https://www.miumiu.com/content/dam/miumiubkg_products/5/5D7/5D773D/ULXF0002/5D773D_ULX_F0002_F_020_SLR.jpg""]"
SKU0250,Miu Miu,Shoes,Brushed leather loafers,5D276E_055_F0002_F_050,https://www.miumiu.com/content/dam/miumiubkg_products/5/5D2/5D276E/055F0002/5D276E_055_F0002_F_050_SLF.jpg,https://www.miumiu.com/content/dam/miumiubkg_products/5/5D2/5D276E/055F0002/5D276E_055_F0002_F_050_SLF.jpg,https://www.miumiu.com/us/en/p/brushed-leather-loafers/5D276E_055_F0002_F_050,https://www.miumiu.com/content/dam/miumiubkg_products/5/5D2/5D276E/055F0002/5D276E_055_F0002_F_050_SLR.jpg,downloaded,data\luxury-image-library\images\Miu Miu\Shoes\SKU0250_062902be44c8.jpg,062902be44c8233eb8b4dce7ab64e9377a8e9ceef5c46ca415c043d84d49b716,,,官方DAM主图直链,"[""https://www.miumiu.com/us/en/p/brushed-leather-loafers/5D276E_055_F0002_F_050"", ""https://www.miumiu.com/content/dam/miumiubkg_products/5/5D2/5D276E/055F0002/5D276E_055_F0002_F_050_SLR.jpg""]"
SKU0251,Miu Miu,Shoes,Vintage-effect leather penny loafers,5D773D_3G48_F0192_F_020,https://www.miumiu.com/content/dam/miumiubkg_products/5/5D7/5D773D/3G48F0192/5D773D_3G48_F0192_F_020_SLF.jpg,https://www.miumiu.com/content/dam/miumiubkg_products/5/5D7/5D773D/3G48F0192/5D773D_3G48_F0192_F_020_SLF.jpg,https://www.miumiu.com/us/en/p/vintage-effect-leather-penny-loafers/5D773D_3G48_F0192_F_020,https://www.miumiu.com/content/dam/miumiubkg_products/5/5D7/5D773D/3G48F0192/5D773D_3G48_F0192_F_020_SLR.jpg,downloaded,data\luxury-image-library\images\Miu Miu\Shoes\SKU0251_d2357009a564.jpg,d2357009a5643e7ccede855126b18b8e394a1d0f1a1726783d6c1e1d259bc490,,,官方DAM主图直链,"[""https://www.miumiu.com/us/en/p/vintage-effect-leather-penny-loafers/5D773D_3G48_F0192_F_020"", ""https://www.miumiu.com/content/dam/miumiubkg_products/5/5D7/5D773D/3G48F0192/5D773D_3G48_F0192_F_020_SLR.jpg""]"
SKU0252,Miu Miu,Shoes,Leather loafers,5D747E_5OD_F0201_F_020,https://www.miumiu.com/content/dam/miumiubkg_products/5/5D7/5D747E/5ODF0201/5D747E_5OD_F0201_F_020_SLF.jpg,https://www.miumiu.com/content/dam/miumiubkg_products/5/5D7/5D747E/5ODF0201/5D747E_5OD_F0201_F_020_SLF.jpg,https://www.miumiu.com/us/en/p/leather-loafers/5D747E_5OD_F0201_F_020,https://www.miumiu.com/content/dam/miumiubkg_products/5/5D7/5D747E/5ODF0201/5D747E_5OD_F0201_F_020_SLR.jpg,downloaded,data\luxury-image-library\images\Miu Miu\Shoes\SKU0252_924b23eee827.jpg,924b23eee82705e3564c9a102047394987070149346cece70c107c42246d843b,,,官方DAM主图直链,"[""https://www.miumiu.com/us/en/p/leather-loafers/5D747E_5OD_F0201_F_020"", ""https://www.miumiu.com/content/dam/miumiubkg_products/5/5D7/5D747E/5ODF0201/5D747E_5OD_F0201_F_020_SLR.jpg""]"
SKU0253,Miu Miu,Shoes,Bleached leather Deck shoes,5D123E_3F33_F0038_F_005,https://www.miumiu.com/content/dam/miumiubkg_products/5/5D1/5D123E/3F33F0038/5D123E_3F33_F0038_F_005_SLF.jpg,https://www.miumiu.com/content/dam/miumiubkg_products/5/5D1/5D123E/3F33F0038/5D123E_3F33_F0038_F_005_SLF.jpg,https://www.miumiu.com/us/en/p/bleached-leather-deck-shoes/5D123E_3F33_F0038_F_005,https://www.miumiu.com/content/dam/miumiubkg_products/5/5D1/5D123E/3F33F0038/5D123E_3F33_F0038_F_005_SLR.jpg,downloaded,data\luxury-image-library\images\Miu Miu\Shoes\SKU0253_df227fcbcbf1.jpg,df227fcbcbf1d7ce9955bc09ade42cb3a41b489337c5dee14ec1ade105e5719f,,,官方DAM主图直链,"[""https://www.miumiu.com/us/en/p/bleached-leather-deck-shoes/5D123E_3F33_F0038_F_005"", ""https://www.miumiu.com/content/dam/miumiubkg_products/5/5D1/5D123E/3F33F0038/5D123E_3F33_F0038_F_005_SLR.jpg""]"
SKU0254,Miu Miu,Shoes,Leather loafers with strap,5D563E_007_F0002_F_015,https://www.miumiu.com/content/dam/miumiubkg_products/5/5D5/5D563E/007F0002/5D563E_007_F0002_F_015_SLF.jpg,https://www.miumiu.com/content/dam/miumiubkg_products/5/5D5/5D563E/007F0002/5D563E_007_F0002_F_015_SLF.jpg,https://www.miumiu.com/us/en/p/leather-loafers-with-strap/5D563E_007_F0002_F_015,https://www.miumiu.com/content/dam/miumiubkg_products/5/5D5/5D563E/007F0002/5D563E_007_F0002_F_015_SLR.jpg,downloaded,data\luxury-image-library\images\Miu Miu\Shoes\SKU0254_679787550223.jpg,679787550223f41608bb32291727adf89676cf1bfdfca7d000e6a0ed04bf0eae,,,官方DAM主图直链,"[""https://www.miumiu.com/us/en/p/leather-loafers-with-strap/5D563E_007_F0002_F_015"", ""https://www.miumiu.com/content/dam/miumiubkg_products/5/5D5/5D563E/007F0002/5D563E_007_F0002_F_015_SLR.jpg""]"
SKU0255,Miu Miu,Shoes,Leather loafers with strap,5D563E_007_F0003_F_015,https://www.miumiu.com/content/dam/miumiubkg_products/5/5D5/5D563E/007F0003/5D563E_007_F0003_F_015_SLF.jpg,https://www.miumiu.com/content/dam/miumiubkg_products/5/5D5/5D563E/007F0003/5D563E_007_F0003_F_015_SLF.jpg,https://www.miumiu.com/us/en/p/leather-loafers-with-strap/5D563E_007_F0003_F_015,https://www.miumiu.com/content/dam/miumiubkg_products/5/5D5/5D563E/007F0003/5D563E_007_F0003_F_015_SLR.jpg,downloaded,data\luxury-image-library\images\Miu Miu\Shoes\SKU0255_8a0a527db54f.jpg,8a0a527db54fee9b7a285efc516539ffadb6f92c45eb8e42550eac31ebbbf4dd,,,官方DAM主图直链,"[""https://www.miumiu.com/us/en/p/leather-loafers-with-strap/5D563E_007_F0003_F_015"", ""https://www.miumiu.com/content/dam/miumiubkg_products/5/5D5/5D563E/007F0003/5D563E_007_F0003_F_015_SLR.jpg""]"
SKU0256,Miu Miu,Shoes,Suede loafers with buckle,5D563E_054_F0003_F_015,https://www.miumiu.com/content/dam/miumiubkg_products/5/5D5/5D563E/054F0003/5D563E_054_F0003_F_015_SLF.jpg,https://www.miumiu.com/content/dam/miumiubkg_products/5/5D5/5D563E/054F0003/5D563E_054_F0003_F_015_SLF.jpg,https://www.miumiu.com/us/en/p/suede-loafers-with-buckle/5D563E_054_F0003_F_015,https://www.miumiu.com/content/dam/miumiubkg_products/5/5D5/5D563E/054F0003/5D563E_054_F0003_F_015_SLR.jpg,downloaded,data\luxury-image-library\images\Miu Miu\Shoes\SKU0256_fdb9cc3930a9.jpg,fdb9cc3930a94ffd7eb96d243fadaf9ecf40351cd3d9737317de22668a92f06e,,,官方DAM主图直链,"[""https://www.miumiu.com/us/en/p/suede-loafers-with-buckle/5D563E_054_F0003_F_015"", ""https://www.miumiu.com/content/dam/miumiubkg_products/5/5D5/5D563E/054F0003/5D563E_054_F0003_F_015_SLR.jpg""]"
SKU0257,Miu Miu,Shoes,Ruches suede ballerinas,5F340E_008_F0003_F_D005,https://www.miumiu.com/content/dam/miumiubkg_products/5/5F3/5F340E/008F0003/5F340E_008_F0003_F_D005_SLF.jpg,https://www.miumiu.com/content/dam/miumiubkg_products/5/5F3/5F340E/008F0003/5F340E_008_F0003_F_D005_SLF.jpg,https://www.miumiu.com/us/en/p/ruches-suede-ballerinas/5F340E_008_F0003_F_D005,https://www.miumiu.com/content/dam/miumiubkg_products/5/5F3/5F340E/008F0003/5F340E_008_F0003_F_D005_SLR.jpg,downloaded,data\luxury-image-library\images\Miu Miu\Shoes\SKU0257_16ca9a1f2ac7.jpg,16ca9a1f2ac7de8b0a40dd0a0f2c74d4b2c980de9ad31888c35beabf7adee049,,,官方DAM主图直链,"[""https://www.miumiu.com/us/en/p/ruches-suede-ballerinas/5F340E_008_F0003_F_D005"", ""https://www.miumiu.com/content/dam/miumiubkg_products/5/5F3/5F340E/008F0003/5F340E_008_F0003_F_D005_SLR.jpg""]"
SKU0258,Miu Miu,Shoes,Ruches suede ballerinas,5F340E_008_F0393_F_D005,https://www.miumiu.com/content/dam/miumiubkg_products/5/5F3/5F340E/008F0393/5F340E_008_F0393_F_D005_SLF.jpg,https://www.miumiu.com/content/dam/miumiubkg_products/5/5F3/5F340E/008F0393/5F340E_008_F0393_F_D005_SLF.jpg,https://www.miumiu.com/us/en/p/ruches-suede-ballerinas/5F340E_008_F0393_F_D005,https://www.miumiu.com/content/dam/miumiubkg_products/5/5F3/5F340E/008F0393/5F340E_008_F0393_F_D005_SLR.jpg,downloaded,data\luxury-image-library\images\Miu Miu\Shoes\SKU0258_90bafac16a5a.jpg,90bafac16a5a76b799075948af6a109180e764bdf8fadea6dbd2bf2ff7b179e6,,,官方DAM主图直链,"[""https://www.miumiu.com/us/en/p/ruches-suede-ballerinas/5F340E_008_F0393_F_D005"", ""https://www.miumiu.com/content/dam/miumiubkg_products/5/5F3/5F340E/008F0393/5F340E_008_F0393_F_D005_SLR.jpg""]"
SKU0259,Miu Miu,Shoes,Ruches nappa leather ballerinas,5F340E_EFX_F0002_F_D005,https://www.miumiu.com/content/dam/miumiubkg_products/5/5F3/5F340E/EFXF0002/5F340E_EFX_F0002_F_D005_SLF.jpg,https://www.miumiu.com/content/dam/miumiubkg_products/5/5F3/5F340E/EFXF0002/5F340E_EFX_F0002_F_D005_SLF.jpg,https://www.miumiu.com/us/en/p/ruches-nappa-leather-ballerinas/5F340E_EFX_F0002_F_D005,https://www.miumiu.com/content/dam/miumiubkg_products/5/5F3/5F340E/EFXF0002/5F340E_EFX_F0002_F_D005_SLR.jpg,downloaded,data\luxury-image-library\images\Miu Miu\Shoes\SKU0259_dd4c55c6edf9.jpg,dd4c55c6edf9daa6b5fd6f926d43d5315cbf65a818740e174b92c761b78b54de,,,官方DAM主图直链,"[""https://www.miumiu.com/us/en/p/ruches-nappa-leather-ballerinas/5F340E_EFX_F0002_F_D005"", ""https://www.miumiu.com/content/dam/miumiubkg_products/5/5F3/5F340E/EFXF0002/5F340E_EFX_F0002_F_D005_SLR.jpg""]"
SKU0260,Miu Miu,Shoes,Ruches nappa leather ballerinas,5F340E_EFX_F0NBL_F_D005,https://www.miumiu.com/content/dam/miumiubkg_products/5/5F3/5F340E/EFXF0NBL/5F340E_EFX_F0NBL_F_D005_SLF.jpg,https://www.miumiu.com/content/dam/miumiubkg_products/5/5F3/5F340E/EFXF0NBL/5F340E_EFX_F0NBL_F_D005_SLF.jpg,https://www.miumiu.com/us/en/p/ruches-nappa-leather-ballerinas/5F340E_EFX_F0NBL_F_D005,https://www.miumiu.com/content/dam/miumiubkg_products/5/5F3/5F340E/EFXF0NBL/5F340E_EFX_F0NBL_F_D005_SLR.jpg,downloaded,data\luxury-image-library\images\Miu Miu\Shoes\SKU0260_008559ecfef7.jpg,008559ecfef7ad02e722eac238223ab83ab3faf862fc0acc985447758ed27e5f,,,官方DAM主图直链,"[""https://www.miumiu.com/us/en/p/ruches-nappa-leather-ballerinas/5F340E_EFX_F0NBL_F_D005"", ""https://www.miumiu.com/content/dam/miumiubkg_products/5/5F3/5F340E/EFXF0NBL/5F340E_EFX_F0NBL_F_D005_SLR.jpg""]"
SKU0261,Miu Miu,Bag,Rendez-vous nappa leather bag,5BC221_2BBL_F0399_V_OOO,https://www.miumiu.com/content/dam/miumiubkg_products/5/5BC/5BC221/2BBLF0399/5BC221_2BBL_F0399_V_OOO_SLF.jpg,https://www.miumiu.com/content/dam/miumiubkg_products/5/5BC/5BC221/2BBLF0399/5BC221_2BBL_F0399_V_OOO_SLF.jpg,https://www.miumiu.com/us/en/p/rendez-vous-nappa-leather-bag/5BC221_2BBL_F0399_V_OOO,https://www.miumiu.com/content/dam/miumiubkg_products/5/5BC/5BC221/2BBLF0399/5BC221_2BBL_F0399_V_OOO_SLF.jpg,downloaded,data\luxury-image-library\images\Miu Miu\Bag\SKU0261_ce715d5c5457.jpg,ce715d5c54575831e900fab77709157b3ac2fdff5a8dff11b81aae08d50d0597,,,官方DAM主图直链,"[""https://www.miumiu.com/content/dam/miumiubkg_products/5/5BC/5BC221/2BBLF0399/5BC221_2BBL_F0399_V_OOO_SLF.jpg""]"
SKU0262,Miu Miu,Bag,Rendez-vous nappa leather bag,5BC221_2BBL_F0NBL_V_OOO,https://www.miumiu.com/content/dam/miumiubkg_products/5/5BC/5BC221/2BBLF0NBL/5BC221_2BBL_F0NBL_V_OOO_SLF.jpg,https://www.miumiu.com/content/dam/miumiubkg_products/5/5BC/5BC221/2BBLF0NBL/5BC221_2BBL_F0NBL_V_OOO_SLF.jpg,https://www.miumiu.com/us/en/p/rendez-vous-nappa-leather-bag/5BC221_2BBL_F0NBL_V_OOO,https://www.miumiu.com/content/dam/miumiubkg_products/5/5BC/5BC221/2BBLF0NBL/5BC221_2BBL_F0NBL_V_OOO_SLF.jpg,downloaded,data\luxury-image-library\images\Miu Miu\Bag\SKU0262_c1758966670b.jpg,c1758966670bc5828936d21f5a098e360174005057a4bf7b6af5e82781f86256,,,官方DAM主图直链,"[""https://www.miumiu.com/content/dam/miumiubkg_products/5/5BC/5BC221/2BBLF0NBL/5BC221_2BBL_F0NBL_V_OOO_SLF.jpg""]"
SKU0263,Miu Miu,Bag,Rendez-vous nappa leather bag,5BC221_2BBL_F0316_V_OOO,https://www.miumiu.com/content/dam/miumiubkg_products/5/5BC/5BC221/2BBLF0316/5BC221_2BBL_F0316_V_OOO_SLF.jpg,https://www.miumiu.com/content/dam/miumiubkg_products/5/5BC/5BC221/2BBLF0316/5BC221_2BBL_F0316_V_OOO_SLF.jpg,https://www.miumiu.com/us/en/p/rendez-vous-nappa-leather-bag/5BC221_2BBL_F0316_V_OOO,https://www.miumiu.com/content/dam/miumiubkg_products/5/5BC/5BC221/2BBLF0316/5BC221_2BBL_F0316_V_OOO_SLF.jpg,downloaded,data\luxury-image-library\images\Miu Miu\Bag\SKU0263_4081b2560ab9.jpg,4081b2560ab93b11b56a5da8b7eec75ce444ebb06f42e3ff7fbd0c3980882dba,,,官方DAM主图直链,"[""https://www.miumiu.com/content/dam/miumiubkg_products/5/5BC/5BC221/2BBLF0316/5BC221_2BBL_F0316_V_OOO_SLF.jpg""]"
SKU0264,Miu Miu,Bag,Vivant nappa leather bag,5BB200_2BBL_F0BW5_V_OOO,https://www.miumiu.com/content/dam/miumiubkg_products/5/5BB/5BB200/2BBLF0BW5/5BB200_2BBL_F0BW5_V_OOO_SLF.jpg,https://www.miumiu.com/content/dam/miumiubkg_products/5/5BB/5BB200/2BBLF0BW5/5BB200_2BBL_F0BW5_V_OOO_SLF.jpg,https://www.miumiu.com/us/en/p/vivant-nappa-leather-bag/5BB200_2BBL_F0BW5_V_OOO,https://www.miumiu.com/content/dam/miumiubkg_products/5/5BB/5BB200/2BBLF0BW5/5BB200_2BBL_F0BW5_V_OOO_SLF.jpg,downloaded,data\luxury-image-library\images\Miu Miu\Bag\SKU0264_a0418bc30ccc.jpg,a0418bc30ccc762319008ebf7db20aea073a5050da7e8b92b7c9da348cf7f423,,,官方DAM主图直链,"[""https://www.miumiu.com/content/dam/miumiubkg_products/5/5BB/5BB200/2BBLF0BW5/5BB200_2BBL_F0BW5_V_OOO_SLF.jpg""]"
SKU0265,Miu Miu,Bag,Vivant nappa leather bag,5BB200_2BBL_F0399_V_OOO,https://www.miumiu.com/content/dam/miumiubkg_products/5/5BB/5BB200/2BBLF0399/5BB200_2BBL_F0399_V_OOO_SLF.jpg,https://www.miumiu.com/content/dam/miumiubkg_products/5/5BB/5BB200/2BBLF0399/5BB200_2BBL_F0399_V_OOO_SLF.jpg,https://www.miumiu.com/us/en/p/vivant-nappa-leather-bag/5BB200_2BBL_F0399_V_OOO,https://www.miumiu.com/content/dam/miumiubkg_products/5/5BB/5BB200/2BBLF0399/5BB200_2BBL_F0399_V_OOO_SLF.jpg,downloaded,data\luxury-image-library\images\Miu Miu\Bag\SKU0265_2a766e7db5f0.jpg,2a766e7db5f06d4679d34d4f7899d2ba494a0f420cbf5909a1597dd62e5b7d0a,,,官方DAM主图直链,"[""https://www.miumiu.com/content/dam/miumiubkg_products/5/5BB/5BB200/2BBLF0399/5BB200_2BBL_F0399_V_OOO_SLF.jpg""]"
SKU0266,Miu Miu,Bag,Vivant nappa leather bag,5BB200_2BBL_F0K74_V_OOO,https://www.miumiu.com/content/dam/miumiubkg_products/5/5BB/5BB200/2BBLF0K74/5BB200_2BBL_F0K74_V_OOO_SLF.jpg,https://www.miumiu.com/content/dam/miumiubkg_products/5/5BB/5BB200/2BBLF0K74/5BB200_2BBL_F0K74_V_OOO_SLF.jpg,https://www.miumiu.com/us/en/p/vivant-nappa-leather-bag/5BB200_2BBL_F0K74_V_OOO,https://www.miumiu.com/content/dam/miumiubkg_products/5/5BB/5BB200/2BBLF0K74/5BB200_2BBL_F0K74_V_OOO_SLF.jpg,downloaded,data\luxury-image-library\images\Miu Miu\Bag\SKU0266_cf761920b688.jpg,cf761920b688a13a69842cea4eb20ced27ea3a6ea6a733cda25d9916bd7e8f4d,,,官方DAM主图直链,"[""https://www.miumiu.com/content/dam/miumiubkg_products/5/5BB/5BB200/2BBLF0K74/5BB200_2BBL_F0K74_V_OOO_SLF.jpg""]"
SKU0267,Miu Miu,Bag,Vivant nappa leather bag,5BB199_2BBL_F0D57_V_OOO,https://www.miumiu.com/content/dam/miumiubkg_products/5/5BB/5BB199/2BBLF0D57/5BB199_2BBL_F0D57_V_OOO_SLF.jpg,https://www.miumiu.com/content/dam/miumiubkg_products/5/5BB/5BB199/2BBLF0D57/5BB199_2BBL_F0D57_V_OOO_SLF.jpg,https://www.miumiu.com/us/en/p/vivant-nappa-leather-bag/5BB199_2BBL_F0D57_V_OOO,https://www.miumiu.com/content/dam/miumiubkg_products/5/5BB/5BB199/2BBLF0D57/5BB199_2BBL_F0D57_V_OOO_SLF.jpg,downloaded,data\luxury-image-library\images\Miu Miu\Bag\SKU0267_3a81c62e0118.jpg,3a81c62e011825ee8244e85a7b64832a6c47e3a714db75389f2b5e76f536fd2e,,,官方DAM主图直链,"[""https://www.miumiu.com/content/dam/miumiubkg_products/5/5BB/5BB199/2BBLF0D57/5BB199_2BBL_F0D57_V_OOO_SLF.jpg""]"
SKU0268,Miu Miu,Bag,Arcadie studded leather bag,5BB142_2ZSQ_F0009_V_OBO,https://www.miumiu.com/content/dam/miumiubkg_products/5/5BB/5BB142/2ZSQF0009/5BB142_2ZSQ_F0009_V_OBO_SLF.jpg,https://www.miumiu.com/content/dam/miumiubkg_products/5/5BB/5BB142/2ZSQF0009/5BB142_2ZSQ_F0009_V_OBO_SLF.jpg,https://www.miumiu.com/us/en/p/arcadie-studded-leather-bag/5BB142_2ZSQ_F0009_V_OBO,https://www.miumiu.com/content/dam/miumiubkg_products/5/5BB/5BB142/2ZSQF0009/5BB142_2ZSQ_F0009_V_OBO_SLF.jpg,downloaded,data\luxury-image-library\images\Miu Miu\Bag\SKU0268_27ec4211fb2a.jpg,27ec4211fb2a0a9698697861b5b07e4ebf910eb10e328e3182d4af3c697958e7,,,官方DAM主图直链,"[""https://www.miumiu.com/content/dam/miumiubkg_products/5/5BB/5BB142/2ZSQF0009/5BB142_2ZSQ_F0009_V_OBO_SLF.jpg""]"
SKU0269,Miu Miu,Bag,Arcadie studded leather bag,5BB142_2ZSQ_F0134_V_OBO,https://www.miumiu.com/content/dam/miumiubkg_products/5/5BB/5BB142/2ZSQF0134/5BB142_2ZSQ_F0134_V_OBO_SLF.jpg,https://www.miumiu.com/content/dam/miumiubkg_products/5/5BB/5BB142/2ZSQF0134/5BB142_2ZSQ_F0134_V_OBO_SLF.jpg,https://www.miumiu.com/us/en/p/arcadie-studded-leather-bag/5BB142_2ZSQ_F0134_V_OBO,https://www.miumiu.com/content/dam/miumiubkg_products/5/5BB/5BB142/2ZSQF0134/5BB142_2ZSQ_F0134_V_OBO_SLF.jpg,downloaded,data\luxury-image-library\images\Miu Miu\Bag\SKU0269_cd46c9059980.jpg,cd46c90599809c6003c7fcb32bb50650bda5c6697ad3a2262eed24311a3411e5,,,官方DAM主图直链,"[""https://www.miumiu.com/content/dam/miumiubkg_products/5/5BB/5BB142/2ZSQF0134/5BB142_2ZSQ_F0134_V_OBO_SLF.jpg""]"
SKU0270,Miu Miu,Bag,Arcadie studded leather bag,5BB142_2ZSQ_F0343_V_OBO,https://www.miumiu.com/content/dam/miumiubkg_products/5/5BB/5BB142/2ZSQF0343/5BB142_2ZSQ_F0343_V_OBO_SLF.jpg,https://www.miumiu.com/content/dam/miumiubkg_products/5/5BB/5BB142/2ZSQF0343/5BB142_2ZSQ_F0343_V_OBO_SLF.jpg,https://www.miumiu.com/us/en/p/arcadie-studded-leather-bag/5BB142_2ZSQ_F0343_V_OBO,https://www.miumiu.com/content/dam/miumiubkg_products/5/5BB/5BB142/2ZSQF0343/5BB142_2ZSQ_F0343_V_OBO_SLF.jpg,downloaded,data\luxury-image-library\images\Miu Miu\Bag\SKU0270_286fdd47fa97.jpg,286fdd47fa97355dbe88fcaf7dbec7d544268008141721bd70137ebe8b6245ff,,,官方DAM主图直链,"[""https://www.miumiu.com/content/dam/miumiubkg_products/5/5BB/5BB142/2ZSQF0343/5BB142_2ZSQ_F0343_V_OBO_SLF.jpg""]"
SKU0271,Miu Miu,Bag,Spirit nappa leather bag,5BC217_QJB_F0002_V_WOO,https://www.miumiu.com/content/dam/miumiubkg_products/5/5BC/5BC217/QJBF0002/5BC217_QJB_F0002_V_WOO_SLF.jpg,https://www.miumiu.com/content/dam/miumiubkg_products/5/5BC/5BC217/QJBF0002/5BC217_QJB_F0002_V_WOO_SLF.jpg,https://www.miumiu.com/us/en/p/spirit-nappa-leather-bag/5BC217_QJB_F0002_V_WOO,https://www.miumiu.com/content/dam/miumiubkg_products/5/5BC/5BC217/QJBF0002/5BC217_QJB_F0002_V_WOO_SLF.jpg,downloaded,data\luxury-image-library\images\Miu Miu\Bag\SKU0271_ab2223e785eb.jpg,ab2223e785ebdf30e0e8d22b20f570bd55de49e24b309b67a4bedaf6d60fdbbb,,,官方DAM主图直链,"[""https://www.miumiu.com/content/dam/miumiubkg_products/5/5BC/5BC217/QJBF0002/5BC217_QJB_F0002_V_WOO_SLF.jpg""]"
SKU0272,Miu Miu,Bag,Spirit nappa leather bag,5BC217_QJB_F0399_V_OOO,https://www.miumiu.com/content/dam/miumiubkg_products/5/5BC/5BC217/QJBF0399/5BC217_QJB_F0399_V_OOO_SLF.jpg,https://www.miumiu.com/content/dam/miumiubkg_products/5/5BC/5BC217/QJBF0399/5BC217_QJB_F0399_V_OOO_SLF.jpg,https://www.miumiu.com/us/en/p/spirit-nappa-leather-bag/5BC217_QJB_F0399_V_OOO,https://www.miumiu.com/content/dam/miumiubkg_products/5/5BC/5BC217/QJBF0399/5BC217_QJB_F0399_V_OOO_SLF.jpg,downloaded,data\luxury-image-library\images\Miu Miu\Bag\SKU0272_f31f41996673.jpg,f31f41996673a5d34048bbcf605468e9abcbf74bc04a6459a59c24563c0e7864,,,官方DAM主图直链,"[""https://www.miumiu.com/content/dam/miumiubkg_products/5/5BC/5BC217/QJBF0399/5BC217_QJB_F0399_V_OOO_SLF.jpg""]"
SKU0273,Miu Miu,Bag,Spirit suede bag,5BC217_2CSS_F0003_V_OOO,https://www.miumiu.com/content/dam/miumiubkg_products/5/5BC/5BC217/2CSSF0003/5BC217_2CSS_F0003_V_OOO_SLF.jpg,https://www.miumiu.com/content/dam/miumiubkg_products/5/5BC/5BC217/2CSSF0003/5BC217_2CSS_F0003_V_OOO_SLF.jpg,https://www.miumiu.com/us/en/p/spirit-suede-bag/5BC217_2CSS_F0003_V_OOO,https://www.miumiu.com/content/dam/miumiubkg_products/5/5BC/5BC217/2CSSF0003/5BC217_2CSS_F0003_V_OOO_SLF.jpg,downloaded,data\luxury-image-library\images\Miu Miu\Bag\SKU0273_f26b5f63a451.jpg,f26b5f63a4510dbc0261667a8678d15c3fc36cecf9af4c0494b5ac3c2dfd2c8f,,,官方DAM主图直链,"[""https://www.miumiu.com/content/dam/miumiubkg_products/5/5BC/5BC217/2CSSF0003/5BC217_2CSS_F0003_V_OOO_SLF.jpg""]"
SKU0274,Miu Miu,Bag,Spirit suede bag,5BC217_2CSS_F0379_V_OOO,https://www.miumiu.com/content/dam/miumiubkg_products/5/5BC/5BC217/2CSSF0379/5BC217_2CSS_F0379_V_OOO_SLF.jpg,https://www.miumiu.com/content/dam/miumiubkg_products/5/5BC/5BC217/2CSSF0379/5BC217_2CSS_F0379_V_OOO_SLF.jpg,https://www.miumiu.com/us/en/p/spirit-suede-bag/5BC217_2CSS_F0379_V_OOO,https://www.miumiu.com/content/dam/miumiubkg_products/5/5BC/5BC217/2CSSF0379/5BC217_2CSS_F0379_V_OOO_SLF.jpg,downloaded,data\luxury-image-library\images\Miu Miu\Bag\SKU0274_e36197d639a5.jpg,e36197d639a5751e09b3f9f0792213ac665938591d73f67b759d39fce4533029,,,官方DAM主图直链,"[""https://www.miumiu.com/content/dam/miumiubkg_products/5/5BC/5BC217/2CSSF0379/5BC217_2CSS_F0379_V_OOO_SLF.jpg""]"
SKU0275,Miu Miu,Bag,Spirit nappa leather bag,5BC216_QJB_F0BW5_V_OOO,https://www.miumiu.com/content/dam/miumiubkg_products/5/5BC/5BC216/QJBF0BW5/5BC216_QJB_F0BW5_V_OOO_SLF.jpg,https://www.miumiu.com/content/dam/miumiubkg_products/5/5BC/5BC216/QJBF0BW5/5BC216_QJB_F0BW5_V_OOO_SLF.jpg,https://www.miumiu.com/us/en/p/spirit-nappa-leather-bag/5BC216_QJB_F0BW5_V_OOO,https://www.miumiu.com/content/dam/miumiubkg_products/5/5BC/5BC216/QJBF0BW5/5BC216_QJB_F0BW5_V_OOO_SLF.jpg,downloaded,data\luxury-image-library\images\Miu Miu\Bag\SKU0275_f663917f3226.jpg,f663917f3226e72c2612e6a655a8dd93acd3cd6bcfc979eb10449dbff7975c42,,,官方DAM主图直链,"[""https://www.miumiu.com/content/dam/miumiubkg_products/5/5BC/5BC216/QJBF0BW5/5BC216_QJB_F0BW5_V_OOO_SLF.jpg""]"
SKU0276,Miu Miu,Bag,Spirit nappa leather bag,5BC216_QJB_F0K74_V_OOO,https://www.miumiu.com/content/dam/miumiubkg_products/5/5BC/5BC216/QJBF0K74/5BC216_QJB_F0K74_V_OOO_SLF.jpg,https://www.miumiu.com/content/dam/miumiubkg_products/5/5BC/5BC216/QJBF0K74/5BC216_QJB_F0K74_V_OOO_SLF.jpg,https://www.miumiu.com/us/en/p/spirit-nappa-leather-bag/5BC216_QJB_F0K74_V_OOO,https://www.miumiu.com/content/dam/miumiu_products/5/5BC/5BC216/QJBF0K74/5BC216_QJB_F0K74_V_OOO_SLF.png,downloaded,data\luxury-image-library\images\Miu Miu\Bag\SKU0276_78ba6c6b8716.png,78ba6c6b8716aec80fc840be1310d4029c26f2c239755e29d10e41d97a7199ef,,,官方DAM主图直链,"[""https://www.miumiu.com/us/en/p/spirit-nappa-leather-bag/5BC216_QJB_F0K74_V_OOO"", ""https://www.miumiu.com/content/dam/miumiu_products/5/5BC/5BC216/QJBF0K74/5BC216_QJB_F0K74_V_OOO_SLF.png""]"
SKU0277,Miu Miu,Bag,Spirit nappa leather bag,5BC216_QJB_F0002_V_OOO,https://www.miumiu.com/content/dam/miumiubkg_products/5/5BC/5BC216/QJBF0002/5BC216_QJB_F0002_V_OOO_SLF.jpg,https://www.miumiu.com/content/dam/miumiubkg_products/5/5BC/5BC216/QJBF0002/5BC216_QJB_F0002_V_OOO_SLF.jpg,https://www.miumiu.com/us/en/p/spirit-nappa-leather-bag/5BC216_QJB_F0002_V_OOO,https://www.miumiu.com/content/dam/miumiubkg_products/5/5BC/5BC216/QJBF0002/5BC216_QJB_F0002_V_OOO_SLF.jpg,downloaded,data\luxury-image-library\images\Miu Miu\Bag\SKU0277_eb31444cbd6e.jpg,eb31444cbd6e3e8bcb6133a7ff8155d58d55b43dc90722f55b3a45a945662e21,,,官方DAM主图直链,"[""https://www.miumiu.com/content/dam/miumiubkg_products/5/5BC/5BC216/QJBF0002/5BC216_QJB_F0002_V_OOO_SLF.jpg""]"
SKU0278,Miu Miu,Bag,Spirit nappa leather bag,5BC216_QJB_F0399_V_OOO,https://www.miumiu.com/content/dam/miumiubkg_products/5/5BC/5BC216/QJBF0399/5BC216_QJB_F0399_V_OOO_SLF.jpg,https://www.miumiu.com/content/dam/miumiubkg_products/5/5BC/5BC216/QJBF0399/5BC216_QJB_F0399_V_OOO_SLF.jpg,https://www.miumiu.com/us/en/p/spirit-nappa-leather-bag/5BC216_QJB_F0399_V_OOO,https://www.miumiu.com/content/dam/miumiubkg_products/5/5BC/5BC216/QJBF0399/5BC216_QJB_F0399_V_OOO_SLF.jpg,downloaded,data\luxury-image-library\images\Miu Miu\Bag\SKU0278_c7910c5e9c83.jpg,c7910c5e9c83aeafaacaafc953a7e13bf3f34e5c4675b7c30e5739510a12627d,,,官方DAM主图直链,"[""https://www.miumiu.com/content/dam/miumiubkg_products/5/5BC/5BC216/QJBF0399/5BC216_QJB_F0399_V_OOO_SLF.jpg""]"
SKU0279,Miu Miu,Bag,Spirit suede bag,5BC216_2CSS_F0379_V_OOO,https://www.miumiu.com/content/dam/miumiubkg_products/5/5BC/5BC216/2CSSF0379/5BC216_2CSS_F0379_V_OOO_SLF.jpg,https://www.miumiu.com/content/dam/miumiubkg_products/5/5BC/5BC216/2CSSF0379/5BC216_2CSS_F0379_V_OOO_SLF.jpg,https://www.miumiu.com/us/en/p/spirit-suede-bag/5BC216_2CSS_F0379_V_OOO,https://www.miumiu.com/content/dam/miumiubkg_products/5/5BC/5BC216/2CSSF0379/5BC216_2CSS_F0379_V_OOO_SLF.jpg,downloaded,data\luxury-image-library\images\Miu Miu\Bag\SKU0279_6cb8aaaebe8a.jpg,6cb8aaaebe8a3ac6e0c3883d01792330ab437358e2f1e2e268e584b1e772d489,,,官方DAM主图直链,"[""https://www.miumiu.com/content/dam/miumiubkg_products/5/5BC/5BC216/2CSSF0379/5BC216_2CSS_F0379_V_OOO_SLF.jpg""]"
SKU0280,Miu Miu,Bag,Spirit suede bag,5BC216_2CSS_F0003_V_OOO,https://www.miumiu.com/content/dam/miumiubkg_products/5/5BC/5BC216/2CSSF0003/5BC216_2CSS_F0003_V_OOO_SLF.jpg,https://www.miumiu.com/content/dam/miumiubkg_products/5/5BC/5BC216/2CSSF0003/5BC216_2CSS_F0003_V_OOO_SLF.jpg,https://www.miumiu.com/us/en/p/spirit-suede-bag/5BC216_2CSS_F0003_V_OOO,https://www.miumiu.com/content/dam/miumiubkg_products/5/5BC/5BC216/2CSSF0003/5BC216_2CSS_F0003_V_OOO_SLF.jpg,downloaded,data\luxury-image-library\images\Miu Miu\Bag\SKU0280_38301ca42e64.jpg,38301ca42e64c2cfd9686dcda8cdd7a6a2a3f80c6b273516c72ad7a40006ec0c,,,官方DAM主图直链,"[""https://www.miumiu.com/content/dam/miumiubkg_products/5/5BC/5BC216/2CSSF0003/5BC216_2CSS_F0003_V_OOO_SLF.jpg""]"
SKU0281,Miu Miu,Bag,Spirit suede bag,5BC216_2CSS_F0154_V_OOO,https://www.miumiu.com/content/dam/miumiubkg_products/5/5BC/5BC216/2CSSF0154/5BC216_2CSS_F0154_V_OOO_SLF.jpg,https://www.miumiu.com/content/dam/miumiubkg_products/5/5BC/5BC216/2CSSF0154/5BC216_2CSS_F0154_V_OOO_SLF.jpg,https://www.miumiu.com/us/en/p/spirit-suede-bag/5BC216_2CSS_F0154_V_OOO,https://www.miumiu.com/content/dam/miumiubkg_products/5/5BC/5BC216/2CSSF0154/5BC216_2CSS_F0154_V_OOO_SLF.jpg,downloaded,data\luxury-image-library\images\Miu Miu\Bag\SKU0281_77726c021114.jpg,77726c0211148179beb9098eb4c22001f772b92f8eccac481dfc8b2baf6d2e1a,,,官方DAM主图直链,"[""https://www.miumiu.com/content/dam/miumiubkg_products/5/5BC/5BC216/2CSSF0154/5BC216_2CSS_F0154_V_OOO_SLF.jpg""]"
SKU0282,Miu Miu,Bag,Ivy nappa leather tote bag,5BA337_2BBL_F0NBL_V_OOO,https://www.miumiu.com/content/dam/miumiubkg_products/5/5BA/5BA337/2BBLF0NBL/5BA337_2BBL_F0NBL_V_OOO_SLF.jpg,https://www.miumiu.com/content/dam/miumiubkg_products/5/5BA/5BA337/2BBLF0NBL/5BA337_2BBL_F0NBL_V_OOO_SLF.jpg,https://www.miumiu.com/us/en/p/ivy-nappa-leather-tote-bag/5BA337_2BBL_F0NBL_V_OOO,https://www.miumiu.com/content/dam/miumiubkg_products/5/5BA/5BA337/2BBLF0NBL/5BA337_2BBL_F0NBL_V_OOO_SLF.jpg,downloaded,data\luxury-image-library\images\Miu Miu\Bag\SKU0282_739492d024f7.jpg,739492d024f760e87db7748ae4a2ffc7ba647e83c3d595e045f15c322257cf15,,,官方DAM主图直链,"[""https://www.miumiu.com/content/dam/miumiubkg_products/5/5BA/5BA337/2BBLF0NBL/5BA337_2BBL_F0NBL_V_OOO_SLF.jpg""]"
SKU0283,Miu Miu,Bag,Ivy nappa leather shopping bag,5BG342_2BBL_F0316_V_OOO,https://www.miumiu.com/content/dam/miumiubkg_products/5/5BG/5BG342/2BBLF0316/5BG342_2BBL_F0316_V_OOO_SLF.jpg,https://www.miumiu.com/content/dam/miumiubkg_products/5/5BG/5BG342/2BBLF0316/5BG342_2BBL_F0316_V_OOO_SLF.jpg,https://www.miumiu.com/us/en/p/ivy-nappa-leather-shopping-bag/5BG342_2BBL_F0316_V_OOO,https://www.miumiu.com/content/dam/miumiubkg_products/5/5BG/5BG342/2BBLF0316/5BG342_2BBL_F0316_V_OOO_SLF.jpg,downloaded,data\luxury-image-library\images\Miu Miu\Bag\SKU0283_2a71b93ef1e6.jpg,2a71b93ef1e6c5d55cf9e3d2e3c0e727c7a8221141d4e26d19ce65925ae5b044,,,官方DAM主图直链,"[""https://www.miumiu.com/content/dam/miumiubkg_products/5/5BG/5BG342/2BBLF0316/5BG342_2BBL_F0316_V_OOO_SLF.jpg""]"
SKU0284,Miu Miu,Bag,Ivy nappa leather shopping bag,5BG342_2BBL_F0NBL_V_OOO,https://www.miumiu.com/content/dam/miumiubkg_products/5/5BG/5BG342/2BBLF0NBL/5BG342_2BBL_F0NBL_V_OOO_SLF.jpg,https://www.miumiu.com/content/dam/miumiubkg_products/5/5BG/5BG342/2BBLF0NBL/5BG342_2BBL_F0NBL_V_OOO_SLF.jpg,https://www.miumiu.com/us/en/p/ivy-nappa-leather-shopping-bag/5BG342_2BBL_F0NBL_V_OOO,https://www.miumiu.com/content/dam/miumiubkg_products/5/5BG/5BG342/2BBLF0NBL/5BG342_2BBL_F0NBL_V_OOO_SLF.jpg,downloaded,data\luxury-image-library\images\Miu Miu\Bag\SKU0284_640bcaf94005.jpg,640bcaf9400539bc8224d36ad48df16e26caf76cb55e2c1df2e4d8587cda4457,,,官方DAM主图直链,"[""https://www.miumiu.com/content/dam/miumiubkg_products/5/5BG/5BG342/2BBLF0NBL/5BG342_2BBL_F0NBL_V_OOO_SLF.jpg""]"
SKU0285,Miu Miu,Knitwear,V-neck wool cardigan,MML08K_6600_F0061_S_OOO,https://www.miumiu.com/content/dam/miumiubkg_products/M/MML/MML08K/6600F0061/MML08K_6600_F0061_S_OOO_SLF.jpg,https://www.miumiu.com/content/dam/miumiubkg_products/M/MML/MML08K/6600F0061/MML08K_6600_F0061_S_OOO_SLF.jpg,https://www.miumiu.com/us/en/p/v-neck-wool-cardigan/MML08K_6600_F0061_S_OOO,https://www.miumiu.com/content/dam/miumiubkg_products/M/MML/MML08K/6600F0061/MML08K_6600_F0061_S_OOO_SLF.jpg,downloaded,data\luxury-image-library\images\Miu Miu\Knitwear\SKU0285_163da3a80135.jpg,163da3a80135b09535cce7bea8d5879a7b027e686bb3adade94f577311e4706b,,,官方DAM主图直链,"[""https://www.miumiu.com/content/dam/miumiubkg_products/M/MML/MML08K/6600F0061/MML08K_6600_F0061_S_OOO_SLF.jpg""]"
SKU0286,Miu Miu,Knitwear,V-neck wool cardigan,MML08K_6600_F0075_S_OOO,https://www.miumiu.com/content/dam/miumiubkg_products/M/MML/MML08K/6600F0075/MML08K_6600_F0075_S_OOO_SLF.jpg,https://www.miumiu.com/content/dam/miumiubkg_products/M/MML/MML08K/6600F0075/MML08K_6600_F0075_S_OOO_SLF.jpg,https://www.miumiu.com/us/en/p/v-neck-wool-cardigan/MML08K_6600_F0075_S_OOO,https://www.miumiu.com/content/dam/miumiubkg_products/M/MML/MML08K/6600F0075/MML08K_6600_F0075_S_OOO_SLF.jpg,downloaded,data\luxury-image-library\images\Miu Miu\Knitwear\SKU0286_d1ab63af38cb.jpg,d1ab63af38cb02dc4301347e47fc21874eeb40c44540a60dc214e63b3f65bf32,,,官方DAM主图直链,"[""https://www.miumiu.com/content/dam/miumiubkg_products/M/MML/MML08K/6600F0075/MML08K_6600_F0075_S_OOO_SLF.jpg""]"
SKU0287,Miu Miu,Knitwear,V-neck wool cardigan,MML08K_6600_F0399_S_OOO,https://www.miumiu.com/content/dam/miumiubkg_products/M/MML/MML08K/6600F0399/MML08K_6600_F0399_S_OOO_SLF.jpg,https://www.miumiu.com/content/dam/miumiubkg_products/M/MML/MML08K/6600F0399/MML08K_6600_F0399_S_OOO_SLF.jpg,https://www.miumiu.com/us/en/p/v-neck-wool-cardigan/MML08K_6600_F0399_S_OOO,https://www.miumiu.com/content/dam/miumiubkg_products/M/MML/MML08K/6600F0399/MML08K_6600_F0399_S_OOO_SLF.jpg,downloaded,data\luxury-image-library\images\Miu Miu\Knitwear\SKU0287_1cc236ebd97b.jpg,1cc236ebd97b1ce1389a6da27c40590e1c34e3db2a601e5347abaa1944d07da0,,,官方DAM主图直链,"[""https://www.miumiu.com/content/dam/miumiubkg_products/M/MML/MML08K/6600F0399/MML08K_6600_F0399_S_OOO_SLF.jpg""]"
SKU0288,Miu Miu,Knitwear,V-neck wool cardigan,MML08K_6600_F0480_S_OOO,https://www.miumiu.com/content/dam/miumiubkg_products/M/MML/MML08K/6600F0480/MML08K_6600_F0480_S_OOO_SLF.jpg,https://www.miumiu.com/content/dam/miumiubkg_products/M/MML/MML08K/6600F0480/MML08K_6600_F0480_S_OOO_SLF.jpg,https://www.miumiu.com/us/en/p/v-neck-wool-cardigan/MML08K_6600_F0480_S_OOO,https://www.miumiu.com/content/dam/miumiubkg_products/M/MML/MML08K/6600F0480/MML08K_6600_F0480_S_OOO_SLF.jpg,downloaded,data\luxury-image-library\images\Miu Miu\Knitwear\SKU0288_4f61a8653922.jpg,4f61a8653922e56912451a6dde96eda0be12f29fbd6ef9ad2b32fe1fc26d4ed2,,,官方DAM主图直链,"[""https://www.miumiu.com/content/dam/miumiubkg_products/M/MML/MML08K/6600F0480/MML08K_6600_F0480_S_OOO_SLF.jpg""]"
SKU0289,Miu Miu,Knitwear,Wool cardigan,MMF04H_6609_F0V96_S_OOO,https://www.miumiu.com/content/dam/miumiubkg_products/M/MMF/MMF04H/6609F0V96/MMF04H_6609_F0V96_S_OOO_SLF.jpg,https://www.miumiu.com/content/dam/miumiubkg_products/M/MMF/MMF04H/6609F0V96/MMF04H_6609_F0V96_S_OOO_SLF.jpg,https://www.miumiu.com/us/en/p/wool-cardigan/MMF04H_6609_F0V96_S_OOO,https://www.miumiu.com/content/dam/miumiubkg_products/M/MMF/MMF04H/6609F0V96/MMF04H_6609_F0V96_S_OOO_SLF.jpg,downloaded,data\luxury-image-library\images\Miu Miu\Knitwear\SKU0289_d84985370be9.jpg,d84985370be90e632d6b652c73c0f9babc48b989b9cffa1f65369940c6bf71b2,,,官方DAM主图直链,"[""https://www.miumiu.com/content/dam/miumiubkg_products/M/MMF/MMF04H/6609F0V96/MMF04H_6609_F0V96_S_OOO_SLF.jpg""]"
SKU0290,Miu Miu,Knitwear,Wool vest,MMV520_6609_F0061_S_OOO,https://www.miumiu.com/content/dam/miumiubkg_products/M/MMV/MMV520/6609F0061/MMV520_6609_F0061_S_OOO_SLF.jpg,https://www.miumiu.com/content/dam/miumiubkg_products/M/MMV/MMV520/6609F0061/MMV520_6609_F0061_S_OOO_SLF.jpg,https://www.miumiu.com/us/en/p/wool-vest/MMV520_6609_F0061_S_OOO,https://www.miumiu.com/content/dam/miumiubkg_products/M/MMV/MMV520/6609F0061/MMV520_6609_F0061_S_OOO_SLF.jpg,downloaded,data\luxury-image-library\images\Miu Miu\Knitwear\SKU0290_3f49ee4f595c.jpg,3f49ee4f595ce4ac5cb89448297b84b9fedcf9bf50d72689bf6f8d90977f4f2b,,,官方DAM主图直链,"[""https://www.miumiu.com/content/dam/miumiubkg_products/M/MMV/MMV520/6609F0061/MMV520_6609_F0061_S_OOO_SLF.jpg""]"
SKU0291,Miu Miu,Dress,Cotton and lace dress,MMA937_195P_F0009_S_OOO,https://www.miumiu.com/content/dam/miumiubkg_products/M/MMA/MMA937/195PF0009/MMA937_195P_F0009_S_OOO_SLF.jpg,https://www.miumiu.com/content/dam/miumiubkg_products/M/MMA/MMA937/195PF0009/MMA937_195P_F0009_S_OOO_SLF.jpg,https://www.miumiu.com/us/en/p/cotton-and-lace-dress/MMA937_195P_F0009_S_OOO,https://www.miumiu.com/content/dam/miumiubkg_products/M/MMA/MMA937/195PF0009/MMA937_195P_F0009_S_OOO_SLF.jpg,downloaded,data\luxury-image-library\images\Miu Miu\Dress\SKU0291_9301703092b6.jpg,9301703092b6dc27c9efac278f286968d81657bf338747ad67a4eec8b089489f,,,官方DAM主图直链,"[""https://www.miumiu.com/content/dam/miumiubkg_products/M/MMA/MMA937/195PF0009/MMA937_195P_F0009_S_OOO_SLF.jpg""]"
SKU0292,Miu Miu,Top,Cotton and lace top,MMV344_195P_F0009_S_OOO,https://www.miumiu.com/content/dam/miumiubkg_products/M/MMV/MMV344/195PF0009/MMV344_195P_F0009_S_OOO_SLF.jpg,https://www.miumiu.com/content/dam/miumiubkg_products/M/MMV/MMV344/195PF0009/MMV344_195P_F0009_S_OOO_SLF.jpg,https://www.miumiu.com/us/en/p/cotton-and-lace-top/MMV344_195P_F0009_S_OOO,https://www.miumiu.com/content/dam/miumiubkg_products/M/MMV/MMV344/195PF0009/MMV344_195P_F0009_S_OOO_SLF.jpg,downloaded,data\luxury-image-library\images\Miu Miu\Top\SKU0292_44a87b18a044.jpg,44a87b18a04445c33081b17ba8ca5e0c63bfd70791f9c37785cf32fc4ba89ccb,,,官方DAM主图直链,"[""https://www.miumiu.com/content/dam/miumiubkg_products/M/MMV/MMV344/195PF0009/MMV344_195P_F0009_S_OOO_SLF.jpg""]"
SKU0293,Miu Miu,Knitwear,Cotton knit top,MMV306_18IL_F0324_S_OOO,https://www.miumiu.com/content/dam/miumiubkg_products/M/MMV/MMV306/18ILF0324/MMV306_18IL_F0324_S_OOO_SLF.jpg,https://www.miumiu.com/content/dam/miumiubkg_products/M/MMV/MMV306/18ILF0324/MMV306_18IL_F0324_S_OOO_SLF.jpg,https://www.miumiu.com/us/en/p/cotton-knit-top/MMV306_18IL_F0324_S_OOO,https://www.miumiu.com/content/dam/miumiubkg_products/M/MMV/MMV306/18ILF0324/MMV306_18IL_F0324_S_OOO_SLF.jpg,downloaded,data\luxury-image-library\images\Miu Miu\Knitwear\SKU0293_706da46d70d5.jpg,706da46d70d59b16f08467ca6eb11e60abfb855c73d1d2e4f88c670007126226,,,官方DAM主图直链,"[""https://www.miumiu.com/content/dam/miumiubkg_products/M/MMV/MMV306/18ILF0324/MMV306_18IL_F0324_S_OOO_SLF.jpg""]"
SKU0294,Miu Miu,Knitwear,Cotton knit top,MMV306_18IL_F0M10_S_OOO,https://www.miumiu.com/content/dam/miumiubkg_products/M/MMV/MMV306/18ILF0M10/MMV306_18IL_F0M10_S_OOO_SLF.jpg,https://www.miumiu.com/content/dam/miumiubkg_products/M/MMV/MMV306/18ILF0M10/MMV306_18IL_F0M10_S_OOO_SLF.jpg,https://www.miumiu.com/us/en/p/cotton-knit-top/MMV306_18IL_F0M10_S_OOO,https://www.miumiu.com/content/dam/miumiubkg_products/M/MMV/MMV306/18ILF0M10/MMV306_18IL_F0M10_S_OOO_SLF.jpg,downloaded,data\luxury-image-library\images\Miu Miu\Knitwear\SKU0294_523b21a6daef.jpg,523b21a6daefff8ca3ea1ec09d2ac1e1fd6d757bec301fa521a91490788142f0,,,官方DAM主图直链,"[""https://www.miumiu.com/content/dam/miumiubkg_products/M/MMV/MMV306/18ILF0M10/MMV306_18IL_F0M10_S_OOO_SLF.jpg""]"
SKU0295,Miu Miu,Knitwear,Cotton knit top,MMV306_18IL_F0AL2_S_OOO,https://www.miumiu.com/content/dam/miumiubkg_products/M/MMV/MMV306/18ILF0AL2/MMV306_18IL_F0AL2_S_OOO_SLF.jpg,https://www.miumiu.com/content/dam/miumiubkg_products/M/MMV/MMV306/18ILF0AL2/MMV306_18IL_F0AL2_S_OOO_SLF.jpg,https://www.miumiu.com/us/en/p/cotton-knit-top/MMV306_18IL_F0AL2_S_OOO,https://www.miumiu.com/content/dam/miumiubkg_products/M/MMV/MMV306/18ILF0AL2/MMV306_18IL_F0AL2_S_OOO_SLF.jpg,downloaded,data\luxury-image-library\images\Miu Miu\Knitwear\SKU0295_b9da6a43fdcf.jpg,b9da6a43fdcf09dace896da025d95019be9ef6c23bc7fea0c4ac7454e8c39284,,,官方DAM主图直链,"[""https://www.miumiu.com/content/dam/miumiubkg_products/M/MMV/MMV306/18ILF0AL2/MMV306_18IL_F0AL2_S_OOO_SLF.jpg""]"
SKU0296,Miu Miu,Knitwear,Cotton knit top,MMV306_18IL_F0011_S_OOO,https://www.miumiu.com/content/dam/miumiubkg_products/M/MMV/MMV306/18ILF0011/MMV306_18IL_F0011_S_OOO_SLF.jpg,https://www.miumiu.com/content/dam/miumiubkg_products/M/MMV/MMV306/18ILF0011/MMV306_18IL_F0011_S_OOO_SLF.jpg,https://www.miumiu.com/us/en/p/cotton-knit-top/MMV306_18IL_F0011_S_OOO,https://www.miumiu.com/content/dam/miumiubkg_products/M/MMV/MMV306/18ILF0011/MMV306_18IL_F0011_S_OOO_SLF.jpg,downloaded,data\luxury-image-library\images\Miu Miu\Knitwear\SKU0296_a753b77940e2.jpg,a753b77940e2b881d5d32cf150ff491491fe7ec745f620cfa7af8b572abba97e,,,官方DAM主图直链,"[""https://www.miumiu.com/content/dam/miumiubkg_products/M/MMV/MMV306/18ILF0011/MMV306_18IL_F0011_S_OOO_SLF.jpg""]"
SKU0297,Miu Miu,Knitwear,Cotton knit top,MMV306_18IL_F0009_S_OOO,https://www.miumiu.com/content/dam/miumiubkg_products/M/MMV/MMV306/18ILF0009/MMV306_18IL_F0009_S_OOO_SLF.jpg,https://www.miumiu.com/content/dam/miumiubkg_products/M/MMV/MMV306/18ILF0009/MMV306_18IL_F0009_S_OOO_SLF.jpg,https://www.miumiu.com/us/en/p/cotton-knit-top/MMV306_18IL_F0009_S_OOO,https://www.miumiu.com/content/dam/miumiubkg_products/M/MMV/MMV306/18ILF0009/MMV306_18IL_F0009_S_OOO_SLF.jpg,downloaded,data\luxury-image-library\images\Miu Miu\Knitwear\SKU0297_7fbd48e963e3.jpg,7fbd48e963e3f90756c20eda466aa37486f36e5d697c5b2bd9671c1b60c94f34,,,官方DAM主图直链,"[""https://www.miumiu.com/content/dam/miumiubkg_products/M/MMV/MMV306/18ILF0009/MMV306_18IL_F0009_S_OOO_SLF.jpg""]"
SKU0298,Miu Miu,Knitwear,Cashmere top,MMV510_6042_F075R_S_OOO,https://www.miumiu.com/content/dam/miumiubkg_products/M/MMV/MMV510/6042F075R/MMV510_6042_F075R_S_OOO_SLF.jpg,https://www.miumiu.com/content/dam/miumiubkg_products/M/MMV/MMV510/6042F075R/MMV510_6042_F075R_S_OOO_SLF.jpg,https://www.miumiu.com/us/en/p/cashmere-top/MMV510_6042_F075R_S_OOO,https://www.miumiu.com/content/dam/miumiubkg_products/M/MMV/MMV510/6042F075R/MMV510_6042_F075R_S_OOO_SLF.jpg,downloaded,data\luxury-image-library\images\Miu Miu\Knitwear\SKU0298_80bbe614a5b9.jpg,80bbe614a5b91dcbcc8cea10c0a07bff786d45b96253363c25c40d8b81f499ff,,,官方DAM主图直链,"[""https://www.miumiu.com/content/dam/miumiubkg_products/M/MMV/MMV510/6042F075R/MMV510_6042_F075R_S_OOO_SLF.jpg""]"
SKU0299,Miu Miu,Knitwear,Cashmere polo shirt,MML08C_6042_F075R_S_OOO,https://www.miumiu.com/content/dam/miumiubkg_products/M/MML/MML08C/6042F075R/MML08C_6042_F075R_S_OOO_SLF.jpg,https://www.miumiu.com/content/dam/miumiubkg_products/M/MML/MML08C/6042F075R/MML08C_6042_F075R_S_OOO_SLF.jpg,https://www.miumiu.com/us/en/p/cashmere-polo-shirt/MML08C_6042_F075R_S_OOO,https://www.miumiu.com/content/dam/miumiubkg_products/M/MML/MML08C/6042F075R/MML08C_6042_F075R_S_OOO_SLF.jpg,downloaded,data\luxury-image-library\images\Miu Miu\Knitwear\SKU0299_3a809a176e1a.jpg,3a809a176e1a6a84efb3dbd2636ed444cfe0351e574f1810a5b5d3dbdb31333a,,,官方DAM主图直链,"[""https://www.miumiu.com/content/dam/miumiubkg_products/M/MML/MML08C/6042F075R/MML08C_6042_F075R_S_OOO_SLF.jpg""]"
SKU0300,Miu Miu,Knitwear,Cotton polo shirt,MML08O_6695_F0009_S_OOO,https://www.miumiu.com/content/dam/miumiubkg_products/M/MML/MML08O/6695F0009/MML08O_6695_F0009_S_OOO_SLF.jpg,https://www.miumiu.com/content/dam/miumiubkg_products/M/MML/MML08O/6695F0009/MML08O_6695_F0009_S_OOO_SLF.jpg,https://www.miumiu.com/us/en/p/cotton-polo-shirt/MML08O_6695_F0009_S_OOO,https://www.miumiu.com/content/dam/miumiubkg_products/M/MML/MML08O/6695F0009/MML08O_6695_F0009_S_OOO_SLF.jpg,downloaded,data\luxury-image-library\images\Miu Miu\Knitwear\SKU0300_d642a94970d4.jpg,d642a94970d497814054fdc54aaa3d77399c84e201a1ce86662146d343c901f8,,,官方DAM主图直链,"[""https://www.miumiu.com/content/dam/miumiubkg_products/M/MML/MML08O/6695F0009/MML08O_6695_F0009_S_OOO_SLF.jpg""]"
SKU0301,Miu Miu,Knitwear,Cashmere cardigan,MMF03Q_6042_F075R_S_OOO,https://www.miumiu.com/content/dam/miumiubkg_products/M/MMF/MMF03Q/6042F075R/MMF03Q_6042_F075R_S_OOO_SLF.jpg,https://www.miumiu.com/content/dam/miumiubkg_products/M/MMF/MMF03Q/6042F075R/MMF03Q_6042_F075R_S_OOO_SLF.jpg,https://www.miumiu.com/us/en/p/cashmere-cardigan/MMF03Q_6042_F075R_S_OOO,https://www.miumiu.com/content/dam/miumiubkg_products/M/MMF/MMF03Q/6042F075R/MMF03Q_6042_F075R_S_OOO_SLF.jpg,downloaded,data\luxury-image-library\images\Miu Miu\Knitwear\SKU0301_b9c0b9998ca3.jpg,b9c0b9998ca324e87cdd3c7d05240c75f016aa4816dde89a5dc0a500af658b17,,,官方DAM主图直链,"[""https://www.miumiu.com/content/dam/miumiubkg_products/M/MMF/MMF03Q/6042F075R/MMF03Q_6042_F075R_S_OOO_SLF.jpg""]"
SKU0302,Miu Miu,Knitwear,Cotton cardigan,MMF04B_12ZL_F0008_S_OOO,https://www.miumiu.com/content/dam/miumiubkg_products/M/MMF/MMF04B/12ZLF0008/MMF04B_12ZL_F0008_S_OOO_SLF.jpg,https://www.miumiu.com/content/dam/miumiubkg_products/M/MMF/MMF04B/12ZLF0008/MMF04B_12ZL_F0008_S_OOO_SLF.jpg,https://www.miumiu.com/us/en/p/cotton-cardigan/MMF04B_12ZL_F0008_S_OOO,https://www.miumiu.com/content/dam/miumiubkg_products/M/MMF/MMF04B/12ZLF0008/MMF04B_12ZL_F0008_S_OOO_SLF.jpg,downloaded,data\luxury-image-library\images\Miu Miu\Knitwear\SKU0302_9bcb6bb5bb4f.jpg,9bcb6bb5bb4f078f14186b7b8c9be5bdc361779c6d60d8ddb1cf0f690eecdc05,,,官方DAM主图直链,"[""https://www.miumiu.com/content/dam/miumiubkg_products/M/MMF/MMF04B/12ZLF0008/MMF04B_12ZL_F0008_S_OOO_SLF.jpg""]"
SKU0303,Miu Miu,Knitwear,Cashmere V-neck sweater,MML08J_6067_F0061_S_OOO,https://www.miumiu.com/content/dam/miumiubkg_products/M/MML/MML08J/6067F0061/MML08J_6067_F0061_S_OOO_SLF.jpg,https://www.miumiu.com/content/dam/miumiubkg_products/M/MML/MML08J/6067F0061/MML08J_6067_F0061_S_OOO_SLF.jpg,https://www.miumiu.com/us/en/p/cashmere-v-neck-sweater/MML08J_6067_F0061_S_OOO,https://www.miumiu.com/content/dam/miumiubkg_products/M/MML/MML08J/6067F0061/MML08J_6067_F0061_S_OOO_SLF.jpg,downloaded,data\luxury-image-library\images\Miu Miu\Knitwear\SKU0303_0246a4c593ec.jpg,0246a4c593ec3855fa232fe549ec4ad27afef9780df30658cbb78615a8c82c09,,,官方DAM主图直链,"[""https://www.miumiu.com/content/dam/miumiubkg_products/M/MML/MML08J/6067F0061/MML08J_6067_F0061_S_OOO_SLF.jpg""]"
SKU0304,Miu Miu,Knitwear,Cashmere vest,MMV508_6067_F0AP2_S_OOO,https://www.miumiu.com/content/dam/miumiubkg_products/M/MMV/MMV508/6067F0AP2/MMV508_6067_F0AP2_S_OOO_SLF.jpg,https://www.miumiu.com/content/dam/miumiubkg_products/M/MMV/MMV508/6067F0AP2/MMV508_6067_F0AP2_S_OOO_SLF.jpg,https://www.miumiu.com/us/en/p/cashmere-vest/MMV508_6067_F0AP2_S_OOO,https://www.miumiu.com/content/dam/miumiubkg_products/M/MMV/MMV508/6067F0AP2/MMV508_6067_F0AP2_S_OOO_SLF.jpg,downloaded,data\luxury-image-library\images\Miu Miu\Knitwear\SKU0304_b5c38c0e0aec.webp,b5c38c0e0aecded0ce1f5bacd8e7aabe60e09d1a7fdcd098b48fb4e9a94f6bfe,,,官方DAM主图直链,"[""https://www.miumiu.com/content/dam/miumiubkg_products/M/MMV/MMV508/6067F0AP2/MMV508_6067_F0AP2_S_OOO_SLF.jpg""]"
SKU0305,Miu Miu,Knitwear,Wool sweater,MML07Q_6068_F0033_S_OOO,https://www.miumiu.com/content/dam/miumiubkg_products/M/MML/MML07Q/6068F0033/MML07Q_6068_F0033_S_OOO_SLF.jpg,https://www.miumiu.com/content/dam/miumiubkg_products/M/MML/MML07Q/6068F0033/MML07Q_6068_F0033_S_OOO_SLF.jpg,https://www.miumiu.com/us/en/p/wool-sweater/MML07Q_6068_F0033_S_OOO,https://www.miumiu.com/content/dam/miumiubkg_products/M/MML/MML07Q/6068F0033/MML07Q_6068_F0033_S_OOO_SLF.jpg,downloaded,data\luxury-image-library\images\Miu Miu\Knitwear\SKU0305_08c603fecd7a.jpg,08c603fecd7a5a62fa08c510c0037418a6a7ec3656b41f34714c6ae8d74713b0,,,官方DAM主图直链,"[""https://www.miumiu.com/content/dam/miumiubkg_products/M/MML/MML07Q/6068F0033/MML07Q_6068_F0033_S_OOO_SLF.jpg""]"
SKU0306,Miu Miu,Knitwear,Wool cardigan,MMF03X_6068_F0308_S_OOO,https://www.miumiu.com/content/dam/miumiubkg_products/M/MMF/MMF03X/6068F0308/MMF03X_6068_F0308_S_OOO_SLF.jpg,https://www.miumiu.com/content/dam/miumiubkg_products/M/MMF/MMF03X/6068F0308/MMF03X_6068_F0308_S_OOO_SLF.jpg,https://www.miumiu.com/us/en/p/wool-cardigan/MMF03X_6068_F0308_S_OOO,https://www.miumiu.com/content/dam/miumiubkg_products/M/MMF/MMF03X/6068F0308/MMF03X_6068_F0308_S_OOO_SLF.jpg,downloaded,data\luxury-image-library\images\Miu Miu\Knitwear\SKU0306_ffa6664f6711.jpg,ffa6664f671157b2bc43d9ca79919852368caa86e2887af43bb7a9fecfdc2075,,,官方DAM主图直链,"[""https://www.miumiu.com/content/dam/miumiubkg_products/M/MMF/MMF03X/6068F0308/MMF03X_6068_F0308_S_OOO_SLF.jpg""]"
SKU0307,Miu Miu,Knitwear,Wool and cashmere polo sweater,MML07H_6029_F0627_S_OOO,https://www.miumiu.com/content/dam/miumiubkg_products/M/MML/MML07H/6029F0627/MML07H_6029_F0627_S_OOO_SLF.jpg,https://www.miumiu.com/content/dam/miumiubkg_products/M/MML/MML07H/6029F0627/MML07H_6029_F0627_S_OOO_SLF.jpg,https://www.miumiu.com/us/en/p/wool-and-cashmere-polo-sweater/MML07H_6029_F0627_S_OOO,https://www.miumiu.com/content/dam/miumiubkg_products/M/MML/MML07H/6029F0627/MML07H_6029_F0627_S_OOO_SLF.jpg,downloaded,data\luxury-image-library\images\Miu Miu\Knitwear\SKU0307_361e4676d4e6.jpg,361e4676d4e6c8b13a5673b861f8b5a0dd0f016cfaeb6b7723f674aa96526d4f,,,官方DAM主图直链,"[""https://www.miumiu.com/content/dam/miumiubkg_products/M/MML/MML07H/6029F0627/MML07H_6029_F0627_S_OOO_SLF.jpg""]"
SKU0308,Miu Miu,Knitwear,Cashmere cardigan,MMF03Y_6033_F0003_S_OOO,https://www.miumiu.com/content/dam/miumiubkg_products/M/MMF/MMF03Y/6033F0003/MMF03Y_6033_F0003_S_OOO_SLF.jpg,https://www.miumiu.com/content/dam/miumiubkg_products/M/MMF/MMF03Y/6033F0003/MMF03Y_6033_F0003_S_OOO_SLF.jpg,https://www.miumiu.com/us/en/p/cashmere-cardigan/MMF03Y_6033_F0003_S_OOO,https://www.miumiu.com/content/dam/miumiubkg_products/M/MMF/MMF03Y/6033F0003/MMF03Y_6033_F0003_S_OOO_SLF.jpg,downloaded,data\luxury-image-library\images\Miu Miu\Knitwear\SKU0308_5155c56a29eb.jpg,5155c56a29eb7186bf5245bb4d19e2593dd278d5cd0702d2ed036939e7e8e2b9,,,官方DAM主图直链,"[""https://www.miumiu.com/content/dam/miumiubkg_products/M/MMF/MMF03Y/6033F0003/MMF03Y_6033_F0003_S_OOO_SLF.jpg""]"
SKU0309,Miu Miu,Knitwear,Cashmere polo sweater,MML08B_6033_F0006_S_OOO,https://www.miumiu.com/content/dam/miumiubkg_products/M/MML/MML08B/6033F0006/MML08B_6033_F0006_S_OOO_SLF.jpg,https://www.miumiu.com/content/dam/miumiubkg_products/M/MML/MML08B/6033F0006/MML08B_6033_F0006_S_OOO_SLF.jpg,https://www.miumiu.com/us/en/p/cashmere-polo-sweater/MML08B_6033_F0006_S_OOO,https://www.miumiu.com/content/dam/miumiubkg_products/M/MML/MML08B/6033F0006/MML08B_6033_F0006_S_OOO_SLF.jpg,downloaded,data\luxury-image-library\images\Miu Miu\Knitwear\SKU0309_3269e5580871.jpg,3269e5580871ce8c6d008d49f1e77cd9e6b0a9463095a367bef0a9b9f1265645,,,官方DAM主图直链,"[""https://www.miumiu.com/content/dam/miumiubkg_products/M/MML/MML08B/6033F0006/MML08B_6033_F0006_S_OOO_SLF.jpg""]"
SKU0310,Miu Miu,Knitwear,Cashmere cardigan,MMF03K_6033_F0002_S_OOO,https://www.miumiu.com/content/dam/miumiubkg_products/M/MMF/MMF03K/6033F0002/MMF03K_6033_F0002_S_OOO_SLF.jpg,https://www.miumiu.com/content/dam/miumiubkg_products/M/MMF/MMF03K/6033F0002/MMF03K_6033_F0002_S_OOO_SLF.jpg,https://www.miumiu.com/us/en/p/cashmere-cardigan/MMF03K_6033_F0002_S_OOO,https://www.miumiu.com/content/dam/miumiubkg_products/M/MMF/MMF03K/6033F0002/MMF03K_6033_F0002_S_OOO_SLF.jpg,downloaded,data\luxury-image-library\images\Miu Miu\Knitwear\SKU0310_ad201cd30e6e.jpg,ad201cd30e6e14b10543d4176233f0498a730d37b9e5432228439541cfae7bcd,,,官方DAM主图直链,"[""https://www.miumiu.com/content/dam/miumiubkg_products/M/MMF/MMF03K/6033F0002/MMF03K_6033_F0002_S_OOO_SLF.jpg""]"
SKU0311,Miu Miu,Knitwear,Cotton V-neck sweater,MML05Q_184Q_F0013_S_OOO,https://www.miumiu.com/content/dam/miumiubkg_products/M/MML/MML05Q/184QF0013/MML05Q_184Q_F0013_S_OOO_SLF.jpg,https://www.miumiu.com/content/dam/miumiubkg_products/M/MML/MML05Q/184QF0013/MML05Q_184Q_F0013_S_OOO_SLF.jpg,https://www.miumiu.com/us/en/p/cotton-v-neck-sweater/MML05Q_184Q_F0013_S_OOO,https://www.miumiu.com/content/dam/miumiubkg_products/M/MML/MML05Q/184QF0013/MML05Q_184Q_F0013_S_OOO_SLF.jpg,downloaded,data\luxury-image-library\images\Miu Miu\Knitwear\SKU0311_6222966f5a5e.jpg,6222966f5a5edc091e08045a8769ca4213b0eb6e568a0dc7173595c0df6e3dc2,,,官方DAM主图直链,"[""https://www.miumiu.com/content/dam/miumiubkg_products/M/MML/MML05Q/184QF0013/MML05Q_184Q_F0013_S_OOO_SLF.jpg""]"
SKU0312,Miu Miu,Knitwear,Cotton V-neck sweater,MML05Q_184Q_F0008_S_OOO,https://www.miumiu.com/content/dam/miumiubkg_products/M/MML/MML05Q/184QF0008/MML05Q_184Q_F0008_S_OOO_SLF.jpg,https://www.miumiu.com/content/dam/miumiubkg_products/M/MML/MML05Q/184QF0008/MML05Q_184Q_F0008_S_OOO_SLF.jpg,https://www.miumiu.com/us/en/p/cotton-v-neck-sweater/MML05Q_184Q_F0008_S_OOO,https://www.miumiu.com/content/dam/miumiubkg_products/M/MML/MML05Q/184QF0008/MML05Q_184Q_F0008_S_OOO_SLF.jpg,downloaded,data\luxury-image-library\images\Miu Miu\Knitwear\SKU0312_6a720e3bc7fe.jpg,6a720e3bc7fec2728c39c937939e7668fd71ff7924458bb54e1d559dbc975526,,,官方DAM主图直链,"[""https://www.miumiu.com/content/dam/miumiubkg_products/M/MML/MML05Q/184QF0008/MML05Q_184Q_F0008_S_OOO_SLF.jpg""]"
SKU0313,Miu Miu,Knitwear,V-neck cotton sweater,MML05R_184Q_F0399_S_OOO,https://www.miumiu.com/content/dam/miumiubkg_products/M/MML/MML05R/184QF0399/MML05R_184Q_F0399_S_OOO_SLF.jpg,https://www.miumiu.com/content/dam/miumiubkg_products/M/MML/MML05R/184QF0399/MML05R_184Q_F0399_S_OOO_SLF.jpg,https://www.miumiu.com/us/en/p/v-neck-cotton-sweater/MML05R_184Q_F0399_S_OOO,https://www.miumiu.com/content/dam/miumiubkg_products/M/MML/MML05R/184QF0399/MML05R_184Q_F0399_S_OOO_SLF.jpg,downloaded,data\luxury-image-library\images\Miu Miu\Knitwear\SKU0313_570366663eff.jpg,570366663effa6721dd4aea6d49e52f048f1c8eeed90b6d9ab4291416549461c,,,官方DAM主图直链,"[""https://www.miumiu.com/content/dam/miumiubkg_products/M/MML/MML05R/184QF0399/MML05R_184Q_F0399_S_OOO_SLF.jpg""]"
SKU0314,Miu Miu,Knitwear,V-neck cotton sweater,MML05R_184Q_F0324_S_OOO,https://www.miumiu.com/content/dam/miumiubkg_products/M/MML/MML05R/184QF0324/MML05R_184Q_F0324_S_OOO_SLF.jpg,https://www.miumiu.com/content/dam/miumiubkg_products/M/MML/MML05R/184QF0324/MML05R_184Q_F0324_S_OOO_SLF.jpg,https://www.miumiu.com/us/en/p/v-neck-cotton-sweater/MML05R_184Q_F0324_S_OOO,https://www.miumiu.com/content/dam/miumiubkg_products/M/MML/MML05R/184QF0324/MML05R_184Q_F0324_S_OOO_SLF.jpg,downloaded,data\luxury-image-library\images\Miu Miu\Knitwear\SKU0314_0a693f306f00.jpg,0a693f306f00e9572b74381250de9873af6a5d4bb0d1c6babc381b624e8d4f61,,,官方DAM主图直链,"[""https://www.miumiu.com/content/dam/miumiubkg_products/M/MML/MML05R/184QF0324/MML05R_184Q_F0324_S_OOO_SLF.jpg""]"
SKU0315,Miu Miu,Knitwear,"Cotton, cashmere, and silk polo shirt",MML06P_195I_F0UB0_S_OOO,https://www.miumiu.com/content/dam/miumiubkg_products/M/MML/MML06P/195IF0UB0/MML06P_195I_F0UB0_S_OOO_SLF.jpg,https://www.miumiu.com/content/dam/miumiubkg_products/M/MML/MML06P/195IF0UB0/MML06P_195I_F0UB0_S_OOO_SLF.jpg,https://www.miumiu.com/us/en/p/cotton-cashmere-and-silk-polo-shirt/MML06P_195I_F0UB0_S_OOO,https://www.miumiu.com/content/dam/miumiubkg_products/M/MML/MML06P/195IF0UB0/MML06P_195I_F0UB0_S_OOO_SLF.jpg,downloaded,data\luxury-image-library\images\Miu Miu\Knitwear\SKU0315_cda31281a1ca.jpg,cda31281a1ca2c0e5d2d64b453fd8b2361e0958c2c3a777884b3b34dbb78b5b9,,,官方DAM主图直链,"[""https://www.miumiu.com/content/dam/miumiubkg_products/M/MML/MML06P/195IF0UB0/MML06P_195I_F0UB0_S_OOO_SLF.jpg""]"
SKU0316,Miu Miu,Knitwear,Cotton polo shirt,MML06V_191A_F0304_S_OOO,https://www.miumiu.com/content/dam/miumiubkg_products/M/MML/MML06V/191AF0304/MML06V_191A_F0304_S_OOO_SLF.jpg,https://www.miumiu.com/content/dam/miumiubkg_products/M/MML/MML06V/191AF0304/MML06V_191A_F0304_S_OOO_SLF.jpg,https://www.miumiu.com/us/en/p/cotton-polo-shirt/MML06V_191A_F0304_S_OOO,https://www.miumiu.com/content/dam/miumiubkg_products/M/MML/MML06V/191AF0304/MML06V_191A_F0304_S_OOO_SLF.jpg,downloaded,data\luxury-image-library\images\Miu Miu\Knitwear\SKU0316_7bc5d088851e.jpg,7bc5d088851e477850a7ed1a857a6d62558051f26392660f13f679a4fc92eeef,,,官方DAM主图直链,"[""https://www.miumiu.com/content/dam/miumiubkg_products/M/MML/MML06V/191AF0304/MML06V_191A_F0304_S_OOO_SLF.jpg""]"
SKU0317,Miu Miu,Knitwear,Cotton knit polo shirt,MML06J_19UR_F0324_S_OOO,https://www.miumiu.com/content/dam/miumiubkg_products/M/MML/MML06J/19URF0324/MML06J_19UR_F0324_S_OOO_SLF.jpg,https://www.miumiu.com/content/dam/miumiubkg_products/M/MML/MML06J/19URF0324/MML06J_19UR_F0324_S_OOO_SLF.jpg,https://www.miumiu.com/us/en/p/cotton-knit-polo-shirt/MML06J_19UR_F0324_S_OOO,https://www.miumiu.com/content/dam/miumiubkg_products/M/MML/MML06J/19URF0324/MML06J_19UR_F0324_S_OOO_SLF.jpg,downloaded,data\luxury-image-library\images\Miu Miu\Knitwear\SKU0317_0bbb801b8fc4.jpg,0bbb801b8fc4a9e1f2740525bb360f05f0ae55b18175de05e895c8919d7956fc,,,官方DAM主图直链,"[""https://www.miumiu.com/content/dam/miumiubkg_products/M/MML/MML06J/19URF0324/MML06J_19UR_F0324_S_OOO_SLF.jpg""]"
SKU0318,Miu Miu,Knitwear,Cotton polo shirt,MML06N_195H_F0825_S_OOO,https://www.miumiu.com/content/dam/miumiubkg_products/M/MML/MML06N/195HF0825/MML06N_195H_F0825_S_OOO_SLF.jpg,https://www.miumiu.com/content/dam/miumiubkg_products/M/MML/MML06N/195HF0825/MML06N_195H_F0825_S_OOO_SLF.jpg,https://www.miumiu.com/us/en/p/cotton-polo-shirt/MML06N_195H_F0825_S_OOO,https://www.miumiu.com/content/dam/miumiubkg_products/M/MML/MML06N/195HF0825/MML06N_195H_F0825_S_OOO_SLF.jpg,downloaded,data\luxury-image-library\images\Miu Miu\Knitwear\SKU0318_ac65a6bd95df.jpg,ac65a6bd95df05bc2fde405edc72be80c34330cdfa42d4d8b3e6eb2c3196031d,,,官方DAM主图直链,"[""https://www.miumiu.com/content/dam/miumiubkg_products/M/MML/MML06N/195HF0825/MML06N_195H_F0825_S_OOO_SLF.jpg""]"
SKU0319,Miu Miu,Knitwear,Cotton shirt,MMF02S_195H_F0W81_S_OOO,https://www.miumiu.com/content/dam/miumiubkg_products/M/MMF/MMF02S/195HF0W81/MMF02S_195H_F0W81_S_OOO_SLF.jpg,https://www.miumiu.com/content/dam/miumiubkg_products/M/MMF/MMF02S/195HF0W81/MMF02S_195H_F0W81_S_OOO_SLF.jpg,https://www.miumiu.com/us/en/p/cotton-shirt/MMF02S_195H_F0W81_S_OOO,https://www.miumiu.com/content/dam/miumiubkg_products/M/MMF/MMF02S/195HF0W81/MMF02S_195H_F0W81_S_OOO_SLF.jpg,downloaded,data\luxury-image-library\images\Miu Miu\Knitwear\SKU0319_8fef5e2166b1.jpg,8fef5e2166b1cb2995ad0add8591a1fa667c4a03e6e874b00ddf12e1ec8e2e9a,,,官方DAM主图直链,"[""https://www.miumiu.com/content/dam/miumiubkg_products/M/MMF/MMF02S/195HF0W81/MMF02S_195H_F0W81_S_OOO_SLF.jpg""]"
SKU0320,Miu Miu,Knitwear,Cashmere and silk cardigan,MMF02Q_191P_F0613_S_OOO,https://www.miumiu.com/content/dam/miumiubkg_products/M/MMF/MMF02Q/191PF0613/MMF02Q_191P_F0613_S_OOO_SLF.jpg,https://www.miumiu.com/content/dam/miumiubkg_products/M/MMF/MMF02Q/191PF0613/MMF02Q_191P_F0613_S_OOO_SLF.jpg,https://www.miumiu.com/us/en/p/cashmere-and-silk-cardigan/MMF02Q_191P_F0613_S_OOO,https://www.miumiu.com/content/dam/miumiubkg_products/M/MMF/MMF02Q/191PF0613/MMF02Q_191P_F0613_S_OOO_SLF.jpg,downloaded,data\luxury-image-library\images\Miu Miu\Knitwear\SKU0320_6d0d64c7fe35.jpg,6d0d64c7fe3579f7f31c0660e08a9fbecb32a186c1d8e582a477afc81d088f76,,,官方DAM主图直链,"[""https://www.miumiu.com/content/dam/miumiubkg_products/M/MMF/MMF02Q/191PF0613/MMF02Q_191P_F0613_S_OOO_SLF.jpg""]"
SKU0321,Miu Miu,Knitwear,Cashmere and silk top,MMV389_191P_F0613_S_OOO,https://www.miumiu.com/content/dam/miumiubkg_products/M/MMV/MMV389/191PF0613/MMV389_191P_F0613_S_OOO_SLF.jpg,https://www.miumiu.com/content/dam/miumiubkg_products/M/MMV/MMV389/191PF0613/MMV389_191P_F0613_S_OOO_SLF.jpg,https://www.miumiu.com/us/en/p/cashmere-and-silk-top/MMV389_191P_F0613_S_OOO,https://www.miumiu.com/content/dam/miumiubkg_products/M/MMV/MMV389/191PF0613/MMV389_191P_F0613_S_OOO_SLF.jpg,downloaded,data\luxury-image-library\images\Miu Miu\Knitwear\SKU0321_4047789224eb.jpg,4047789224eb267ccd6fe5a34683aede84c96aa013b63c9ef1f81b3ab036ac10,,,官方DAM主图直链,"[""https://www.miumiu.com/content/dam/miumiubkg_products/M/MMV/MMV389/191PF0613/MMV389_191P_F0613_S_OOO_SLF.jpg""]"
SKU0322,Miu Miu,Knitwear,Cashmere and silk cardigan,MMF02Q_191P_F0005_S_OOO,https://www.miumiu.com/content/dam/miumiubkg_products/M/MMF/MMF02Q/191PF0005/MMF02Q_191P_F0005_S_OOO_SLF.jpg,https://www.miumiu.com/content/dam/miumiubkg_products/M/MMF/MMF02Q/191PF0005/MMF02Q_191P_F0005_S_OOO_SLF.jpg,https://www.miumiu.com/us/en/p/cashmere-and-silk-cardigan/MMF02Q_191P_F0005_S_OOO,https://www.miumiu.com/content/dam/miumiubkg_products/M/MMF/MMF02Q/191PF0005/MMF02Q_191P_F0005_S_OOO_SLF.jpg,downloaded,data\luxury-image-library\images\Miu Miu\Knitwear\SKU0322_fe8eeb45b58b.jpg,fe8eeb45b58b45d95047825d336fbddcdd4e879c8dd1e74c73c0dc04791e1000,,,官方DAM主图直链,"[""https://www.miumiu.com/content/dam/miumiubkg_products/M/MMF/MMF02Q/191PF0005/MMF02Q_191P_F0005_S_OOO_SLF.jpg""]"
SKU0323,Miu Miu,Knitwear,Cashmere and silk top,MMV389_191P_F0005_S_OOO,https://www.miumiu.com/content/dam/miumiubkg_products/M/MMV/MMV389/191PF0005/MMV389_191P_F0005_S_OOO_SLF.jpg,https://www.miumiu.com/content/dam/miumiubkg_products/M/MMV/MMV389/191PF0005/MMV389_191P_F0005_S_OOO_SLF.jpg,https://www.miumiu.com/us/en/p/cashmere-and-silk-top/MMV389_191P_F0005_S_OOO,https://www.miumiu.com/content/dam/miumiubkg_products/M/MMV/MMV389/191PF0005/MMV389_191P_F0005_S_OOO_SLF.jpg,downloaded,data\luxury-image-library\images\Miu Miu\Knitwear\SKU0323_e7e7d0acb943.jpg,e7e7d0acb943d4cba3f0ef014d55190b187954e256534764ee02b4b6e0f12648,,,官方DAM主图直链,"[""https://www.miumiu.com/content/dam/miumiubkg_products/M/MMV/MMV389/191PF0005/MMV389_191P_F0005_S_OOO_SLF.jpg""]"
SKU0324,Miu Miu,Knitwear,Cashmere and lace jersey,MML06M_1908_F0627_S_OOO,https://www.miumiu.com/content/dam/miumiubkg_products/M/MML/MML06M/1908F0627/MML06M_1908_F0627_S_OOO_SLF.jpg,https://www.miumiu.com/content/dam/miumiubkg_products/M/MML/MML06M/1908F0627/MML06M_1908_F0627_S_OOO_SLF.jpg,https://www.miumiu.com/us/en/p/cashmere-and-lace-jersey/MML06M_1908_F0627_S_OOO,https://www.miumiu.com/content/dam/miumiubkg_products/M/MML/MML06M/1908F0627/MML06M_1908_F0627_S_OOO_SLF.jpg,downloaded,data\luxury-image-library\images\Miu Miu\Knitwear\SKU0324_b605162dd749.jpg,b605162dd7496997d88e8dd376c13d489c0cdf8dba3d0faecd016396aea2d894,,,官方DAM主图直链,"[""https://www.miumiu.com/content/dam/miumiubkg_products/M/MML/MML06M/1908F0627/MML06M_1908_F0627_S_OOO_SLF.jpg""]"
SKU0325,Miu Miu,Knitwear,"Cotton, cashmere and silk crew-neck knit sweater",MML06Q_195I_F0963_S_OOO,https://www.miumiu.com/content/dam/miumiubkg_products/M/MML/MML06Q/195IF0963/MML06Q_195I_F0963_S_OOO_SLF.jpg,https://www.miumiu.com/content/dam/miumiubkg_products/M/MML/MML06Q/195IF0963/MML06Q_195I_F0963_S_OOO_SLF.jpg,https://www.miumiu.com/us/en/p/cotton-cashmere-and-silk-crew-neck-knit-sweater/MML06Q_195I_F0963_S_OOO,https://www.miumiu.com/content/dam/miumiubkg_products/M/MML/MML06Q/195IF0963/MML06Q_195I_F0963_S_OOO_SLF.jpg,downloaded,data\luxury-image-library\images\Miu Miu\Knitwear\SKU0325_9697ca87f243.jpg,9697ca87f243ea4f8ea631a9548dbdf478997c0c8d51e4f97d26929ee9b2bc46,,,官方DAM主图直链,"[""https://www.miumiu.com/content/dam/miumiubkg_products/M/MML/MML06Q/195IF0963/MML06Q_195I_F0963_S_OOO_SLF.jpg""]"
SKU0326,Miu Miu,Knitwear,"Cotton, cashmere and silk crew-neck knit sweater",MML06Q_195I_F0A8Z_S_OOO,https://www.miumiu.com/content/dam/miumiubkg_products/M/MML/MML06Q/195IF0A8Z/MML06Q_195I_F0A8Z_S_OOO_SLF.jpg,https://www.miumiu.com/content/dam/miumiubkg_products/M/MML/MML06Q/195IF0A8Z/MML06Q_195I_F0A8Z_S_OOO_SLF.jpg,https://www.miumiu.com/us/en/p/cotton-cashmere-and-silk-crew-neck-knit-sweater/MML06Q_195I_F0A8Z_S_OOO,https://www.miumiu.com/content/dam/miumiubkg_products/M/MML/MML06Q/195IF0A8Z/MML06Q_195I_F0A8Z_S_OOO_SLF.jpg,downloaded,data\luxury-image-library\images\Miu Miu\Knitwear\SKU0326_3221b437efd4.jpg,3221b437efd4d33a446ff83224ef23420202e553b8e2ef715dd814a02e05ce6e,,,官方DAM主图直链,"[""https://www.miumiu.com/content/dam/miumiubkg_products/M/MML/MML06Q/195IF0A8Z/MML06Q_195I_F0A8Z_S_OOO_SLF.jpg""]"
SKU0327,Miu Miu,Knitwear,Cotton polo shirt,MML06V_191A_F0008_S_OOO,https://www.miumiu.com/content/dam/miumiubkg_products/M/MML/MML06V/191AF0008/MML06V_191A_F0008_S_OOO_SLF.jpg,https://www.miumiu.com/content/dam/miumiubkg_products/M/MML/MML06V/191AF0008/MML06V_191A_F0008_S_OOO_SLF.jpg,https://www.miumiu.com/us/en/p/cotton-polo-shirt/MML06V_191A_F0008_S_OOO,https://www.miumiu.com/content/dam/miumiubkg_products/M/MML/MML06V/191AF0008/MML06V_191A_F0008_S_OOO_SLF.jpg,downloaded,data\luxury-image-library\images\Miu Miu\Knitwear\SKU0327_e51ad7a70287.jpg,e51ad7a7028747b672495b12135c77e310fd1ec1cfa00bca152bd307bd71fa01,,,官方DAM主图直链,"[""https://www.miumiu.com/content/dam/miumiubkg_products/M/MML/MML06V/191AF0008/MML06V_191A_F0008_S_OOO_SLF.jpg""]"
SKU0328,Miu Miu,Knitwear,Cotton crochet and suede cardigan,MMF02T_191B_F0008_S_OOO,https://www.miumiu.com/content/dam/miumiubkg_products/M/MMF/MMF02T/191BF0008/MMF02T_191B_F0008_S_OOO_SLF.jpg,https://www.miumiu.com/content/dam/miumiubkg_products/M/MMF/MMF02T/191BF0008/MMF02T_191B_F0008_S_OOO_SLF.jpg,https://www.miumiu.com/us/en/p/cotton-crochet-and-suede-cardigan/MMF02T_191B_F0008_S_OOO,https://www.miumiu.com/content/dam/miumiubkg_products/M/MMF/MMF02T/191BF0008/MMF02T_191B_F0008_S_OOO_SLF.jpg,downloaded,data\luxury-image-library\images\Miu Miu\Knitwear\SKU0328_f3ab67daa8a8.jpg,f3ab67daa8a82d499e4de00616389351a8f9c78cf73946baeef3a7a17fb064db,,,官方DAM主图直链,"[""https://www.miumiu.com/content/dam/miumiubkg_products/M/MMF/MMF02T/191BF0008/MMF02T_191B_F0008_S_OOO_SLF.jpg""]"
SKU0329,Miu Miu,Skirt,Cotton crochet and suede miniskirt,MMG547_191B_F0008_S_OOO,https://www.miumiu.com/content/dam/miumiubkg_products/M/MMG/MMG547/191BF0008/MMG547_191B_F0008_S_OOO_SLF.jpg,https://www.miumiu.com/content/dam/miumiubkg_products/M/MMG/MMG547/191BF0008/MMG547_191B_F0008_S_OOO_SLF.jpg,https://www.miumiu.com/us/en/p/cotton-crochet-and-suede-miniskirt-/MMG547_191B_F0008_S_OOO,https://www.miumiu.com/content/dam/miumiubkg_products/M/MMG/MMG547/191BF0008/MMG547_191B_F0008_S_OOO_SLF.jpg,downloaded,data\luxury-image-library\images\Miu Miu\Skirt\SKU0329_91ee6c68fd7f.jpg,91ee6c68fd7f041e827e8cfdfc5fa48f5ae067ea7b4811b59d7e2882f3a732e9,,,官方DAM主图直链,"[""https://www.miumiu.com/content/dam/miumiubkg_products/M/MMG/MMG547/191BF0008/MMG547_191B_F0008_S_OOO_SLF.jpg""]"
SKU0330,Miu Miu,Top,Cotton and suede bandana top,MMV283_191B_F0008_S_OOO,https://www.miumiu.com/content/dam/miumiubkg_products/M/MMV/MMV283/191BF0008/MMV283_191B_F0008_S_OOO_SLF.jpg,https://www.miumiu.com/content/dam/miumiubkg_products/M/MMV/MMV283/191BF0008/MMV283_191B_F0008_S_OOO_SLF.jpg,https://www.miumiu.com/us/en/p/cotton-and-suede-bandana-top/MMV283_191B_F0008_S_OOO,https://www.miumiu.com/content/dam/miumiubkg_products/M/MMV/MMV283/191BF0008/MMV283_191B_F0008_S_OOO_SLF.jpg,downloaded,data\luxury-image-library\images\Miu Miu\Top\SKU0330_095823e79bb7.jpg,095823e79bb70a7af2cead7985dd845d355aaf5bac8d309be9e924a87e6cfb69,,,官方DAM主图直链,"[""https://www.miumiu.com/content/dam/miumiubkg_products/M/MMV/MMV283/191BF0008/MMV283_191B_F0008_S_OOO_SLF.jpg""]"
SKU0331,Miu Miu,Bag,Ivy nappa leather tote bag,5BA337_2BBL_F0316_V_OOO,https://www.miumiu.com/content/dam/miumiubkg_products/5/5BA/5BA337/2BBLF0316/5BA337_2BBL_F0316_V_OOO_SLF.jpg,https://www.miumiu.com/content/dam/miumiubkg_products/5/5BA/5BA337/2BBLF0316/5BA337_2BBL_F0316_V_OOO_SLF.jpg,https://www.miumiu.com/us/en/p/ivy-nappa-leather-tote-bag/5BA337_2BBL_F0316_V_OOO,https://www.miumiu.com/content/dam/miumiubkg_products/5/5BA/5BA337/2BBLF0316/5BA337_2BBL_F0316_V_OOO_SLF.jpg,downloaded,data\luxury-image-library\images\Miu Miu\Bag\SKU0331_f6d864465e43.jpg,f6d864465e43ab587d3f22e0b1a3aa30fb29df4d3583274845f75ddbeede09e0,,,官方DAM主图直链,"[""https://www.miumiu.com/content/dam/miumiubkg_products/5/5BA/5BA337/2BBLF0316/5BA337_2BBL_F0316_V_OOO_SLF.jpg""]"
SKU0332,Miu Miu,Bag,Ivy nappa leather shopping bag,5BG342_2BBL_F0002_V_OOO,https://www.miumiu.com/content/dam/miumiubkg_products/5/5BG/5BG342/2BBLF0002/5BG342_2BBL_F0002_V_OOO_SLF.jpg,https://www.miumiu.com/content/dam/miumiubkg_products/5/5BG/5BG342/2BBLF0002/5BG342_2BBL_F0002_V_OOO_SLF.jpg,https://www.miumiu.com/us/en/p/ivy-nappa-leather-shopping-bag/5BG342_2BBL_F0002_V_OOO,https://www.miumiu.com/content/dam/miumiubkg_products/5/5BG/5BG342/2BBLF0002/5BG342_2BBL_F0002_V_OOO_SLF.jpg,downloaded,data\luxury-image-library\images\Miu Miu\Bag\SKU0332_f0dedee09c8e.jpg,f0dedee09c8ecacf793fe28f92d7425abec451a579363a9db66f2c872c03ceff,,,官方DAM主图直链,"[""https://www.miumiu.com/content/dam/miumiubkg_products/5/5BG/5BG342/2BBLF0002/5BG342_2BBL_F0002_V_OOO_SLF.jpg""]"
SKU0333,Miu Miu,Bag,Ivy nappa leather tote bag,5BA337_2BBL_F0002_V_OOO,https://www.miumiu.com/content/dam/miumiubkg_products/5/5BA/5BA337/2BBLF0002/5BA337_2BBL_F0002_V_OOO_SLF.jpg,https://www.miumiu.com/content/dam/miumiubkg_products/5/5BA/5BA337/2BBLF0002/5BA337_2BBL_F0002_V_OOO_SLF.jpg,https://www.miumiu.com/us/en/p/ivy-nappa-leather-tote-bag/5BA337_2BBL_F0002_V_OOO,https://www.miumiu.com/content/dam/miumiubkg_products/5/5BA/5BA337/2BBLF0002/5BA337_2BBL_F0002_V_OOO_SLF.jpg,downloaded,data\luxury-image-library\images\Miu Miu\Bag\SKU0333_fb53b6ffe4a6.jpg,fb53b6ffe4a630a17da1e86356bc2c15a1d3d94ffdefde6c0be5be31acab8706,,,官方DAM主图直链,"[""https://www.miumiu.com/content/dam/miumiubkg_products/5/5BA/5BA337/2BBLF0002/5BA337_2BBL_F0002_V_OOO_SLF.jpg""]"
SKU0334,Miu Miu,Bag,Ivy leather bag,5BG231_2CRW_F0046_V_MLN,https://www.miumiu.com/content/dam/miumiubkg_products/5/5BG/5BG231/2CRWF0046/5BG231_2CRW_F0046_V_MLN_SLF.jpg,https://www.miumiu.com/content/dam/miumiubkg_products/5/5BG/5BG231/2CRWF0046/5BG231_2CRW_F0046_V_MLN_SLF.jpg,https://www.miumiu.com/us/en/p/ivy-leather-bag/5BG231_2CRW_F0046_V_MLN,https://www.miumiu.com/content/dam/miumiubkg_products/5/5BG/5BG231/2CRWF0046/5BG231_2CRW_F0046_V_MLN_SLF.jpg,downloaded,data\luxury-image-library\images\Miu Miu\Bag\SKU0334_8fe9a9dac1d1.jpg,8fe9a9dac1d132cc7c50a77eec836b0b3b34e141e290c81561bb391d078fd758,,,官方DAM主图直链,"[""https://www.miumiu.com/content/dam/miumiubkg_products/5/5BG/5BG231/2CRWF0046/5BG231_2CRW_F0046_V_MLN_SLF.jpg""]"
SKU0335,Miu Miu,Bag,Ivy leather bag,5BG231_2CRW_F0NBL_V_MLN,https://www.miumiu.com/content/dam/miumiubkg_products/5/5BG/5BG231/2CRWF0NBL/5BG231_2CRW_F0NBL_V_MLN_SLF.jpg,https://www.miumiu.com/content/dam/miumiubkg_products/5/5BG/5BG231/2CRWF0NBL/5BG231_2CRW_F0NBL_V_MLN_SLF.jpg,https://www.miumiu.com/us/en/p/ivy-leather-bag/5BG231_2CRW_F0NBL_V_MLN,https://www.miumiu.com/content/dam/miumiubkg_products/5/5BG/5BG231/2CRWF0NBL/5BG231_2CRW_F0NBL_V_MLN_SLF.jpg,downloaded,data\luxury-image-library\images\Miu Miu\Bag\SKU0335_92b8834f38ef.jpg,92b8834f38ef2a8bd49eb65ff57a09ea24fd4d55f04329e253313d48105fc1e3,,,官方DAM主图直链,"[""https://www.miumiu.com/content/dam/miumiubkg_products/5/5BG/5BG231/2CRWF0NBL/5BG231_2CRW_F0NBL_V_MLN_SLF.jpg""]"
SKU0336,Miu Miu,Bag,Ivy leather bag,5BG231_2CRW_F0485_V_MLN,https://www.miumiu.com/content/dam/miumiubkg_products/5/5BG/5BG231/2CRWF0485/5BG231_2CRW_F0485_V_MLN_SLF.jpg,https://www.miumiu.com/content/dam/miumiubkg_products/5/5BG/5BG231/2CRWF0485/5BG231_2CRW_F0485_V_MLN_SLF.jpg,https://www.miumiu.com/us/en/p/ivy-leather-bag/5BG231_2CRW_F0485_V_MLN,https://www.miumiu.com/content/dam/miumiubkg_products/5/5BG/5BG231/2CRWF0485/5BG231_2CRW_F0485_V_MLN_SLF.jpg,downloaded,data\luxury-image-library\images\Miu Miu\Bag\SKU0336_3923baa03b2c.jpg,3923baa03b2c4c35fc3f641c41a5194f5e035ac8e2687538a2c4f05806e06da9,,,官方DAM主图直链,"[""https://www.miumiu.com/content/dam/miumiubkg_products/5/5BG/5BG231/2CRWF0485/5BG231_2CRW_F0485_V_MLN_SLF.jpg""]"
SKU0337,Miu Miu,Bag,Ivy leather bag,5BG311_2IEO_F0485_V_OON,https://www.miumiu.com/content/dam/miumiubkg_products/5/5BG/5BG311/2IEOF0485/5BG311_2IEO_F0485_V_OON_SLF.jpg,https://www.miumiu.com/content/dam/miumiubkg_products/5/5BG/5BG311/2IEOF0485/5BG311_2IEO_F0485_V_OON_SLF.jpg,https://www.miumiu.com/us/en/p/ivy-leather-bag/5BG311_2IEO_F0485_V_OON,https://www.miumiu.com/content/dam/miumiubkg_products/5/5BG/5BG311/2IEOF0485/5BG311_2IEO_F0485_V_OON_SLF.jpg,downloaded,data\luxury-image-library\images\Miu Miu\Bag\SKU0337_5160fc55cf95.jpg,5160fc55cf950219afe95e4f4ab29440b9e2271f5eefb5397cc479c8cc2d48e5,,,官方DAM主图直链,"[""https://www.miumiu.com/content/dam/miumiubkg_products/5/5BG/5BG311/2IEOF0485/5BG311_2IEO_F0485_V_OON_SLF.jpg""]"
SKU0338,Miu Miu,Bag,Ivy leather bag,5BG231_2CRW_F0K74_V_MLN,https://www.miumiu.com/content/dam/miumiubkg_products/5/5BG/5BG231/2CRWF0K74/5BG231_2CRW_F0K74_V_MLN_SLF.jpg,https://www.miumiu.com/content/dam/miumiubkg_products/5/5BG/5BG231/2CRWF0K74/5BG231_2CRW_F0K74_V_MLN_SLF.jpg,https://www.miumiu.com/us/en/p/ivy-leather-bag/5BG231_2CRW_F0K74_V_MLN,https://www.miumiu.com/content/dam/miumiubkg_products/5/5BG/5BG231/2CRWF0K74/5BG231_2CRW_F0K74_V_MLN_SLF.jpg,downloaded,data\luxury-image-library\images\Miu Miu\Bag\SKU0338_7f6ca84c4761.jpg,7f6ca84c4761913a32be77292106b99a0eb2edd01c859b9af3c7af5f48578ec2,,,官方DAM主图直链,"[""https://www.miumiu.com/content/dam/miumiubkg_products/5/5BG/5BG231/2CRWF0K74/5BG231_2CRW_F0K74_V_MLN_SLF.jpg""]"
SKU0339,Miu Miu,Bag,Wander matelassé nappa leather hobo bag,5BC125_AN88_F0D57_V_OOY,https://www.miumiu.com/content/dam/miumiubkg_products/5/5BC/5BC125/AN88F0D57/5BC125_AN88_F0D57_V_OOY_SLF.jpg,https://www.miumiu.com/content/dam/miumiubkg_products/5/5BC/5BC125/AN88F0D57/5BC125_AN88_F0D57_V_OOY_SLF.jpg,https://www.miumiu.com/us/en/p/wander-matelasse-nappa-leather-hobo-bag/5BC125_AN88_F0D57_V_OOY,https://www.miumiu.com/content/dam/miumiubkg_products/5/5BC/5BC125/AN88F0D57/5BC125_AN88_F0D57_V_OOY_SLF.jpg,downloaded,data\luxury-image-library\images\Miu Miu\Bag\SKU0339_f27093893e09.jpg,f27093893e097121c566c43679495168db979e255e0a8a809ae193deab534e8f,,,官方DAM主图直链,"[""https://www.miumiu.com/content/dam/miumiubkg_products/5/5BC/5BC125/AN88F0D57/5BC125_AN88_F0D57_V_OOY_SLF.jpg""]"
SKU0340,Miu Miu,Bag,Arcadie matelassé nappa leather bag,5BB142_AN88_F0D57_V_OON,https://www.miumiu.com/content/dam/miumiubkg_products/5/5BB/5BB142/AN88F0D57/5BB142_AN88_F0D57_V_OON_SLF.jpg,https://www.miumiu.com/content/dam/miumiubkg_products/5/5BB/5BB142/AN88F0D57/5BB142_AN88_F0D57_V_OON_SLF.jpg,https://www.miumiu.com/us/en/p/arcadie-matelasse-nappa-leather-bag/5BB142_AN88_F0D57_V_OON,https://www.miumiu.com/content/dam/miumiubkg_products/5/5BB/5BB142/AN88F0D57/5BB142_AN88_F0D57_V_OON_SLF.jpg,downloaded,data\luxury-image-library\images\Miu Miu\Bag\SKU0340_9316431ee043.jpg,9316431ee043feba8f019c47870dbef51725dc790dc119cd77bc5c22f56874b7,,,官方DAM主图直链,"[""https://www.miumiu.com/content/dam/miumiubkg_products/5/5BB/5BB142/AN88F0D57/5BB142_AN88_F0D57_V_OON_SLF.jpg""]"
SKU0341,Miu Miu,Bag,Wander matelassé nappa leather hobo bag,5BC125_AN88_F0028_V_OOY,https://www.miumiu.com/content/dam/miumiubkg_products/5/5BC/5BC125/AN88F0028/5BC125_AN88_F0028_V_OOY_SLF.jpg,https://www.miumiu.com/content/dam/miumiubkg_products/5/5BC/5BC125/AN88F0028/5BC125_AN88_F0028_V_OOY_SLF.jpg,https://www.miumiu.com/us/en/p/wander-matelasse-nappa-leather-hobo-bag/5BC125_AN88_F0028_V_OOY,https://www.miumiu.com/content/dam/miumiubkg_products/5/5BC/5BC125/AN88F0028/5BC125_AN88_F0028_V_OOY_SLF.jpg,downloaded,data\luxury-image-library\images\Miu Miu\Bag\SKU0341_9b606843a221.jpg,9b606843a221423161a21c9adc45819b20565c7eeca2e91c959cff5131ac427a,,,官方DAM主图直链,"[""https://www.miumiu.com/content/dam/miumiubkg_products/5/5BC/5BC125/AN88F0028/5BC125_AN88_F0028_V_OOY_SLF.jpg""]"
SKU0342,Miu Miu,Bag,Arcadie matelassé nappa leather mini-bag,5BP088_AN88_F0028_V_OOO,https://www.miumiu.com/content/dam/miumiubkg_products/5/5BP/5BP088/AN88F0028/5BP088_AN88_F0028_V_OOO_SLF.jpg,https://www.miumiu.com/content/dam/miumiubkg_products/5/5BP/5BP088/AN88F0028/5BP088_AN88_F0028_V_OOO_SLF.jpg,https://www.miumiu.com/us/en/p/arcadie-matelasse-nappa-leather-mini-bag/5BP088_AN88_F0028_V_OOO,https://www.miumiu.com/content/dam/miumiubkg_products/5/5BP/5BP088/AN88F0028/5BP088_AN88_F0028_V_OOO_SLF.jpg,downloaded,data\luxury-image-library\images\Miu Miu\Bag\SKU0342_caaa70275c52.jpg,caaa70275c52954c2911d3fdf4790f80e5db8f319a1c570775762f7ab4ceef08,,,官方DAM主图直链,"[""https://www.miumiu.com/content/dam/miumiubkg_products/5/5BP/5BP088/AN88F0028/5BP088_AN88_F0028_V_OOO_SLF.jpg""]"
SKU0343,Miu Miu,Bag,Wander matelassé nappa leather hobo bag,5BC125_AN88_F0K57_V_OOY,https://www.miumiu.com/content/dam/miumiubkg_products/5/5BC/5BC125/AN88F0K57/5BC125_AN88_F0K57_V_OOY_SLF.jpg,https://www.miumiu.com/content/dam/miumiubkg_products/5/5BC/5BC125/AN88F0K57/5BC125_AN88_F0K57_V_OOY_SLF.jpg,https://www.miumiu.com/us/en/p/wander-matelasse-nappa-leather-hobo-bag/5BC125_AN88_F0K57_V_OOY,https://www.miumiu.com/content/dam/miumiubkg_products/5/5BC/5BC125/AN88F0K57/5BC125_AN88_F0K57_V_OOY_SLF.jpg,downloaded,data\luxury-image-library\images\Miu Miu\Bag\SKU0343_5802d307c31a.jpg,5802d307c31a7654e0959bd5b0ea3e612c31c22b4d9f8640ecf159a2d5ec5650,,,官方DAM主图直链,"[""https://www.miumiu.com/content/dam/miumiubkg_products/5/5BC/5BC125/AN88F0K57/5BC125_AN88_F0K57_V_OOY_SLF.jpg""]"
SKU0344,Miu Miu,Bag,Arcadie matelassé nappa leather bag,5BB142_AN88_F0K57_V_OON,https://www.miumiu.com/content/dam/miumiubkg_products/5/5BB/5BB142/AN88F0K57/5BB142_AN88_F0K57_V_OON_SLF.jpg,https://www.miumiu.com/content/dam/miumiubkg_products/5/5BB/5BB142/AN88F0K57/5BB142_AN88_F0K57_V_OON_SLF.jpg,https://www.miumiu.com/us/en/p/arcadie-matelasse-nappa-leather-bag/5BB142_AN88_F0K57_V_OON,https://www.miumiu.com/content/dam/miumiubkg_products/5/5BB/5BB142/AN88F0K57/5BB142_AN88_F0K57_V_OON_SLF.jpg,downloaded,data\luxury-image-library\images\Miu Miu\Bag\SKU0344_2cb27c9381d2.jpg,2cb27c9381d2837fd6becc1f05e9e4f0d787941d83ee36d33337bbac67cbde1a,,,官方DAM主图直链,"[""https://www.miumiu.com/content/dam/miumiubkg_products/5/5BB/5BB142/AN88F0K57/5BB142_AN88_F0K57_V_OON_SLF.jpg""]"
SKU0345,Miu Miu,Bag,Wander matelassé nappa leather hobo bag,5BC125_AN88_F098L_V_OOY,https://www.miumiu.com/content/dam/miumiubkg_products/5/5BC/5BC125/AN88F098L/5BC125_AN88_F098L_V_OOY_SLF.jpg,https://www.miumiu.com/content/dam/miumiubkg_products/5/5BC/5BC125/AN88F098L/5BC125_AN88_F098L_V_OOY_SLF.jpg,https://www.miumiu.com/us/en/p/wander-matelasse-nappa-leather-hobo-bag/5BC125_AN88_F098L_V_OOY,https://www.miumiu.com/content/dam/miumiubkg_products/5/5BC/5BC125/AN88F098L/5BC125_AN88_F098L_V_OOY_SLF.jpg,downloaded,data\luxury-image-library\images\Miu Miu\Bag\SKU0345_076922341e5a.jpg,076922341e5a3385e0ffa908b23ebf9697a149a8137d30e21f734dd5145a018d,,,官方DAM主图直链,"[""https://www.miumiu.com/content/dam/miumiubkg_products/5/5BC/5BC125/AN88F098L/5BC125_AN88_F098L_V_OOY_SLF.jpg""]"
SKU0346,Miu Miu,Bag,Arcadie matelassé nappa leather bag,5BB142_AN88_F098L_V_OON,https://www.miumiu.com/content/dam/miumiubkg_products/5/5BB/5BB142/AN88F098L/5BB142_AN88_F098L_V_OON_SLF.jpg,https://www.miumiu.com/content/dam/miumiubkg_products/5/5BB/5BB142/AN88F098L/5BB142_AN88_F098L_V_OON_SLF.jpg,https://www.miumiu.com/us/en/p/arcadie-matelasse-nappa-leather-bag/5BB142_AN88_F098L_V_OON,https://www.miumiu.com/content/dam/miumiubkg_products/5/5BB/5BB142/AN88F098L/5BB142_AN88_F098L_V_OON_SLF.jpg,downloaded,data\luxury-image-library\images\Miu Miu\Bag\SKU0346_6e34eed3d679.jpg,6e34eed3d6792b9482412aa476ade05d290a34a4c45344aeaabfb4e2e9048f76,,,官方DAM主图直链,"[""https://www.miumiu.com/content/dam/miumiubkg_products/5/5BB/5BB142/AN88F098L/5BB142_AN88_F098L_V_OON_SLF.jpg""]"
SKU0347,Miu Miu,Bag,Wander matelassé nappa leather hobo bag,5BC125_AN88_F0007_V_OOY,https://www.miumiu.com/content/dam/miumiubkg_products/5/5BC/5BC125/AN88F0007/5BC125_AN88_F0007_V_OOY_SLF.jpg,https://www.miumiu.com/content/dam/miumiubkg_products/5/5BC/5BC125/AN88F0007/5BC125_AN88_F0007_V_OOY_SLF.jpg,https://www.miumiu.com/us/en/p/wander-matelasse-nappa-leather-hobo-bag/5BC125_AN88_F0007_V_OOY,https://www.miumiu.com/content/dam/miumiubkg_products/5/5BC/5BC125/AN88F0007/5BC125_AN88_F0007_V_OOY_SLF.jpg,downloaded,data\luxury-image-library\images\Miu Miu\Bag\SKU0347_2fe5ce74ca88.jpg,2fe5ce74ca8895951c92a17840ce27859feae528c6e3d67adcdccbb5424fd68b,,,官方DAM主图直链,"[""https://www.miumiu.com/content/dam/miumiubkg_products/5/5BC/5BC125/AN88F0007/5BC125_AN88_F0007_V_OOY_SLF.jpg""]"
SKU0348,Miu Miu,Bag,Arcadie matelassé nappa leather bag,5BB142_AN88_F0007_V_OON,https://www.miumiu.com/content/dam/miumiubkg_products/5/5BB/5BB142/AN88F0007/5BB142_AN88_F0007_V_OON_SLF.jpg,https://www.miumiu.com/content/dam/miumiubkg_products/5/5BB/5BB142/AN88F0007/5BB142_AN88_F0007_V_OON_SLF.jpg,https://www.miumiu.com/us/en/p/arcadie-matelasse-nappa-leather-bag/5BB142_AN88_F0007_V_OON,https://www.miumiu.com/content/dam/miumiubkg_products/5/5BB/5BB142/AN88F0007/5BB142_AN88_F0007_V_OON_SLF.jpg,downloaded,data\luxury-image-library\images\Miu Miu\Bag\SKU0348_9e4d8438c33c.jpg,9e4d8438c33ceb01be776bf820a927b9a03f317dc0309790bc4af48c0fd8ec18,,,官方DAM主图直链,"[""https://www.miumiu.com/content/dam/miumiubkg_products/5/5BB/5BB142/AN88F0007/5BB142_AN88_F0007_V_OON_SLF.jpg""]"
SKU0349,Miu Miu,Bag,Wander matelassé nappa leather hobo bag,5BC125_AN88_F0009_V_OOY,https://www.miumiu.com/content/dam/miumiubkg_products/5/5BC/5BC125/AN88F0009/5BC125_AN88_F0009_V_OOY_SLF.jpg,https://www.miumiu.com/content/dam/miumiubkg_products/5/5BC/5BC125/AN88F0009/5BC125_AN88_F0009_V_OOY_SLF.jpg,https://www.miumiu.com/us/en/p/wander-matelasse-nappa-leather-hobo-bag/5BC125_AN88_F0009_V_OOY,https://www.miumiu.com/content/dam/miumiubkg_products/5/5BC/5BC125/AN88F0009/5BC125_AN88_F0009_V_OOY_SLF.jpg,downloaded,data\luxury-image-library\images\Miu Miu\Bag\SKU0349_c36926a011f0.jpg,c36926a011f0f556e5bb17c0e12834df01d71fce4fde146e256e5b615460d8df,,,官方DAM主图直链,"[""https://www.miumiu.com/content/dam/miumiubkg_products/5/5BC/5BC125/AN88F0009/5BC125_AN88_F0009_V_OOY_SLF.jpg""]"
SKU0350,Miu Miu,Bag,Arcadie matelassé nappa leather bag,5BB142_AN88_F0009_V_OON,https://www.miumiu.com/content/dam/miumiubkg_products/5/5BB/5BB142/AN88F0009/5BB142_AN88_F0009_V_OON_SLF.jpg,https://www.miumiu.com/content/dam/miumiubkg_products/5/5BB/5BB142/AN88F0009/5BB142_AN88_F0009_V_OON_SLF.jpg,https://www.miumiu.com/us/en/p/arcadie-matelasse-nappa-leather-bag/5BB142_AN88_F0009_V_OON,https://www.miumiu.com/content/dam/miumiubkg_products/5/5BB/5BB142/AN88F0009/5BB142_AN88_F0009_V_OON_SLF.jpg,downloaded,data\luxury-image-library\images\Miu Miu\Bag\SKU0350_484827dccb44.jpg,484827dccb4442b5f4b6e943e799c5bc7d9fad00990eb4dfb79e81abd53db2fd,,,官方DAM主图直链,"[""https://www.miumiu.com/content/dam/miumiubkg_products/5/5BB/5BB142/AN88F0009/5BB142_AN88_F0009_V_OON_SLF.jpg""]"
SKU0351,Miu Miu,Bag,Aventure nappa leather top-handle bag,5BB169_2BBL_F0002_V_OOO,https://www.miumiu.com/content/dam/miumiubkg_products/5/5BB/5BB169/2BBLF0002/5BB169_2BBL_F0002_V_OOO_SLF.jpg,https://www.miumiu.com/content/dam/miumiubkg_products/5/5BB/5BB169/2BBLF0002/5BB169_2BBL_F0002_V_OOO_SLF.jpg,https://www.miumiu.com/us/en/p/aventure-nappa-leather-top-handle-bag/5BB169_2BBL_F0002_V_OOO,https://www.miumiu.com/content/dam/miumiubkg_products/5/5BB/5BB169/2BBLF0002/5BB169_2BBL_F0002_V_OOO_SLF.jpg,downloaded,data\luxury-image-library\images\Miu Miu\Bag\SKU0351_720088a91515.jpg,720088a91515941a22e98ad2cee1922768022b31e45001b2833099b0aec94eba,,,官方DAM主图直链,"[""https://www.miumiu.com/content/dam/miumiubkg_products/5/5BB/5BB169/2BBLF0002/5BB169_2BBL_F0002_V_OOO_SLF.jpg""]"
SKU0352,Miu Miu,Bag,Aventure nappa leather top-handle bag,5BB169_2BBL_F0244_V_OOO,https://www.miumiu.com/content/dam/miumiubkg_products/5/5BB/5BB169/2BBLF0244/5BB169_2BBL_F0244_V_OOO_SLF.jpg,https://www.miumiu.com/content/dam/miumiubkg_products/5/5BB/5BB169/2BBLF0244/5BB169_2BBL_F0244_V_OOO_SLF.jpg,https://www.miumiu.com/us/en/p/aventure-nappa-leather-top-handle-bag/5BB169_2BBL_F0244_V_OOO,https://www.miumiu.com/content/dam/miumiubkg_products/5/5BB/5BB169/2BBLF0244/5BB169_2BBL_F0244_V_OOO_SLF.jpg,downloaded,data\luxury-image-library\images\Miu Miu\Bag\SKU0352_8d531b5b6e53.jpg,8d531b5b6e53bcca013cc955ba4a172776d1659c4a6df0ea5c2d8d0304621960,,,官方DAM主图直链,"[""https://www.miumiu.com/content/dam/miumiubkg_products/5/5BB/5BB169/2BBLF0244/5BB169_2BBL_F0244_V_OOO_SLF.jpg""]"
SKU0353,Miu Miu,Bag,Aventure nappa leather top-handle bag,5BB169_2BBL_F0316_V_OOO,https://www.miumiu.com/content/dam/miumiubkg_products/5/5BB/5BB169/2BBLF0316/5BB169_2BBL_F0316_V_OOO_SLF.jpg,https://www.miumiu.com/content/dam/miumiubkg_products/5/5BB/5BB169/2BBLF0316/5BB169_2BBL_F0316_V_OOO_SLF.jpg,https://www.miumiu.com/us/en/p/aventure-nappa-leather-top-handle-bag/5BB169_2BBL_F0316_V_OOO,https://www.miumiu.com/content/dam/miumiubkg_products/5/5BB/5BB169/2BBLF0316/5BB169_2BBL_F0316_V_OOO_SLF.jpg,downloaded,data\luxury-image-library\images\Miu Miu\Bag\SKU0353_dd2c25324d76.jpg,dd2c25324d768487e10cde225cf11edf1ca028ae0882205166bdb8a0b6b25340,,,官方DAM主图直链,"[""https://www.miumiu.com/content/dam/miumiubkg_products/5/5BB/5BB169/2BBLF0316/5BB169_2BBL_F0316_V_OOO_SLF.jpg""]"
SKU0354,Miu Miu,Bag,Aventure nappa leather top-handle bag,5BB169_2BBL_F0NBL_V_OOO,https://www.miumiu.com/content/dam/miumiubkg_products/5/5BB/5BB169/2BBLF0NBL/5BB169_2BBL_F0NBL_V_OOO_SLF.jpg,https://www.miumiu.com/content/dam/miumiubkg_products/5/5BB/5BB169/2BBLF0NBL/5BB169_2BBL_F0NBL_V_OOO_SLF.jpg,https://www.miumiu.com/us/en/p/aventure-nappa-leather-top-handle-bag/5BB169_2BBL_F0NBL_V_OOO,https://www.miumiu.com/content/dam/miumiubkg_products/5/5BB/5BB169/2BBLF0NBL/5BB169_2BBL_F0NBL_V_OOO_SLF.jpg,downloaded,data\luxury-image-library\images\Miu Miu\Bag\SKU0354_70462b8a6fc9.jpg,70462b8a6fc9a39da056f64aaef1f89e223ed76bdb8c501bca9d974f79d0a712,,,官方DAM主图直链,"[""https://www.miumiu.com/content/dam/miumiubkg_products/5/5BB/5BB169/2BBLF0NBL/5BB169_2BBL_F0NBL_V_OOO_SLF.jpg""]"
SKU0355,Miu Miu,Shoes,Plume nappa leather sneakers,5E114E_038_F0304_F_005,https://www.miumiu.com/content/dam/miumiubkg_products/5/5E1/5E114E/038F0304/5E114E_038_F0304_F_005_SLF.jpg,https://www.miumiu.com/content/dam/miumiubkg_products/5/5E1/5E114E/038F0304/5E114E_038_F0304_F_005_SLF.jpg,https://www.miumiu.com/us/en/p/plume-nappa-leather-sneakers/5E114E_038_F0304_F_005,https://www.miumiu.com/content/dam/miumiubkg_products/5/5E1/5E114E/038F0304/5E114E_038_F0304_F_005_SLR.jpg,downloaded,data\luxury-image-library\images\Miu Miu\Shoes\SKU0355_9cd653758f97.jpg,9cd653758f976d1c7e3a539c2d4b1cd02da87e5bb922abdd94bf2efc2c1b57e5,,,官方DAM主图直链,"[""https://www.miumiu.com/us/en/p/plume-nappa-leather-sneakers/5E114E_038_F0304_F_005"", ""https://www.miumiu.com/content/dam/miumiubkg_products/5/5E1/5E114E/038F0304/5E114E_038_F0304_F_005_SLR.jpg""]"
SKU0356,Miu Miu,Shoes,Plume satin sneakers,5E570E_049_F0324_F_005,https://www.miumiu.com/content/dam/miumiubkg_products/5/5E5/5E570E/049F0324/5E570E_049_F0324_F_005_SLF.jpg,https://www.miumiu.com/content/dam/miumiubkg_products/5/5E5/5E570E/049F0324/5E570E_049_F0324_F_005_SLF.jpg,https://www.miumiu.com/us/en/p/plume-satin-sneakers/5E570E_049_F0324_F_005,https://www.miumiu.com/content/dam/miumiubkg_products/5/5E5/5E570E/049F0324/5E570E_049_F0324_F_005_SLR.jpg,downloaded,data\luxury-image-library\images\Miu Miu\Shoes\SKU0356_8e816ad4e565.jpg,8e816ad4e565b683b4bc1a0cd7dbe706983061895ae2e44e0e270bd50128b1b6,,,官方DAM主图直链,"[""https://www.miumiu.com/us/en/p/plume-satin-sneakers/5E570E_049_F0324_F_005"", ""https://www.miumiu.com/content/dam/miumiubkg_products/5/5E5/5E570E/049F0324/5E570E_049_F0324_F_005_SLR.jpg""]"
SKU0357,Miu Miu,Shoes,Plume satin sneakers,5E570E_049_F0035_F_005,https://www.miumiu.com/content/dam/miumiubkg_products/5/5E5/5E570E/049F0035/5E570E_049_F0035_F_005_SLF.jpg,https://www.miumiu.com/content/dam/miumiubkg_products/5/5E5/5E570E/049F0035/5E570E_049_F0035_F_005_SLF.jpg,https://www.miumiu.com/us/en/p/plume-satin-sneakers/5E570E_049_F0035_F_005,https://www.miumiu.com/content/dam/miumiubkg_products/5/5E5/5E570E/049F0035/5E570E_049_F0035_F_005_SLR.jpg,downloaded,data\luxury-image-library\images\Miu Miu\Shoes\SKU0357_71c77f03d277.jpg,71c77f03d2776f6df66b3280cee3c3f5c730f717197830ce4c45bef736e4d723,,,官方DAM主图直链,"[""https://www.miumiu.com/us/en/p/plume-satin-sneakers/5E570E_049_F0035_F_005"", ""https://www.miumiu.com/content/dam/miumiubkg_products/5/5E5/5E570E/049F0035/5E570E_049_F0035_F_005_SLR.jpg""]"
SKU0358,Miu Miu,Shoes,Plume satin sneakers,5E570E_049_F0236_F_005,https://www.miumiu.com/content/dam/miumiubkg_products/5/5E5/5E570E/049F0236/5E570E_049_F0236_F_005_SLF.jpg,https://www.miumiu.com/content/dam/miumiubkg_products/5/5E5/5E570E/049F0236/5E570E_049_F0236_F_005_SLF.jpg,https://www.miumiu.com/us/en/p/plume-satin-sneakers/5E570E_049_F0236_F_005,https://www.miumiu.com/content/dam/miumiubkg_products/5/5E5/5E570E/049F0236/5E570E_049_F0236_F_005_SLR.jpg,downloaded,data\luxury-image-library\images\Miu Miu\Shoes\SKU0358_4e90eda1fbe9.jpg,4e90eda1fbe9e23ae03aba9e5f83b704165afc90fd8a56583f0a1b7e8e7c576d,,,官方DAM主图直链,"[""https://www.miumiu.com/us/en/p/plume-satin-sneakers/5E570E_049_F0236_F_005"", ""https://www.miumiu.com/content/dam/miumiubkg_products/5/5E5/5E570E/049F0236/5E570E_049_F0236_F_005_SLR.jpg""]"
SKU0359,Miu Miu,Shoes,Embroidered drill sneakers,5E370E_V6B_F0009_F_005,https://www.miumiu.com/content/dam/miumiubkg_products/5/5E3/5E370E/V6BF0009/5E370E_V6B_F0009_F_005_SLF.jpg,https://www.miumiu.com/content/dam/miumiubkg_products/5/5E3/5E370E/V6BF0009/5E370E_V6B_F0009_F_005_SLF.jpg,https://www.miumiu.com/us/en/p/embroidered-drill-sneakers/5E370E_V6B_F0009_F_005,https://www.miumiu.com/content/dam/miumiubkg_products/5/5E3/5E370E/V6BF0009/5E370E_V6B_F0009_F_005_SLR.jpg,downloaded,data\luxury-image-library\images\Miu Miu\Shoes\SKU0359_6c2c4061012a.jpg,6c2c4061012a9bfcd3c291c7baaec7a33a3e4bfd329fccdb2f7aa85c38a91b9a,,,官方DAM主图直链,"[""https://www.miumiu.com/us/en/p/embroidered-drill-sneakers/5E370E_V6B_F0009_F_005"", ""https://www.miumiu.com/content/dam/miumiubkg_products/5/5E3/5E370E/V6BF0009/5E370E_V6B_F0009_F_005_SLR.jpg""]"
SKU0360,Miu Miu,Shoes,Embroidered drill sneakers,5E370E_V6B_F0JRS_F_005,https://www.miumiu.com/content/dam/miumiubkg_products/5/5E3/5E370E/V6BF0JRS/5E370E_V6B_F0JRS_F_005_SLF.jpg,https://www.miumiu.com/content/dam/miumiubkg_products/5/5E3/5E370E/V6BF0JRS/5E370E_V6B_F0JRS_F_005_SLF.jpg,https://www.miumiu.com/us/en/p/embroidered-drill-sneakers/5E370E_V6B_F0JRS_F_005,https://www.miumiu.com/content/dam/miumiubkg_products/5/5E3/5E370E/V6BF0JRS/5E370E_V6B_F0JRS_F_005_SLR.jpg,downloaded,data\luxury-image-library\images\Miu Miu\Shoes\SKU0360_261b099b3b9d.jpg,261b099b3b9d54d6eaf1e91ac23ab9ea8db3b5c42ec91ddfd92bf6ddbdfae169,,,官方DAM主图直链,"[""https://www.miumiu.com/us/en/p/embroidered-drill-sneakers/5E370E_V6B_F0JRS_F_005"", ""https://www.miumiu.com/content/dam/miumiubkg_products/5/5E3/5E370E/V6BF0JRS/5E370E_V6B_F0JRS_F_005_SLR.jpg""]"
SKU0361,Miu Miu,Shoes,Gymnasium canvas sneakers,5E668E_BVC_F0379_F_A005,https://www.miumiu.com/content/dam/miumiubkg_products/5/5E6/5E668E/BVCF0379/5E668E_BVC_F0379_F_A005_SLF.jpg,https://www.miumiu.com/content/dam/miumiubkg_products/5/5E6/5E668E/BVCF0379/5E668E_BVC_F0379_F_A005_SLF.jpg,https://www.miumiu.com/us/en/p/gymnasium-canvas-sneakers/5E668E_BVC_F0379_F_A005,https://www.miumiu.com/content/dam/miumiubkg_products/5/5E6/5E668E/BVCF0379/5E668E_BVC_F0379_F_A005_SLR.jpg,downloaded,data\luxury-image-library\images\Miu Miu\Shoes\SKU0361_6ee8bb8a7f46.jpg,6ee8bb8a7f46e95884eddd68f2086f6de38daa6e2da90af27f11407b2f879ec8,,,官方DAM主图直链,"[""https://www.miumiu.com/us/en/p/gymnasium-canvas-sneakers/5E668E_BVC_F0379_F_A005"", ""https://www.miumiu.com/content/dam/miumiubkg_products/5/5E6/5E668E/BVCF0379/5E668E_BVC_F0379_F_A005_SLR.jpg""]"
SKU0362,Miu Miu,Shoes,Gymnasium gabardine sneakers,5E668E_1350_F0007_F_A005,https://www.miumiu.com/content/dam/miumiubkg_products/5/5E6/5E668E/1350F0007/5E668E_1350_F0007_F_A005_SLF.jpg,https://www.miumiu.com/content/dam/miumiubkg_products/5/5E6/5E668E/1350F0007/5E668E_1350_F0007_F_A005_SLF.jpg,https://www.miumiu.com/us/en/p/gymnasium-gabardine-sneakers/5E668E_1350_F0007_F_A005,https://www.miumiu.com/content/dam/miumiubkg_products/5/5E6/5E668E/1350F0007/5E668E_1350_F0007_F_A005_SLR.jpg,downloaded,data\luxury-image-library\images\Miu Miu\Shoes\SKU0362_a5ec5f9515bd.jpg,a5ec5f9515bdcad60b89a61be2d1aa39c909a557fc8f29e5fba820a7df20fbb9,,,官方DAM主图直链,"[""https://www.miumiu.com/us/en/p/gymnasium-gabardine-sneakers/5E668E_1350_F0007_F_A005"", ""https://www.miumiu.com/content/dam/miumiubkg_products/5/5E6/5E668E/1350F0007/5E668E_1350_F0007_F_A005_SLR.jpg""]"
SKU0363,Miu Miu,Shoes,Gymnasium gabardine sneakers,5E668E_1350_F0021_F_A005,https://www.miumiu.com/content/dam/miumiubkg_products/5/5E6/5E668E/1350F0021/5E668E_1350_F0021_F_A005_SLF.jpg,https://www.miumiu.com/content/dam/miumiubkg_products/5/5E6/5E668E/1350F0021/5E668E_1350_F0021_F_A005_SLF.jpg,https://www.miumiu.com/us/en/p/gymnasium-gabardine-sneakers/5E668E_1350_F0021_F_A005,https://www.miumiu.com/content/dam/miumiubkg_products/5/5E6/5E668E/1350F0021/5E668E_1350_F0021_F_A005_SLR.jpg,downloaded,data\luxury-image-library\images\Miu Miu\Shoes\SKU0363_59ffbde4fe3d.jpg,59ffbde4fe3d6016f73e608244044823b23bc94b2ed4eca7b602e349059e6786,,,官方DAM主图直链,"[""https://www.miumiu.com/us/en/p/gymnasium-gabardine-sneakers/5E668E_1350_F0021_F_A005"", ""https://www.miumiu.com/content/dam/miumiubkg_products/5/5E6/5E668E/1350F0021/5E668E_1350_F0021_F_A005_SLR.jpg""]"
SKU0364,Miu Miu,Shoes,Gymnasium gabardine sneakers,5E668E_1350_F0422_F_A005,https://www.miumiu.com/content/dam/miumiubkg_products/5/5E6/5E668E/1350F0422/5E668E_1350_F0422_F_A005_SLF.jpg,https://www.miumiu.com/content/dam/miumiubkg_products/5/5E6/5E668E/1350F0422/5E668E_1350_F0422_F_A005_SLF.jpg,https://www.miumiu.com/us/en/p/gymnasium-gabardine-sneakers/5E668E_1350_F0422_F_A005,https://www.miumiu.com/content/dam/miumiubkg_products/5/5E6/5E668E/1350F0422/5E668E_1350_F0422_F_A005_SLR.jpg,downloaded,data\luxury-image-library\images\Miu Miu\Shoes\SKU0364_127d2c78edc4.jpg,127d2c78edc4ade019278d41eee29c08795a6c5568a98d8117d5d1c960571cce,,,官方DAM主图直链,"[""https://www.miumiu.com/us/en/p/gymnasium-gabardine-sneakers/5E668E_1350_F0422_F_A005"", ""https://www.miumiu.com/content/dam/miumiubkg_products/5/5E6/5E668E/1350F0422/5E668E_1350_F0422_F_A005_SLR.jpg""]"
SKU0365,Miu Miu,Shoes,Gymnasium technical fabric and suede sneakers,5E428E_71L_F0TBK_F_A005,https://www.miumiu.com/content/dam/miumiubkg_products/5/5E4/5E428E/71LF0TBK/5E428E_71L_F0TBK_F_A005_SLF.jpg,https://www.miumiu.com/content/dam/miumiubkg_products/5/5E4/5E428E/71LF0TBK/5E428E_71L_F0TBK_F_A005_SLF.jpg,https://www.miumiu.com/us/en/p/gymnasium-technical-fabric-and-suede-sneakers/5E428E_71L_F0TBK_F_A005,https://www.miumiu.com/content/dam/miumiubkg_products/5/5E4/5E428E/71LF0TBK/5E428E_71L_F0TBK_F_A005_SLR.jpg,downloaded,data\luxury-image-library\images\Miu Miu\Shoes\SKU0365_4af510224d26.jpg,4af510224d262782f6c3b8e9c274005356bc73b8f44025186097d9456d8b95b1,,,官方DAM主图直链,"[""https://www.miumiu.com/us/en/p/gymnasium-technical-fabric-and-suede-sneakers/5E428E_71L_F0TBK_F_A005"", ""https://www.miumiu.com/content/dam/miumiubkg_products/5/5E4/5E428E/71LF0TBK/5E428E_71L_F0TBK_F_A005_SLR.jpg""]"
SKU0366,Miu Miu,Shoes,Gymnasium technical fabric and suede sneakers,5E428E_71L_F001Z_F_A005,https://www.miumiu.com/content/dam/miumiubkg_products/5/5E4/5E428E/71LF001Z/5E428E_71L_F001Z_F_A005_SLF.jpg,https://www.miumiu.com/content/dam/miumiubkg_products/5/5E4/5E428E/71LF001Z/5E428E_71L_F001Z_F_A005_SLF.jpg,https://www.miumiu.com/us/en/p/gymnasium-technical-fabric-and-suede-sneakers/5E428E_71L_F001Z_F_A005,https://www.miumiu.com/content/dam/miumiubkg_products/5/5E4/5E428E/71LF001Z/5E428E_71L_F001Z_F_A005_SLR.jpg,downloaded,data\luxury-image-library\images\Miu Miu\Shoes\SKU0366_661dffd1bd3d.jpg,661dffd1bd3d5ce91599bd2d08a494478ff65ebeecbe618b178c435a6d0c53dd,,,官方DAM主图直链,"[""https://www.miumiu.com/us/en/p/gymnasium-technical-fabric-and-suede-sneakers/5E428E_71L_F001Z_F_A005"", ""https://www.miumiu.com/content/dam/miumiubkg_products/5/5E4/5E428E/71LF001Z/5E428E_71L_F001Z_F_A005_SLR.jpg""]"
SKU0367,Miu Miu,Shoes,Tyre technical fabric and suede sneakers,5E417E_LYW_F02GM_F_005,https://www.miumiu.com/content/dam/miumiubkg_products/5/5E4/5E417E/LYWF02GM/5E417E_LYW_F02GM_F_005_SLF.jpg,https://www.miumiu.com/content/dam/miumiubkg_products/5/5E4/5E417E/LYWF02GM/5E417E_LYW_F02GM_F_005_SLF.jpg,https://www.miumiu.com/us/en/p/tyre-technical-fabric-and-suede-sneakers/5E417E_LYW_F02GM_F_005,https://www.miumiu.com/content/dam/miumiubkg_products/5/5E4/5E417E/LYWF02GM/5E417E_LYW_F02GM_F_005_SLR.jpg,downloaded,data\luxury-image-library\images\Miu Miu\Shoes\SKU0367_5e83f7fa2420.jpg,5e83f7fa2420817cc237404714a16baa921dfcd26756b57db463edf19da5fbe4,,,官方DAM主图直链,"[""https://www.miumiu.com/us/en/p/tyre-technical-fabric-and-suede-sneakers/5E417E_LYW_F02GM_F_005"", ""https://www.miumiu.com/content/dam/miumiubkg_products/5/5E4/5E417E/LYWF02GM/5E417E_LYW_F02GM_F_005_SLR.jpg""]"
SKU0368,Miu Miu,Shoes,Tyre technical fabric and suede sneakers,5E417E_LYW_F0R3K_F_005,https://www.miumiu.com/content/dam/miumiubkg_products/5/5E4/5E417E/LYWF0R3K/5E417E_LYW_F0R3K_F_005_SLF.jpg,https://www.miumiu.com/content/dam/miumiubkg_products/5/5E4/5E417E/LYWF0R3K/5E417E_LYW_F0R3K_F_005_SLF.jpg,https://www.miumiu.com/us/en/p/tyre-technical-fabric-and-suede-sneakers/5E417E_LYW_F0R3K_F_005,https://www.miumiu.com/content/dam/miumiubkg_products/5/5E4/5E417E/LYWF0R3K/5E417E_LYW_F0R3K_F_005_SLR.jpg,downloaded,data\luxury-image-library\images\Miu Miu\Shoes\SKU0368_1b8a2b3a99a8.jpg,1b8a2b3a99a8039b442cbb464a8f648aa13d9c8bcb08239fc0028c101a1f0dad,,,官方DAM主图直链,"[""https://www.miumiu.com/us/en/p/tyre-technical-fabric-and-suede-sneakers/5E417E_LYW_F0R3K_F_005"", ""https://www.miumiu.com/content/dam/miumiubkg_products/5/5E4/5E417E/LYWF0R3K/5E417E_LYW_F0R3K_F_005_SLR.jpg""]"
SKU0369,Miu Miu,Shoes,Tyre technical fabric and suede sneakers,5E417E_ZJM_F0304_F_005,https://www.miumiu.com/content/dam/miumiubkg_products/5/5E4/5E417E/ZJMF0304/5E417E_ZJM_F0304_F_005_SLF.jpg,https://www.miumiu.com/content/dam/miumiubkg_products/5/5E4/5E417E/ZJMF0304/5E417E_ZJM_F0304_F_005_SLF.jpg,https://www.miumiu.com/us/en/p/tyre-technical-fabric-and-suede-sneakers/5E417E_ZJM_F0304_F_005,https://www.miumiu.com/content/dam/miumiubkg_products/5/5E4/5E417E/ZJMF0304/5E417E_ZJM_F0304_F_005_SLR.jpg,downloaded,data\luxury-image-library\images\Miu Miu\Shoes\SKU0369_34796200a342.jpg,34796200a342747dd0a6d841164a91596dad713cfa29673a833c899148894b63,,,官方DAM主图直链,"[""https://www.miumiu.com/us/en/p/tyre-technical-fabric-and-suede-sneakers/5E417E_ZJM_F0304_F_005"", ""https://www.miumiu.com/us/en.html"", ""https://www.miumiu.com/content/dam/miumiubkg_products/5/5E4/5E417E/ZJMF0304/5E417E_ZJM_F0304_F_005_SLR.jpg""]"
SKU0370,Miu Miu,Shoes,Tyre technical fabric and suede sneakers,5E417E_ZJM_F0424_F_005,https://www.miumiu.com/content/dam/miumiubkg_products/5/5E4/5E417E/ZJMF0424/5E417E_ZJM_F0424_F_005_SLF.jpg,https://www.miumiu.com/content/dam/miumiubkg_products/5/5E4/5E417E/ZJMF0424/5E417E_ZJM_F0424_F_005_SLF.jpg,https://www.miumiu.com/us/en/p/tyre-technical-fabric-and-suede-sneakers/5E417E_ZJM_F0424_F_005,https://www.miumiu.com/content/dam/miumiubkg_products/5/5E4/5E417E/ZJMF0424/5E417E_ZJM_F0424_F_005_SLR.jpg,downloaded,data\luxury-image-library\images\Miu Miu\Shoes\SKU0370_c575ee3a4a10.jpg,c575ee3a4a10c3a57510f820238a714896c49edba98a24afadbc4b77a0cac080,,,官方DAM主图直链,"[""https://www.miumiu.com/us/en/p/tyre-technical-fabric-and-suede-sneakers/5E417E_ZJM_F0424_F_005"", ""https://www.miumiu.com/content/dam/miumiubkg_products/5/5E4/5E417E/ZJMF0424/5E417E_ZJM_F0424_F_005_SLR.jpg""]"
SKU0371,Miu Miu,Shoes,Tyre technical fabric and suede ballerinas,5F416E_D7C_F0424_F_005,https://www.miumiu.com/content/dam/miumiubkg_products/5/5F4/5F416E/D7CF0424/5F416E_D7C_F0424_F_005_SLF.jpg,https://www.miumiu.com/content/dam/miumiubkg_products/5/5F4/5F416E/D7CF0424/5F416E_D7C_F0424_F_005_SLF.jpg,https://www.miumiu.com/us/en/p/tyre-technical-fabric-and-suede-ballerinas/5F416E_D7C_F0424_F_005,https://www.miumiu.com/content/dam/miumiubkg_products/5/5F4/5F416E/D7CF0424/5F416E_D7C_F0424_F_005_SLR.jpg,downloaded,data\luxury-image-library\images\Miu Miu\Shoes\SKU0371_010d4ea8a656.jpg,010d4ea8a656523bd800b094654e800cd715ad2e18dc2a660782527ee4f68f29,,,官方DAM主图直链,"[""https://www.miumiu.com/us/en/p/tyre-technical-fabric-and-suede-ballerinas/5F416E_D7C_F0424_F_005"", ""https://www.miumiu.com/content/dam/miumiubkg_products/5/5F4/5F416E/D7CF0424/5F416E_D7C_F0424_F_005_SLR.jpg""]"
SKU0372,Miu Miu,Shoes,Tyre technical fabric and suede ballerinas,5F416E_D7C_F0304_F_005,https://www.miumiu.com/content/dam/miumiubkg_products/5/5F4/5F416E/D7CF0304/5F416E_D7C_F0304_F_005_SLF.jpg,https://www.miumiu.com/content/dam/miumiubkg_products/5/5F4/5F416E/D7CF0304/5F416E_D7C_F0304_F_005_SLF.jpg,https://www.miumiu.com/us/en/p/tyre-technical-fabric-and-suede-ballerinas/5F416E_D7C_F0304_F_005,https://www.miumiu.com/content/dam/miumiubkg_products/5/5F4/5F416E/D7CF0304/5F416E_D7C_F0304_F_005_SLR.jpg,downloaded,data\luxury-image-library\images\Miu Miu\Shoes\SKU0372_5cf2547d4a5b.jpg,5cf2547d4a5b5fd888068e4b2c8585d69b1f4a393a1bec5373a2b57714cbe89a,,,官方DAM主图直链,"[""https://www.miumiu.com/us/en/p/tyre-technical-fabric-and-suede-ballerinas/5F416E_D7C_F0304_F_005"", ""https://www.miumiu.com/content/dam/miumiubkg_products/5/5F4/5F416E/D7CF0304/5F416E_D7C_F0304_F_005_SLR.jpg""]"
SKU0373,Miu Miu,Shoes,Tyre technical fabric and suede ballerinas,5F416E_D7C_F0002_F_005,https://www.miumiu.com/content/dam/miumiubkg_products/5/5F4/5F416E/D7CF0002/5F416E_D7C_F0002_F_005_SLF.jpg,https://www.miumiu.com/content/dam/miumiubkg_products/5/5F4/5F416E/D7CF0002/5F416E_D7C_F0002_F_005_SLF.jpg,https://www.miumiu.com/us/en/p/tyre-technical-fabric-and-suede-ballerinas/5F416E_D7C_F0002_F_005,https://www.miumiu.com/content/dam/miumiubkg_products/5/5F4/5F416E/D7CF0002/5F416E_D7C_F0002_F_005_SLR.jpg,downloaded,data\luxury-image-library\images\Miu Miu\Shoes\SKU0373_e75bcc3148c9.jpg,e75bcc3148c90de88a0ff1f9a837c692471808498dd9b9e7fa56c4f4c90c5b85,,,官方DAM主图直链,"[""https://www.miumiu.com/us/en/p/tyre-technical-fabric-and-suede-ballerinas/5F416E_D7C_F0002_F_005"", ""https://www.miumiu.com/us/en.html"", ""https://www.miumiu.com/content/dam/miumiubkg_products/5/5F4/5F416E/D7CF0002/5F416E_D7C_F0002_F_005_SLR.jpg""]"
SKU0374,Miu Miu,Shoes,Plume leather sneakers,5E602E_V69_F0201_F_005,https://www.miumiu.com/content/dam/miumiubkg_products/5/5E6/5E602E/V69F0201/5E602E_V69_F0201_F_005_SLF.jpg,https://www.miumiu.com/content/dam/miumiubkg_products/5/5E6/5E602E/V69F0201/5E602E_V69_F0201_F_005_SLF.jpg,https://www.miumiu.com/us/en/p/plume-leather-sneakers/5E602E_V69_F0201_F_005,https://www.miumiu.com/content/dam/miumiubkg_products/5/5E6/5E602E/V69F0201/5E602E_V69_F0201_F_005_SLR.jpg,downloaded,data\luxury-image-library\images\Miu Miu\Shoes\SKU0374_c9b1b267f380.jpg,c9b1b267f3804917426bee8e9eee693ecc2d5427113505ae24862be583c7ed67,,,官方DAM主图直链,"[""https://www.miumiu.com/us/en/p/plume-leather-sneakers/5E602E_V69_F0201_F_005"", ""https://www.miumiu.com/content/dam/miumiubkg_products/5/5E6/5E602E/V69F0201/5E602E_V69_F0201_F_005_SLR.jpg""]"
SKU0375,Miu Miu,Eyewear,Ciel sunglasses,SMUC01_E16K_FE80Q_C_053,https://www.miumiu.com/content/dam/miumiubkg_products/S/SMU/SMUC01/E16KFE80Q/SMUC01_E16K_FE80Q_C_053_SLF.jpg,https://www.miumiu.com/content/dam/miumiubkg_products/S/SMU/SMUC01/E16KFE80Q/SMUC01_E16K_FE80Q_C_053_SLF.jpg,https://www.miumiu.com/us/en/p/ciel-sunglasses/SMUC01_E16K_FE80Q_C_053,https://www.miumiu.com/content/dam/miumiubkg_products/S/SMU/SMUC01/E16KFE80Q/SMUC01_E16K_FE80Q_C_053_SLF.jpg,downloaded,data\luxury-image-library\images\Miu Miu\Eyewear\SKU0375_38c1422197d9.jpg,38c1422197d9ade6168f52885c0efe13eea3383110c1a8c886af7a5e38cdaf28,,,官方DAM主图直链,"[""https://www.miumiu.com/content/dam/miumiubkg_products/S/SMU/SMUC01/E16KFE80Q/SMUC01_E16K_FE80Q_C_053_SLF.jpg""]"
SKU0376,Miu Miu,Eyewear,Ciel sunglasses,SMUC01_E14L_F04I0_C_053,https://www.miumiu.com/content/dam/miumiubkg_products/S/SMU/SMUC01/E14LF04I0/SMUC01_E14L_F04I0_C_053_SLF.jpg,https://www.miumiu.com/content/dam/miumiubkg_products/S/SMU/SMUC01/E14LF04I0/SMUC01_E14L_F04I0_C_053_SLF.jpg,https://www.miumiu.com/us/en/p/ciel-sunglasses/SMUC01_E14L_F04I0_C_053,https://www.miumiu.com/content/dam/miumiubkg_products/S/SMU/SMUC01/E14LF04I0/SMUC01_E14L_F04I0_C_053_SLF.jpg,downloaded,data\luxury-image-library\images\Miu Miu\Eyewear\SKU0376_da2271499457.jpg,da227149945759a66d2af1df046edb35d976da45678feb58521c74760a0c7771,,,官方DAM主图直链,"[""https://www.miumiu.com/content/dam/miumiubkg_products/S/SMU/SMUC01/E14LF04I0/SMUC01_E14L_F04I0_C_053_SLF.jpg""]"
SKU0377,Miu Miu,Eyewear,Envie sunglasses,SMUC52_EZVN_FE71A_C_056,https://www.miumiu.com/content/dam/miumiubkg_products/S/SMU/SMUC52/EZVNFE71A/SMUC52_EZVN_FE71A_C_056_SLF.jpg,https://www.miumiu.com/content/dam/miumiubkg_products/S/SMU/SMUC52/EZVNFE71A/SMUC52_EZVN_FE71A_C_056_SLF.jpg,https://www.miumiu.com/us/en/p/envie-sunglasses/SMUC52_EZVN_FE71A_C_056,https://www.miumiu.com/content/dam/miumiubkg_products/S/SMU/SMUC52/EZVNFE71A/SMUC52_EZVN_FE71A_C_056_SLF.jpg,downloaded,data\luxury-image-library\images\Miu Miu\Eyewear\SKU0377_75a7711ef586.jpg,75a7711ef586800258ab616c54f252d3f4b9c8d137009431775b8fb3e6d46b97,,,官方DAM主图直链,"[""https://www.miumiu.com/content/dam/miumiubkg_products/S/SMU/SMUC52/EZVNFE71A/SMUC52_EZVN_FE71A_C_056_SLF.jpg""]"
SKU0378,Miu Miu,Eyewear,Envie sunglasses,SMUC52_E21M_FE50Q_C_056,https://www.miumiu.com/content/dam/miumiubkg_products/S/SMU/SMUC52/E21MFE50Q/SMUC52_E21M_FE50Q_C_056_SLF.jpg,https://www.miumiu.com/content/dam/miumiubkg_products/S/SMU/SMUC52/E21MFE50Q/SMUC52_E21M_FE50Q_C_056_SLF.jpg,https://www.miumiu.com/us/en/p/envie-sunglasses/SMUC52_E21M_FE50Q_C_056,https://www.miumiu.com/content/dam/miumiubkg_products/S/SMU/SMUC52/E21MFE50Q/SMUC52_E21M_FE50Q_C_056_SLF.jpg,downloaded,data\luxury-image-library\images\Miu Miu\Eyewear\SKU0378_5d158a74d877.jpg,5d158a74d877d8e7c5d5aabe8b3e5c336f56f6c27a71d17fa1a2e32facc554c2,,,官方DAM主图直链,"[""https://www.miumiu.com/content/dam/miumiubkg_products/S/SMU/SMUC52/E21MFE50Q/SMUC52_E21M_FE50Q_C_056_SLF.jpg""]"
SKU0379,Miu Miu,Eyewear,Envie sunglasses,SMUC52_E5AK_FE20V_C_056,https://www.miumiu.com/content/dam/miumiubkg_products/S/SMU/SMUC52/E5AKFE20V/SMUC52_E5AK_FE20V_C_056_SLF.jpg,https://www.miumiu.com/content/dam/miumiubkg_products/S/SMU/SMUC52/E5AKFE20V/SMUC52_E5AK_FE20V_C_056_SLF.jpg,https://www.miumiu.com/us/en/p/envie-sunglasses/SMUC52_E5AK_FE20V_C_056,https://www.miumiu.com/content/dam/miumiubkg_products/S/SMU/SMUC52/E5AKFE20V/SMUC52_E5AK_FE20V_C_056_SLF.jpg,downloaded,data\luxury-image-library\images\Miu Miu\Eyewear\SKU0379_d12ad455472f.jpg,d12ad455472f5e158d9ffdf66ea87a404e1c074747daae7ff44ef4c55cfa5ee7,,,官方DAM主图直链,"[""https://www.miumiu.com/content/dam/miumiubkg_products/S/SMU/SMUC52/E5AKFE20V/SMUC52_E5AK_FE20V_C_056_SLF.jpg""]"
SKU0380,Miu Miu,Eyewear,Envie sunglasses,SMUB52_E22M_FE10Y_C_052,https://www.miumiu.com/content/dam/miumiubkg_products/S/SMU/SMUB52/E22MFE10Y/SMUB52_E22M_FE10Y_C_052_SLF.jpg,https://www.miumiu.com/content/dam/miumiubkg_products/S/SMU/SMUB52/E22MFE10Y/SMUB52_E22M_FE10Y_C_052_SLF.jpg,https://www.miumiu.com/us/en/p/envie-sunglasses/SMUB52_E22M_FE10Y_C_052,https://www.miumiu.com/content/dam/miumiubkg_products/S/SMU/SMUB52/E22MFE10Y/SMUB52_E22M_FE10Y_C_052_SLF.jpg,downloaded,data\luxury-image-library\images\Miu Miu\Eyewear\SKU0380_f18c5ffd9ac9.jpg,f18c5ffd9ac94ee0685553a221426af61008fb21e48e90b64d61478a52dd5144,,,官方DAM主图直链,"[""https://www.miumiu.com/content/dam/miumiubkg_products/S/SMU/SMUB52/E22MFE10Y/SMUB52_E22M_FE10Y_C_052_SLF.jpg""]"
SKU0381,Miu Miu,Eyewear,Envie sunglasses,SMUB52_E21M_FE40Y_C_052,https://www.miumiu.com/content/dam/miumiubkg_products/S/SMU/SMUB52/E21MFE40Y/SMUB52_E21M_FE40Y_C_052_SLF.jpg,https://www.miumiu.com/content/dam/miumiubkg_products/S/SMU/SMUB52/E21MFE40Y/SMUB52_E21M_FE40Y_C_052_SLF.jpg,https://www.miumiu.com/us/en/p/envie-sunglasses/SMUB52_E21M_FE40Y_C_052,https://www.miumiu.com/content/dam/miumiubkg_products/S/SMU/SMUB52/E21MFE40Y/SMUB52_E21M_FE40Y_C_052_SLF.jpg,downloaded,data\luxury-image-library\images\Miu Miu\Eyewear\SKU0381_76715d42eea8.jpg,76715d42eea81b1499e230faba57bbbe8db88a437638009d4e2546fb9e8b7083,,,官方DAM主图直链,"[""https://www.miumiu.com/content/dam/miumiubkg_products/S/SMU/SMUB52/E21MFE40Y/SMUB52_E21M_FE40Y_C_052_SLF.jpg""]"
SKU0382,Miu Miu,Eyewear,Envie sunglasses,SMUB52_E7OE_FE30Y_C_052,https://www.miumiu.com/content/dam/miumiubkg_products/S/SMU/SMUB52/E7OEFE30Y/SMUB52_E7OE_FE30Y_C_052_SLF.jpg,https://www.miumiu.com/content/dam/miumiubkg_products/S/SMU/SMUB52/E7OEFE30Y/SMUB52_E7OE_FE30Y_C_052_SLF.jpg,https://www.miumiu.com/us/en/p/envie-sunglasses/SMUB52_E7OE_FE30Y_C_052,https://www.miumiu.com/content/dam/miumiubkg_products/S/SMU/SMUB52/E7OEFE30Y/SMUB52_E7OE_FE30Y_C_052_SLF.jpg,downloaded,data\luxury-image-library\images\Miu Miu\Eyewear\SKU0382_2767a6bcbe8a.jpg,2767a6bcbe8ad2044449667ba8a9621e911b7677329f7b4b6942bcd36404536c,,,官方DAM主图直链,"[""https://www.miumiu.com/content/dam/miumiubkg_products/S/SMU/SMUB52/E7OEFE30Y/SMUB52_E7OE_FE30Y_C_052_SLF.jpg""]"
SKU0383,Miu Miu,Eyewear,Envie sunglasses,SMUB51_E21M_FE50Q_C_047,https://www.miumiu.com/content/dam/miumiubkg_products/S/SMU/SMUB51/E21MFE50Q/SMUB51_E21M_FE50Q_C_047_SLF.jpg,https://www.miumiu.com/content/dam/miumiubkg_products/S/SMU/SMUB51/E21MFE50Q/SMUB51_E21M_FE50Q_C_047_SLF.jpg,https://www.miumiu.com/us/en/p/envie-sunglasses/SMUB51_E21M_FE50Q_C_047,https://www.miumiu.com/content/dam/miumiubkg_products/S/SMU/SMUB51/E21MFE50Q/SMUB51_E21M_FE50Q_C_047_SLF.jpg,downloaded,data\luxury-image-library\images\Miu Miu\Eyewear\SKU0383_f282ad5dc1be.jpg,f282ad5dc1bebd17718c61ede4b692f2d394bf1ac06bf709b20eba84d122f657,,,官方DAM主图直链,"[""https://www.miumiu.com/content/dam/miumiubkg_products/S/SMU/SMUB51/E21MFE50Q/SMUB51_E21M_FE50Q_C_047_SLF.jpg""]"
SKU0384,Miu Miu,Eyewear,Envie sunglasses,SMUB51_E22M_FE20V_C_047,https://www.miumiu.com/content/dam/miumiubkg_products/S/SMU/SMUB51/E22MFE20V/SMUB51_E22M_FE20V_C_047_SLF.jpg,https://www.miumiu.com/content/dam/miumiubkg_products/S/SMU/SMUB51/E22MFE20V/SMUB51_E22M_FE20V_C_047_SLF.jpg,https://www.miumiu.com/us/en/p/envie-sunglasses/SMUB51_E22M_FE20V_C_047,https://www.miumiu.com/content/dam/miumiubkg_products/S/SMU/SMUB51/E22MFE20V/SMUB51_E22M_FE20V_C_047_SLF.jpg,downloaded,data\luxury-image-library\images\Miu Miu\Eyewear\SKU0384_4af3086493d5.jpg,4af3086493d57afd9604a820dd0c9e5d49153fe34872646967dd02fc712793c6,,,官方DAM主图直链,"[""https://www.miumiu.com/content/dam/miumiubkg_products/S/SMU/SMUB51/E22MFE20V/SMUB51_E22M_FE20V_C_047_SLF.jpg""]"
SKU0385,Miu Miu,Eyewear,Miu Miu Eyewear Collection sunglasses,SMUC06_E21D_FE90X_C_U069,https://www.miumiu.com/content/dam/miumiubkg_products/S/SMU/SMUC06/E21DFE90X/SMUC06_E21D_FE90X_C_U069_SLF.jpg,https://www.miumiu.com/content/dam/miumiubkg_products/S/SMU/SMUC06/E21DFE90X/SMUC06_E21D_FE90X_C_U069_SLF.jpg,https://www.miumiu.com/us/en/p/miu-miu-eyewear-collection-sunglasses/SMUC06_E21D_FE90X_C_U069,https://www.miumiu.com/content/dam/miumiubkg_products/S/SMU/SMUC06/E21DFE90X/SMUC06_E21D_FE90X_C_U069_SLF.jpg,downloaded,data\luxury-image-library\images\Miu Miu\Eyewear\SKU0385_31a902b0bd5f.jpg,31a902b0bd5f8e3e1527fee6d6e88cff980acd5b1030c87970e0b5d1197ad552,,,官方DAM主图直链,"[""https://www.miumiu.com/content/dam/miumiubkg_products/S/SMU/SMUC06/E21DFE90X/SMUC06_E21D_FE90X_C_U069_SLF.jpg""]"
SKU0386,Miu Miu,Eyewear,Miu Miu Eyewear Collection sunglasses,SMUC06_E16K_FE80Q_C_U069,https://www.miumiu.com/content/dam/miumiubkg_products/S/SMU/SMUC06/E16KFE80Q/SMUC06_E16K_FE80Q_C_U069_SLF.jpg,https://www.miumiu.com/content/dam/miumiubkg_products/S/SMU/SMUC06/E16KFE80Q/SMUC06_E16K_FE80Q_C_U069_SLF.jpg,https://www.miumiu.com/us/en/p/miu-miu-eyewear-collection-sunglasses/SMUC06_E16K_FE80Q_C_U069,https://www.miumiu.com/content/dam/miumiubkg_products/S/SMU/SMUC06/E16KFE80Q/SMUC06_E16K_FE80Q_C_U069_SLF.jpg,downloaded,data\luxury-image-library\images\Miu Miu\Eyewear\SKU0386_de3d682b1424.jpg,de3d682b142422b9486974ec0e780dfa5ff444379777f2f35a95b7444c932c34,,,官方DAM主图直链,"[""https://www.miumiu.com/content/dam/miumiubkg_products/S/SMU/SMUC06/E16KFE80Q/SMUC06_E16K_FE80Q_C_U069_SLF.jpg""]"
SKU0387,Miu Miu,Eyewear,Vedette sunglasses,SMUC05_S14L_FE10W_C_U052,https://www.miumiu.com/content/dam/miumiubkg_products/S/SMU/SMUC05/S14LFE10W/SMUC05_S14L_FE10W_C_U052_SLF.jpg,https://www.miumiu.com/content/dam/miumiubkg_products/S/SMU/SMUC05/S14LFE10W/SMUC05_S14L_FE10W_C_U052_SLF.jpg,https://www.miumiu.com/us/en/p/vedette-sunglasses/SMUC05_S14L_FE10W_C_U052,https://www.miumiu.com/content/dam/miumiubkg_products/S/SMU/SMUC05/S14LFE10W/SMUC05_S14L_FE10W_C_U052_SLF.jpg,downloaded,data\luxury-image-library\images\Miu Miu\Eyewear\SKU0387_787389f84fc7.jpg,787389f84fc7b0991eb03e7e85c9b45caf4dc8cbbdbb88fd727c30098723758c,,,官方DAM主图直链,"[""https://www.miumiu.com/content/dam/miumiubkg_products/S/SMU/SMUC05/S14LFE10W/SMUC05_S14L_FE10W_C_U052_SLF.jpg""]"
SKU0388,Miu Miu,Eyewear,Vedette sunglasses,SMUC05_S21I_FE10W_C_U052,https://www.miumiu.com/content/dam/miumiubkg_products/S/SMU/SMUC05/S21IFE10W/SMUC05_S21I_FE10W_C_U052_SLF.jpg,https://www.miumiu.com/content/dam/miumiubkg_products/S/SMU/SMUC05/S21IFE10W/SMUC05_S21I_FE10W_C_U052_SLF.jpg,https://www.miumiu.com/us/en/p/vedette-sunglasses/SMUC05_S21I_FE10W_C_U052,https://www.miumiu.com/content/dam/miumiubkg_products/S/SMU/SMUC05/S21IFE10W/SMUC05_S21I_FE10W_C_U052_SLF.jpg,downloaded,data\luxury-image-library\images\Miu Miu\Eyewear\SKU0388_518df107c180.jpg,518df107c180c5435142ec2aecaab8ea6f792b28621d3b03cde662055b73430c,,,官方DAM主图直链,"[""https://www.miumiu.com/content/dam/miumiubkg_products/S/SMU/SMUC05/S21IFE10W/SMUC05_S21I_FE10W_C_U052_SLF.jpg""]"
SKU0389,Miu Miu,Eyewear,Vedette sunglasses,SMUC05_E16K_FE04O_C_U052,https://www.miumiu.com/content/dam/miumiubkg_products/S/SMU/SMUC05/E16KFE04O/SMUC05_E16K_FE04O_C_U052_SLF.jpg,https://www.miumiu.com/content/dam/miumiubkg_products/S/SMU/SMUC05/E16KFE04O/SMUC05_E16K_FE04O_C_U052_SLF.jpg,https://www.miumiu.com/us/en/p/vedette-sunglasses/SMUC05_E16K_FE04O_C_U052,https://www.miumiu.com/content/dam/miumiubkg_products/S/SMU/SMUC05/E16KFE04O/SMUC05_E16K_FE04O_C_U052_SLF.jpg,downloaded,data\luxury-image-library\images\Miu Miu\Eyewear\SKU0389_da422f8b671d.jpg,da422f8b671d1d33c3e055dedec03ee4853ab83d5e3d298ff8e7a658349c7e30,,,官方DAM主图直链,"[""https://www.miumiu.com/content/dam/miumiubkg_products/S/SMU/SMUC05/E16KFE04O/SMUC05_E16K_FE04O_C_U052_SLF.jpg""]"
SKU0390,Miu Miu,Eyewear,Aube sunglasses,SMUA51_E5AK_FE90Y_C_075,https://www.miumiu.com/content/dam/miumiubkg_products/S/SMU/SMUA51/E5AKFE90Y/SMUA51_E5AK_FE90Y_C_075_SLF.jpg,https://www.miumiu.com/content/dam/miumiubkg_products/S/SMU/SMUA51/E5AKFE90Y/SMUA51_E5AK_FE90Y_C_075_SLF.jpg,https://www.miumiu.com/us/en/p/aube-sunglasses/SMUA51_E5AK_FE90Y_C_075,https://www.miumiu.com/content/dam/miumiubkg_products/S/SMU/SMUA51/E5AKFE90Y/SMUA51_E5AK_FE90Y_C_075_SLF.jpg,downloaded,data\luxury-image-library\images\Miu Miu\Eyewear\SKU0390_92839f2cea2d.jpg,92839f2cea2d181a8a92d3d894c9ad95d0584ab056c522d93e77a98c92393f65,,,官方DAM主图直链,"[""https://www.miumiu.com/content/dam/miumiubkg_products/S/SMU/SMUA51/E5AKFE90Y/SMUA51_E5AK_FE90Y_C_075_SLF.jpg""]"
SKU0391,Miu Miu,Eyewear,Aube sunglasses,SMUA51_E5AK_FE20P_C_075,https://www.miumiu.com/content/dam/miumiubkg_products/S/SMU/SMUA51/E5AKFE20P/SMUA51_E5AK_FE20P_C_075_SLF.jpg,https://www.miumiu.com/content/dam/miumiubkg_products/S/SMU/SMUA51/E5AKFE20P/SMUA51_E5AK_FE20P_C_075_SLF.jpg,https://www.miumiu.com/us/en/p/aube-sunglasses/SMUA51_E5AK_FE20P_C_075,https://www.miumiu.com/content/dam/miumiubkg_products/S/SMU/SMUA51/E5AKFE20P/SMUA51_E5AK_FE20P_C_075_SLF.jpg,downloaded,data\luxury-image-library\images\Miu Miu\Eyewear\SKU0391_31b16567109e.jpg,31b16567109e171a2cf890b14ba0211b2b462fc4f79c07102bb81b994c452534,,,官方DAM主图直链,"[""https://www.miumiu.com/content/dam/miumiubkg_products/S/SMU/SMUA51/E5AKFE20P/SMUA51_E5AK_FE20P_C_075_SLF.jpg""]"
SKU0392,Miu Miu,Eyewear,Aube sunglasses,SMUA51_E1BC_FE10Z_C_075,https://www.miumiu.com/content/dam/miumiubkg_products/S/SMU/SMUA51/E1BCFE10Z/SMUA51_E1BC_FE10Z_C_075_SLF.jpg,https://www.miumiu.com/content/dam/miumiubkg_products/S/SMU/SMUA51/E1BCFE10Z/SMUA51_E1BC_FE10Z_C_075_SLF.jpg,https://www.miumiu.com/us/en/p/aube-sunglasses/SMUA51_E1BC_FE10Z_C_075,https://www.miumiu.com/content/dam/miumiubkg_products/S/SMU/SMUA51/E1BCFE10Z/SMUA51_E1BC_FE10Z_C_075_SLF.jpg,downloaded,data\luxury-image-library\images\Miu Miu\Eyewear\SKU0392_28c196ac7474.jpg,28c196ac74748b5b44377ed6ffe24e3af2ffd82d9f72ba92a6814f3be5ab7604,,,官方DAM主图直链,"[""https://www.miumiu.com/content/dam/miumiubkg_products/S/SMU/SMUA51/E1BCFE10Z/SMUA51_E1BC_FE10Z_C_075_SLF.jpg""]"
SKU0393,Miu Miu,Eyewear,Ivresse sunglasses,SMUB14_E27N_FE80Q_C_U033,https://www.miumiu.com/content/dam/miumiubkg_products/S/SMU/SMUB14/E27NFE80Q/SMUB14_E27N_FE80Q_C_U033_SLF.jpg,https://www.miumiu.com/content/dam/miumiubkg_products/S/SMU/SMUB14/E27NFE80Q/SMUB14_E27N_FE80Q_C_U033_SLF.jpg,https://www.miumiu.com/us/en/p/ivresse-sunglasses/SMUB14_E27N_FE80Q_C_U033,https://www.miumiu.com/content/dam/miumiubkg_products/S/SMU/SMUB14/E27NFE80Q/SMUB14_E27N_FE80Q_C_U033_SLF.jpg,downloaded,data\luxury-image-library\images\Miu Miu\Eyewear\SKU0393_c593e7dc7d81.jpg,c593e7dc7d81907f40654c0eb55a66e8f00487af06ffd4ea6c4dd0be9252802d,,,官方DAM主图直链,"[""https://www.miumiu.com/content/dam/miumiubkg_products/S/SMU/SMUB14/E27NFE80Q/SMUB14_E27N_FE80Q_C_U033_SLF.jpg""]"
SKU0394,Miu Miu,Eyewear,Ivresse sunglasses,SMUB14_E25N_FE70M_C_U033,https://www.miumiu.com/content/dam/miumiubkg_products/S/SMU/SMUB14/E25NFE70M/SMUB14_E25N_FE70M_C_U033_SLF.jpg,https://www.miumiu.com/content/dam/miumiubkg_products/S/SMU/SMUB14/E25NFE70M/SMUB14_E25N_FE70M_C_U033_SLF.jpg,https://www.miumiu.com/us/en/p/ivresse-sunglasses/SMUB14_E25N_FE70M_C_U033,https://www.miumiu.com/content/dam/miumiubkg_products/S/SMU/SMUB14/E25NFE70M/SMUB14_E25N_FE70M_C_U033_SLF.jpg,downloaded,data\luxury-image-library\images\Miu Miu\Eyewear\SKU0394_f94d1f33dd8c.jpg,f94d1f33dd8c85f9c9bd5b56bbba4e8a80b34cae5a550b71063243d271d110ef,,,官方DAM主图直链,"[""https://www.miumiu.com/content/dam/miumiubkg_products/S/SMU/SMUB14/E25NFE70M/SMUB14_E25N_FE70M_C_U033_SLF.jpg""]"
SKU0395,Miu Miu,Eyewear,Ivresse sunglasses,SMUB14_E26N_FE80Q_C_U033,https://www.miumiu.com/content/dam/miumiubkg_products/S/SMU/SMUB14/E26NFE80Q/SMUB14_E26N_FE80Q_C_U033_SLF.jpg,https://www.miumiu.com/content/dam/miumiubkg_products/S/SMU/SMUB14/E26NFE80Q/SMUB14_E26N_FE80Q_C_U033_SLF.jpg,https://www.miumiu.com/us/en/p/ivresse-sunglasses/SMUB14_E26N_FE80Q_C_U033,https://www.miumiu.com/content/dam/miumiubkg_products/S/SMU/SMUB14/E26NFE80Q/SMUB14_E26N_FE80Q_C_U033_SLF.jpg,downloaded,data\luxury-image-library\images\Miu Miu\Eyewear\SKU0395_6cec18f9997d.jpg,6cec18f9997d8a4f02a91f93d1bd59f712393c2ba5cb2db3f2974fd38851e33e,,,官方DAM主图直链,"[""https://www.miumiu.com/content/dam/miumiubkg_products/S/SMU/SMUB14/E26NFE80Q/SMUB14_E26N_FE80Q_C_U033_SLF.jpg""]"
SKU0396,Miu Miu,Eyewear,Ivresse sunglasses,SMUB14_E17K_FE20V_C_U033,https://www.miumiu.com/content/dam/miumiubkg_products/S/SMU/SMUB14/E17KFE20V/SMUB14_E17K_FE20V_C_U033_SLF.jpg,https://www.miumiu.com/content/dam/miumiubkg_products/S/SMU/SMUB14/E17KFE20V/SMUB14_E17K_FE20V_C_U033_SLF.jpg,https://www.miumiu.com/us/en/p/ivresse-sunglasses/SMUB14_E17K_FE20V_C_U033,https://www.miumiu.com/content/dam/miumiubkg_products/S/SMU/SMUB14/E17KFE20V/SMUB14_E17K_FE20V_C_U033_SLF.jpg,downloaded,data\luxury-image-library\images\Miu Miu\Eyewear\SKU0396_8e6a5fc97e1e.jpg,8e6a5fc97e1e3d6678f2bf28428bbb55bc075f64879ee5292f2e976cd142190b,,,官方DAM主图直链,"[""https://www.miumiu.com/content/dam/miumiubkg_products/S/SMU/SMUB14/E17KFE20V/SMUB14_E17K_FE20V_C_U033_SLF.jpg""]"
SKU0397,Miu Miu,Eyewear,Rêverie sunglasses,SMUB09_E14L_FE20V_C_052,https://www.miumiu.com/content/dam/miumiubkg_products/S/SMU/SMUB09/E14LFE20V/SMUB09_E14L_FE20V_C_052_SLF.jpg,https://www.miumiu.com/content/dam/miumiubkg_products/S/SMU/SMUB09/E14LFE20V/SMUB09_E14L_FE20V_C_052_SLF.jpg,https://www.miumiu.com/us/en/p/reverie-sunglasses/SMUB09_E14L_FE20V_C_052,https://www.miumiu.com/content/dam/miumiubkg_products/S/SMU/SMUB09/E14LFE20V/SMUB09_E14L_FE20V_C_052_SLF.jpg,downloaded,data\luxury-image-library\images\Miu Miu\Eyewear\SKU0397_2fcd4a53a2e4.jpg,2fcd4a53a2e4f82637377fc75e1ca85acded0709d3c7166e277d8d01176977ad,,,官方DAM主图直链,"[""https://www.miumiu.com/content/dam/miumiubkg_products/S/SMU/SMUB09/E14LFE20V/SMUB09_E14L_FE20V_C_052_SLF.jpg""]"
SKU0398,Miu Miu,Eyewear,Rêverie sunglasses,SMUB09_E27L_FE50Y_C_052,https://www.miumiu.com/content/dam/miumiubkg_products/S/SMU/SMUB09/E27LFE50Y/SMUB09_E27L_FE50Y_C_052_SLF.jpg,https://www.miumiu.com/content/dam/miumiubkg_products/S/SMU/SMUB09/E27LFE50Y/SMUB09_E27L_FE50Y_C_052_SLF.jpg,https://www.miumiu.com/us/en/p/reverie-sunglasses/SMUB09_E27L_FE50Y_C_052,https://www.miumiu.com/content/dam/miumiubkg_products/S/SMU/SMUB09/E27LFE50Y/SMUB09_E27L_FE50Y_C_052_SLF.jpg,downloaded,data\luxury-image-library\images\Miu Miu\Eyewear\SKU0398_514a300ed13a.jpg,514a300ed13aedee682952bcbcdd3c6261997a2c1c4a5d74e8541a9a371f5ce3,,,官方DAM主图直链,"[""https://www.miumiu.com/content/dam/miumiubkg_products/S/SMU/SMUB09/E27LFE50Y/SMUB09_E27L_FE50Y_C_052_SLF.jpg""]"
SKU0399,Miu Miu,Outerwear,Leather jacket,MPW014_19WR_F0A68_S_OOO,https://www.miumiu.com/content/dam/miumiubkg_products/M/MPW/MPW014/19WRF0A68/MPW014_19WR_F0A68_S_OOO_SLF.jpg,https://www.miumiu.com/content/dam/miumiubkg_products/M/MPW/MPW014/19WRF0A68/MPW014_19WR_F0A68_S_OOO_SLF.jpg,https://www.miumiu.com/us/en/p/leather-jacket/MPW014_19WR_F0A68_S_OOO,https://www.miumiu.com/content/dam/miumiubkg_products/M/MPW/MPW014/19WRF0A68/MPW014_19WR_F0A68_S_OOO_SLF.jpg,downloaded,data\luxury-image-library\images\Miu Miu\Outerwear\SKU0399_e686adbc71dd.jpg,e686adbc71ddf8ca3e23cb81870c2ff8df437befc469bbb030923d818aa1ed91,,,官方DAM主图直链,"[""https://www.miumiu.com/content/dam/miumiubkg_products/M/MPW/MPW014/19WRF0A68/MPW014_19WR_F0A68_S_OOO_SLF.jpg""]"
SKU0400,Miu Miu,Outerwear,Suede jacket,MPW013_19MN_F0054_S_OOO,https://www.miumiu.com/content/dam/miumiubkg_products/M/MPW/MPW013/19MNF0054/MPW013_19MN_F0054_S_OOO_SLF.jpg,https://www.miumiu.com/content/dam/miumiubkg_products/M/MPW/MPW013/19MNF0054/MPW013_19MN_F0054_S_OOO_SLF.jpg,https://www.miumiu.com/us/en/p/suede-jacket/MPW013_19MN_F0054_S_OOO,https://www.miumiu.com/content/dam/miumiubkg_products/M/MPW/MPW013/19MNF0054/MPW013_19MN_F0054_S_OOO_SLF.jpg,downloaded,data\luxury-image-library\images\Miu Miu\Outerwear\SKU0400_e42731367ccd.jpg,e42731367ccda433bc9fd89873a966d6bac22445340b5b29af54117a71ed4d0c,,,官方DAM主图直链,"[""https://www.miumiu.com/content/dam/miumiubkg_products/M/MPW/MPW013/19MNF0054/MPW013_19MN_F0054_S_OOO_SLF.jpg""]"
SKU0401,Miu Miu,Outerwear,Suede jacket,MPW013_19MN_F0017_S_OOO,https://www.miumiu.com/content/dam/miumiubkg_products/M/MPW/MPW013/19MNF0017/MPW013_19MN_F0017_S_OOO_SLF.jpg,https://www.miumiu.com/content/dam/miumiubkg_products/M/MPW/MPW013/19MNF0017/MPW013_19MN_F0017_S_OOO_SLF.jpg,https://www.miumiu.com/us/en/p/suede-jacket/MPW013_19MN_F0017_S_OOO,https://www.miumiu.com/content/dam/miumiubkg_products/M/MPW/MPW013/19MNF0017/MPW013_19MN_F0017_S_OOO_SLF.jpg,downloaded,data\luxury-image-library\images\Miu Miu\Outerwear\SKU0401_08ae673e11bf.webp,08ae673e11bf7dc6d7b0e7935ef8e60a5e20919ea213951ce3c19d02ee46a452,,,官方DAM主图直链,"[""https://www.miumiu.com/content/dam/miumiubkg_products/M/MPW/MPW013/19MNF0017/MPW013_19MN_F0017_S_OOO_SLF.jpg""]"
SKU0402,Miu Miu,Outerwear,Leather jacket,MPW014_19MM_F0002_S_OOO,https://www.miumiu.com/content/dam/miumiubkg_products/M/MPW/MPW014/19MMF0002/MPW014_19MM_F0002_S_OOO_SLF.jpg,https://www.miumiu.com/content/dam/miumiubkg_products/M/MPW/MPW014/19MMF0002/MPW014_19MM_F0002_S_OOO_SLF.jpg,https://www.miumiu.com/us/en/p/leather-jacket/MPW014_19MM_F0002_S_OOO,https://www.miumiu.com/content/dam/miumiubkg_products/M/MPW/MPW014/19MMF0002/MPW014_19MM_F0002_S_OOO_SLF.jpg,downloaded,data\luxury-image-library\images\Miu Miu\Outerwear\SKU0402_113678277a42.jpg,113678277a42af00009406a68faa6680dddfc8c7d498a37d0d35e229939f030e,,,官方DAM主图直链,"[""https://www.miumiu.com/content/dam/miumiubkg_products/M/MPW/MPW014/19MMF0002/MPW014_19MM_F0002_S_OOO_SLF.jpg""]"
SKU0403,Miu Miu,Outerwear,Waxed suede jacket,MPW011_19ML_F0042_S_OOO,https://www.miumiu.com/content/dam/miumiubkg_products/M/MPW/MPW011/19MLF0042/MPW011_19ML_F0042_S_OOO_SLF.jpg,https://www.miumiu.com/content/dam/miumiubkg_products/M/MPW/MPW011/19MLF0042/MPW011_19ML_F0042_S_OOO_SLF.jpg,https://www.miumiu.com/us/en/p/waxed-suede-jacket/MPW011_19ML_F0042_S_OOO,https://www.miumiu.com/content/dam/miumiubkg_products/M/MPW/MPW011/19MLF0042/MPW011_19ML_F0042_S_OOO_SLF.jpg,downloaded,data\luxury-image-library\images\Miu Miu\Outerwear\SKU0403_d93c8ec9ffcc.jpg,d93c8ec9ffccc7164c67cfc857ef07b8d9814dd31d7f7c339025f0fedc8cbce2,,,官方DAM主图直链,"[""https://www.miumiu.com/content/dam/miumiubkg_products/M/MPW/MPW011/19MLF0042/MPW011_19ML_F0042_S_OOO_SLF.jpg""]"
SKU0404,Miu Miu,Outerwear,Waxed suede jacket,MPW012_19ML_F0042_S_OOO,https://www.miumiu.com/content/dam/miumiubkg_products/M/MPW/MPW012/19MLF0042/MPW012_19ML_F0042_S_OOO_SLF.jpg,https://www.miumiu.com/content/dam/miumiubkg_products/M/MPW/MPW012/19MLF0042/MPW012_19ML_F0042_S_OOO_SLF.jpg,https://www.miumiu.com/us/en/p/waxed-suede-jacket/MPW012_19ML_F0042_S_OOO,https://www.miumiu.com/content/dam/miumiubkg_products/M/MPW/MPW012/19MLF0042/MPW012_19ML_F0042_S_OOO_SLF.jpg,downloaded,data\luxury-image-library\images\Miu Miu\Outerwear\SKU0404_6fbe0ca84435.jpg,6fbe0ca84435a4d70bf1dad8ce2b2e6b4d96d3e629dcb60d25f5e43b2b5340d0,,,官方DAM主图直链,"[""https://www.miumiu.com/content/dam/miumiubkg_products/M/MPW/MPW012/19MLF0042/MPW012_19ML_F0042_S_OOO_SLF.jpg""]"
SKU0405,Miu Miu,Outerwear,Waxed suede blouson jacket,MPW007_104R_F0151_S_OOO,https://www.miumiu.com/content/dam/miumiubkg_products/M/MPW/MPW007/104RF0151/MPW007_104R_F0151_S_OOO_SLF.jpg,https://www.miumiu.com/content/dam/miumiubkg_products/M/MPW/MPW007/104RF0151/MPW007_104R_F0151_S_OOO_SLF.jpg,https://www.miumiu.com/us/en/p/waxed-suede-blouson-jacket/MPW007_104R_F0151_S_OOO,https://www.miumiu.com/content/dam/miumiubkg_products/M/MPW/MPW007/104RF0151/MPW007_104R_F0151_S_OOO_SLF.jpg,downloaded,data\luxury-image-library\images\Miu Miu\Outerwear\SKU0405_f65f73c70ae4.jpg,f65f73c70ae49cb2d7df81abdb5c2a11fa0e9c7f17f2fed1a898d27f3345045f,,,官方DAM主图直链,"[""https://www.miumiu.com/content/dam/miumiubkg_products/M/MPW/MPW007/104RF0151/MPW007_104R_F0151_S_OOO_SLF.jpg""]"
SKU0406,Miu Miu,Outerwear,Single-breasted garment-dyed gabardine and leather jacket,MH2053_19R2_F0422_S_OOO,https://www.miumiu.com/content/dam/miumiubkg_products/M/MH2/MH2053/19R2F0422/MH2053_19R2_F0422_S_OOO_SLF.jpg,https://www.miumiu.com/content/dam/miumiubkg_products/M/MH2/MH2053/19R2F0422/MH2053_19R2_F0422_S_OOO_SLF.jpg,https://www.miumiu.com/us/en/p/single-breasted-garment-dyed-gabardine-and-leather-jacket/MH2053_19R2_F0422_S_OOO,https://www.miumiu.com/content/dam/miumiubkg_products/M/MH2/MH2053/19R2F0422/MH2053_19R2_F0422_S_OOO_SLF.jpg,downloaded,data\luxury-image-library\images\Miu Miu\Outerwear\SKU0406_54fe8d06112d.jpg,54fe8d06112dde2a87adcab6b6301c132f462c71995d738d79d6c0dca135854c,,,官方DAM主图直链,"[""https://www.miumiu.com/content/dam/miumiubkg_products/M/MH2/MH2053/19R2F0422/MH2053_19R2_F0422_S_OOO_SLF.jpg""]"
SKU0407,Miu Miu,Outerwear,Single-breasted garment-dyed gabardine and leather jacket,MH2053_19R2_F063H_S_OOO,https://www.miumiu.com/content/dam/miumiubkg_products/M/MH2/MH2053/19R2F063H/MH2053_19R2_F063H_S_OOO_SLF.jpg,https://www.miumiu.com/content/dam/miumiubkg_products/M/MH2/MH2053/19R2F063H/MH2053_19R2_F063H_S_OOO_SLF.jpg,https://www.miumiu.com/us/en/p/single-breasted-garment-dyed-gabardine-and-leather-jacket/MH2053_19R2_F063H_S_OOO,https://www.miumiu.com/content/dam/miumiubkg_products/M/MH2/MH2053/19R2F063H/MH2053_19R2_F063H_S_OOO_SLF.jpg,downloaded,data\luxury-image-library\images\Miu Miu\Outerwear\SKU0407_6e3bad87ba4a.jpg,6e3bad87ba4a02a656a5438ed256597d5c63348a276a716bce94e04c8a9c1df9,,,官方DAM主图直链,"[""https://www.miumiu.com/content/dam/miumiubkg_products/M/MH2/MH2053/19R2F063H/MH2053_19R2_F063H_S_OOO_SLF.jpg""]"
SKU0408,Miu Miu,Outerwear,Old gabardine single-breasted coat,MS2141_19EK_F0241_S_OOO,https://www.miumiu.com/content/dam/miumiubkg_products/M/MS2/MS2141/19EKF0241/MS2141_19EK_F0241_S_OOO_SLF.jpg,https://www.miumiu.com/content/dam/miumiubkg_products/M/MS2/MS2141/19EKF0241/MS2141_19EK_F0241_S_OOO_SLF.jpg,https://www.miumiu.com/us/en/p/old-gabardine-single-breasted-coat/MS2141_19EK_F0241_S_OOO,https://www.miumiu.com/content/dam/miumiubkg_products/M/MS2/MS2141/19EKF0241/MS2141_19EK_F0241_S_OOO_SLF.jpg,downloaded,data\luxury-image-library\images\Miu Miu\Outerwear\SKU0408_e58067892f94.jpg,e58067892f94e793432e80518105df68b28790633bdf5c677c14f48de6acea4b,,,官方DAM主图直链,"[""https://www.miumiu.com/content/dam/miumiubkg_products/M/MS2/MS2141/19EKF0241/MS2141_19EK_F0241_S_OOO_SLF.jpg""]"
SKU0409,Miu Miu,Outerwear,Technical fabric coat,MS2140_13MF_F0008_S_OOO,https://www.miumiu.com/content/dam/miumiubkg_products/M/MS2/MS2140/13MFF0008/MS2140_13MF_F0008_S_OOO_SLF.jpg,https://www.miumiu.com/content/dam/miumiubkg_products/M/MS2/MS2140/13MFF0008/MS2140_13MF_F0008_S_OOO_SLF.jpg,https://www.miumiu.com/us/en/p/technical-fabric-coat/MS2140_13MF_F0008_S_OOO,https://www.miumiu.com/content/dam/miumiubkg_products/M/MS2/MS2140/13MFF0008/MS2140_13MF_F0008_S_OOO_SLF.jpg,downloaded,data\luxury-image-library\images\Miu Miu\Outerwear\SKU0409_d207a1b90d70.jpg,d207a1b90d703519ef6d8fa735fe52860948cd38fbce4d98ee3c5ae467ad7414,,,官方DAM主图直链,"[""https://www.miumiu.com/content/dam/miumiubkg_products/M/MS2/MS2140/13MFF0008/MS2140_13MF_F0008_S_OOO_SLF.jpg""]"
SKU0410,Miu Miu,Outerwear,Single-breasted kid mohair and leather coat,MS2156_19KJ_F0308_S_OOO,https://www.miumiu.com/content/dam/miumiubkg_products/M/MS2/MS2156/19KJF0308/MS2156_19KJ_F0308_S_OOO_SLF.jpg,https://www.miumiu.com/content/dam/miumiubkg_products/M/MS2/MS2156/19KJF0308/MS2156_19KJ_F0308_S_OOO_SLF.jpg,https://www.miumiu.com/us/en/p/single-breasted-kid-mohair-and-leather-coat/MS2156_19KJ_F0308_S_OOO,https://www.miumiu.com/content/dam/miumiubkg_products/M/MS2/MS2156/19KJF0308/MS2156_19KJ_F0308_S_OOO_SLF.jpg,downloaded,data\luxury-image-library\images\Miu Miu\Outerwear\SKU0410_53e49a51f6bf.jpg,53e49a51f6bfd6fa05c37401d5b06595f8c62e4e058065d28c96d47fa9732aad,,,官方DAM主图直链,"[""https://www.miumiu.com/content/dam/miumiubkg_products/M/MS2/MS2156/19KJF0308/MS2156_19KJ_F0308_S_OOO_SLF.jpg""]"
SKU0411,Miu Miu,Outerwear,Single-breasted gabardine coat,MS2142_16E8_F0308_S_OOO,https://www.miumiu.com/content/dam/miumiubkg_products/M/MS2/MS2142/16E8F0308/MS2142_16E8_F0308_S_OOO_SLF.jpg,https://www.miumiu.com/content/dam/miumiubkg_products/M/MS2/MS2142/16E8F0308/MS2142_16E8_F0308_S_OOO_SLF.jpg,https://www.miumiu.com/us/en/p/single-breasted-gabardine-coat/MS2142_16E8_F0308_S_OOO,https://www.miumiu.com/content/dam/miumiubkg_products/M/MS2/MS2142/16E8F0308/MS2142_16E8_F0308_S_OOO_SLF.jpg,downloaded,data\luxury-image-library\images\Miu Miu\Outerwear\SKU0411_6a5e55650ed0.jpg,6a5e55650ed037b47413dc7afdb2a801c469cafa1a59242a340d56a2b14a3bce,,,官方DAM主图直链,"[""https://www.miumiu.com/content/dam/miumiubkg_products/M/MS2/MS2142/16E8F0308/MS2142_16E8_F0308_S_OOO_SLF.jpg""]"
SKU0412,Miu Miu,Outerwear,Single-breasted poplin coat,MS2143_1BMS_F0V41_S_OOO,https://www.miumiu.com/content/dam/miumiubkg_products/M/MS2/MS2143/1BMSF0V41/MS2143_1BMS_F0V41_S_OOO_SLF.jpg,https://www.miumiu.com/content/dam/miumiubkg_products/M/MS2/MS2143/1BMSF0V41/MS2143_1BMS_F0V41_S_OOO_SLF.jpg,https://www.miumiu.com/us/en/p/single-breasted-poplin-coat/MS2143_1BMS_F0V41_S_OOO,https://www.miumiu.com/content/dam/miumiubkg_products/M/MS2/MS2143/1BMSF0V41/MS2143_1BMS_F0V41_S_OOO_SLF.jpg,downloaded,data\luxury-image-library\images\Miu Miu\Outerwear\SKU0412_584b89186dc5.jpg,584b89186dc5a23e36b8ab21f8a623117f58432b7a51a87638b25d778e63264b,,,官方DAM主图直链,"[""https://www.miumiu.com/content/dam/miumiubkg_products/M/MS2/MS2143/1BMSF0V41/MS2143_1BMS_F0V41_S_OOO_SLF.jpg""]"
SKU0413,Miu Miu,Outerwear,Single-breasted pinstriped jacquard jacket,MH1974_19EJ_F0008_S_OOO,https://www.miumiu.com/content/dam/miumiubkg_products/M/MH1/MH1974/19EJF0008/MH1974_19EJ_F0008_S_OOO_SLF.jpg,https://www.miumiu.com/content/dam/miumiubkg_products/M/MH1/MH1974/19EJF0008/MH1974_19EJ_F0008_S_OOO_SLF.jpg,https://www.miumiu.com/us/en/p/single-breasted-pinstriped-jacquard-jacket/MH1974_19EJ_F0008_S_OOO,https://www.miumiu.com/content/dam/miumiubkg_products/M/MH1/MH1974/19EJF0008/MH1974_19EJ_F0008_S_OOO_SLF.jpg,downloaded,data\luxury-image-library\images\Miu Miu\Outerwear\SKU0413_24e0791472e9.jpg,24e0791472e9a193d66a8ff1910e76dba832b0dceaed0d8fef0baea6d4a04093,,,官方DAM主图直链,"[""https://www.miumiu.com/content/dam/miumiubkg_products/M/MH1/MH1974/19EJF0008/MH1974_19EJ_F0008_S_OOO_SLF.jpg""]"
SKU0414,Miu Miu,Outerwear,Chino vest,ML1187_1UPX_F0D57_S_BA1,https://www.miumiu.com/content/dam/miumiubkg_products/M/ML1/ML1187/1UPXF0D57/ML1187_1UPX_F0D57_S_BA1_SLF.jpg,https://www.miumiu.com/content/dam/miumiubkg_products/M/ML1/ML1187/1UPXF0D57/ML1187_1UPX_F0D57_S_BA1_SLF.jpg,https://www.miumiu.com/us/en/p/chino-vest/ML1187_1UPX_F0D57_S_BA1,https://www.miumiu.com/content/dam/miumiubkg_products/M/ML1/ML1187/1UPXF0D57/ML1187_1UPX_F0D57_S_BA1_SLF.jpg,downloaded,data\luxury-image-library\images\Miu Miu\Outerwear\SKU0414_438305f42704.jpg,438305f427045985935333f11315b16d5f8c7a93ccac3c3ce895cd04bd346a67,,,官方DAM主图直链,"[""https://www.miumiu.com/content/dam/miumiubkg_products/M/ML1/ML1187/1UPXF0D57/ML1187_1UPX_F0D57_S_BA1_SLF.jpg""]"
SKU0415,Miu Miu,Denim,Denim blouson jacket,GWB273_183T_F0009_S_OOO,https://www.miumiu.com/content/dam/miumiubkg_products/G/GWB/GWB273/183TF0009/GWB273_183T_F0009_S_OOO_SLF.jpg,https://www.miumiu.com/content/dam/miumiubkg_products/G/GWB/GWB273/183TF0009/GWB273_183T_F0009_S_OOO_SLF.jpg,https://www.miumiu.com/us/en/p/denim-blouson-jacket/GWB273_183T_F0009_S_OOO,https://www.miumiu.com/content/dam/miumiubkg_products/G/GWB/GWB273/183TF0009/GWB273_183T_F0009_S_OOO_SLF.jpg,downloaded,data\luxury-image-library\images\Miu Miu\Denim\SKU0415_bbab4d0f80c5.jpg,bbab4d0f80c5bd86b180a243927c480217711991fb1a9e6be0cabbc200d9db87,,,官方DAM主图直链,"[""https://www.miumiu.com/content/dam/miumiubkg_products/G/GWB/GWB273/183TF0009/GWB273_183T_F0009_S_OOO_SLF.jpg""]"
SKU0416,Miu Miu,Denim,Denim blouson jacket,GWB298_1820_F0009_S_OOO,https://www.miumiu.com/content/dam/miumiubkg_products/G/GWB/GWB298/1820F0009/GWB298_1820_F0009_S_OOO_SLF.jpg,https://www.miumiu.com/content/dam/miumiubkg_products/G/GWB/GWB298/1820F0009/GWB298_1820_F0009_S_OOO_SLF.jpg,https://www.miumiu.com/us/en/p/denim-blouson-jacket/GWB298_1820_F0009_S_OOO,https://www.miumiu.com/content/dam/miumiubkg_products/G/GWB/GWB298/1820F0009/GWB298_1820_F0009_S_OOO_SLF.jpg,downloaded,data\luxury-image-library\images\Miu Miu\Denim\SKU0416_e28c7c155270.jpg,e28c7c155270c955de28c7489d5cd6868530d9e9aa30d44cae47a985c9bc9a86,,,官方DAM主图直链,"[""https://www.miumiu.com/content/dam/miumiubkg_products/G/GWB/GWB298/1820F0009/GWB298_1820_F0009_S_OOO_SLF.jpg""]"
SKU0417,Miu Miu,Outerwear,Waxed suede leather blouson jacket,MPV948_104R_F0134_S_OOO,https://www.miumiu.com/content/dam/miumiubkg_products/M/MPV/MPV948/104RF0134/MPV948_104R_F0134_S_OOO_SLF.jpg,https://www.miumiu.com/content/dam/miumiubkg_products/M/MPV/MPV948/104RF0134/MPV948_104R_F0134_S_OOO_SLF.jpg,https://www.miumiu.com/us/en/p/waxed-suede-leather-blouson-jacket/MPV948_104R_F0134_S_OOO,https://www.miumiu.com/content/dam/miumiubkg_products/M/MPV/MPV948/104RF0134/MPV948_104R_F0134_S_OOO_SLF.jpg,downloaded,data\luxury-image-library\images\Miu Miu\Outerwear\SKU0417_b93eaf82f421.jpg,b93eaf82f421c718e324a30c5518db3c8072d40d72b9dce408d4a5c23bb5cc88,,,官方DAM主图直链,"[""https://www.miumiu.com/content/dam/miumiubkg_products/M/MPV/MPV948/104RF0134/MPV948_104R_F0134_S_OOO_SLF.jpg""]"
SKU0418,Miu Miu,Pants,Garment-dyed gabardine pants,MP1970_19JY_F063H_S_OOO,https://www.miumiu.com/content/dam/miumiubkg_products/M/MP1/MP1970/19JYF063H/MP1970_19JY_F063H_S_OOO_SLF.jpg,https://www.miumiu.com/content/dam/miumiubkg_products/M/MP1/MP1970/19JYF063H/MP1970_19JY_F063H_S_OOO_SLF.jpg,https://www.miumiu.com/us/en/p/garment-dyed-gabardine-pants/MP1970_19JY_F063H_S_OOO,https://www.miumiu.com/content/dam/miumiubkg_products/M/MP1/MP1970/19JYF063H/MP1970_19JY_F063H_S_OOO_SLF.jpg,downloaded,data\luxury-image-library\images\Miu Miu\Pants\SKU0418_28e952db8194.jpg,28e952db8194c91c960018bc64ab6e0b741726d1f00de16d161618652044ffab,,,官方DAM主图直链,"[""https://www.miumiu.com/content/dam/miumiubkg_products/M/MP1/MP1970/19JYF063H/MP1970_19JY_F063H_S_OOO_SLF.jpg""]"
SKU0419,Miu Miu,Pants,Garment-dyed gabardine pants,MP1970_19JY_F0021_S_OOO,https://www.miumiu.com/content/dam/miumiubkg_products/M/MP1/MP1970/19JYF0021/MP1970_19JY_F0021_S_OOO_SLF.jpg,https://www.miumiu.com/content/dam/miumiubkg_products/M/MP1/MP1970/19JYF0021/MP1970_19JY_F0021_S_OOO_SLF.jpg,https://www.miumiu.com/us/en/p/garment-dyed-gabardine-pants/MP1970_19JY_F0021_S_OOO,https://www.miumiu.com/content/dam/miumiubkg_products/M/MP1/MP1970/19JYF0021/MP1970_19JY_F0021_S_OOO_SLF.jpg,downloaded,data\luxury-image-library\images\Miu Miu\Pants\SKU0419_7bb05ccb4ffd.jpg,7bb05ccb4ffd97c5bc517427eb3054434932ce42fe44f12367418e7c9c0e2dbe,,,官方DAM主图直链,"[""https://www.miumiu.com/content/dam/miumiubkg_products/M/MP1/MP1970/19JYF0021/MP1970_19JY_F0021_S_OOO_SLF.jpg""]"
SKU0420,Miu Miu,Shorts,Washed twill shorts,MP1972_19CT_F05CH_S_OOO,https://www.miumiu.com/content/dam/miumiubkg_products/M/MP1/MP1972/19CTF05CH/MP1972_19CT_F05CH_S_OOO_SLF.jpg,https://www.miumiu.com/content/dam/miumiubkg_products/M/MP1/MP1972/19CTF05CH/MP1972_19CT_F05CH_S_OOO_SLF.jpg,https://www.miumiu.com/us/en/p/washed-twill-shorts/MP1972_19CT_F05CH_S_OOO,https://www.miumiu.com/content/dam/miumiubkg_products/M/MP1/MP1972/19CTF05CH/MP1972_19CT_F05CH_S_OOO_SLF.jpg,downloaded,data\luxury-image-library\images\Miu Miu\Shorts\SKU0420_485cf15cdfb9.jpg,485cf15cdfb9655e6c89c6454c4144aadfc880d6eee328e01a0d36644cbe3453,,,官方DAM主图直链,"[""https://www.miumiu.com/content/dam/miumiubkg_products/M/MP1/MP1972/19CTF05CH/MP1972_19CT_F05CH_S_OOO_SLF.jpg""]"
SKU0421,Miu Miu,Shorts,Technical fabric shorts,MP1809_121I_F0399_S_OOO,https://www.miumiu.com/content/dam/miumiubkg_products/M/MP1/MP1809/121IF0399/MP1809_121I_F0399_S_OOO_SLF.jpg,https://www.miumiu.com/content/dam/miumiubkg_products/M/MP1/MP1809/121IF0399/MP1809_121I_F0399_S_OOO_SLF.jpg,https://www.miumiu.com/us/en/p/technical-fabric-shorts/MP1809_121I_F0399_S_OOO,https://www.miumiu.com/content/dam/miumiubkg_products/M/MP1/MP1809/121IF0399/MP1809_121I_F0399_S_OOO_SLF.jpg,downloaded,data\luxury-image-library\images\Miu Miu\Shorts\SKU0421_db7807a5dbf1.jpg,db7807a5dbf12306c5323b38cd87999dc109b513179ea1c1108086fe00521da3,,,官方DAM主图直链,"[""https://www.miumiu.com/content/dam/miumiubkg_products/M/MP1/MP1809/121IF0399/MP1809_121I_F0399_S_OOO_SLF.jpg""]"
SKU0422,Miu Miu,Shorts,Old gabardine bermudas,MP1988_19EK_F0241_S_OOO,https://www.miumiu.com/content/dam/miumiubkg_products/M/MP1/MP1988/19EKF0241/MP1988_19EK_F0241_S_OOO_SLF.jpg,https://www.miumiu.com/content/dam/miumiubkg_products/M/MP1/MP1988/19EKF0241/MP1988_19EK_F0241_S_OOO_SLF.jpg,https://www.miumiu.com/us/en/p/old-gabardine-bermudas/MP1988_19EK_F0241_S_OOO,https://www.miumiu.com/content/dam/miumiubkg_products/M/MP1/MP1988/19EKF0241/MP1988_19EK_F0241_S_OOO_SLF.jpg,downloaded,data\luxury-image-library\images\Miu Miu\Shorts\SKU0422_de7c369305f3.jpg,de7c369305f309d711368f91c1bce7cce856a46adc1fe2399a874999ed272d58,,,官方DAM主图直链,"[""https://www.miumiu.com/content/dam/miumiubkg_products/M/MP1/MP1988/19EKF0241/MP1988_19EK_F0241_S_OOO_SLF.jpg""]"
SKU0423,Miu Miu,Shorts,Ripstop bermudas,MP1973_19CU_F0065_S_OOO,https://www.miumiu.com/content/dam/miumiubkg_products/M/MP1/MP1973/19CUF0065/MP1973_19CU_F0065_S_OOO_SLF.jpg,https://www.miumiu.com/content/dam/miumiubkg_products/M/MP1/MP1973/19CUF0065/MP1973_19CU_F0065_S_OOO_SLF.jpg,https://www.miumiu.com/us/en/p/ripstop-bermudas/MP1973_19CU_F0065_S_OOO,https://www.miumiu.com/content/dam/miumiubkg_products/M/MP1/MP1973/19CUF0065/MP1973_19CU_F0065_S_OOO_SLF.jpg,downloaded,data\luxury-image-library\images\Miu Miu\Shorts\SKU0423_4633f52ee89e.jpg,4633f52ee89e1823f7aa005e3347a788fb0385e19944c7c368c2d2896b5da28c,,,官方DAM主图直链,"[""https://www.miumiu.com/content/dam/miumiubkg_products/M/MP1/MP1973/19CUF0065/MP1973_19CU_F0065_S_OOO_SLF.jpg""]"
SKU0424,Miu Miu,Pants,Old gabardine pants,MP1956_19EK_F0006_S_OOO,https://www.miumiu.com/content/dam/miumiubkg_products/M/MP1/MP1956/19EKF0006/MP1956_19EK_F0006_S_OOO_SLF.jpg,https://www.miumiu.com/content/dam/miumiubkg_products/M/MP1/MP1956/19EKF0006/MP1956_19EK_F0006_S_OOO_SLF.jpg,https://www.miumiu.com/us/en/p/old-gabardine-pants/MP1956_19EK_F0006_S_OOO,https://www.miumiu.com/content/dam/miumiubkg_products/M/MP1/MP1956/19EKF0006/MP1956_19EK_F0006_S_OOO_SLF.jpg,downloaded,data\luxury-image-library\images\Miu Miu\Pants\SKU0424_51bbbc3ca5da.jpg,51bbbc3ca5da6722ee2164deaa50b68d995b4384d598cdda46410ed34f54bf90,,,官方DAM主图直链,"[""https://www.miumiu.com/content/dam/miumiubkg_products/M/MP1/MP1956/19EKF0006/MP1956_19EK_F0006_S_OOO_SLF.jpg""]"
SKU0425,Miu Miu,Pants,Technical jersey pants,MP1955_14OA_F0124_S_OOO,https://www.miumiu.com/content/dam/miumiubkg_products/M/MP1/MP1955/14OAF0124/MP1955_14OA_F0124_S_OOO_SLF.jpg,https://www.miumiu.com/content/dam/miumiubkg_products/M/MP1/MP1955/14OAF0124/MP1955_14OA_F0124_S_OOO_SLF.jpg,https://www.miumiu.com/us/en/p/technical-jersey-pants/MP1955_14OA_F0124_S_OOO,https://www.miumiu.com/content/dam/miumiubkg_products/M/MP1/MP1955/14OAF0124/MP1955_14OA_F0124_S_OOO_SLF.jpg,downloaded,data\luxury-image-library\images\Miu Miu\Pants\SKU0425_b4089d3d9c9a.jpg,b4089d3d9c9af7960a3be83633ae5058196b3e29a5d33b0b241f725061948aa2,,,官方DAM主图直链,"[""https://www.miumiu.com/content/dam/miumiubkg_products/M/MP1/MP1955/14OAF0124/MP1955_14OA_F0124_S_OOO_SLF.jpg""]"
SKU0426,Miu Miu,Pants,Washed twill joggers,MP1975_19CT_F05CH_S_OOO,https://www.miumiu.com/content/dam/miumiubkg_products/M/MP1/MP1975/19CTF05CH/MP1975_19CT_F05CH_S_OOO_SLF.jpg,https://www.miumiu.com/content/dam/miumiubkg_products/M/MP1/MP1975/19CTF05CH/MP1975_19CT_F05CH_S_OOO_SLF.jpg,https://www.miumiu.com/us/en/p/washed-twill-joggers/MP1975_19CT_F05CH_S_OOO,https://www.miumiu.com/content/dam/miumiubkg_products/M/MP1/MP1975/19CTF05CH/MP1975_19CT_F05CH_S_OOO_SLF.jpg,downloaded,data\luxury-image-library\images\Miu Miu\Pants\SKU0426_0e1864d9e223.jpg,0e1864d9e2237499b6aedfad3563bbf6eed2cef95937eb41491235f7f7103d31,,,官方DAM主图直链,"[""https://www.miumiu.com/content/dam/miumiubkg_products/M/MP1/MP1975/19CTF05CH/MP1975_19CT_F05CH_S_OOO_SLF.jpg""]"
SKU0427,Miu Miu,Pants,Pinstriped pants,MP1962_19EJ_F0008_S_OOO,https://www.miumiu.com/content/dam/miumiubkg_products/M/MP1/MP1962/19EJF0008/MP1962_19EJ_F0008_S_OOO_SLF.jpg,https://www.miumiu.com/content/dam/miumiubkg_products/M/MP1/MP1962/19EJF0008/MP1962_19EJ_F0008_S_OOO_SLF.jpg,https://www.miumiu.com/us/en/p/pinstriped-pants/MP1962_19EJ_F0008_S_OOO,https://www.miumiu.com/content/dam/miumiubkg_products/M/MP1/MP1962/19EJF0008/MP1962_19EJ_F0008_S_OOO_SLF.jpg,downloaded,data\luxury-image-library\images\Miu Miu\Pants\SKU0427_9aa9bf602523.jpg,9aa9bf602523f57c8469f0680c61fc5f1226ac9fa930fdce7edda94993125c21,,,官方DAM主图直链,"[""https://www.miumiu.com/content/dam/miumiubkg_products/M/MP1/MP1962/19EJF0008/MP1962_19EJ_F0008_S_OOO_SLF.jpg""]"
SKU0428,Miu Miu,Shorts,Nappa leather shorts,MPP410_19BX_F0134_S_OOO,https://www.miumiu.com/content/dam/miumiubkg_products/M/MPP/MPP410/19BXF0134/MPP410_19BX_F0134_S_OOO_SLF.jpg,https://www.miumiu.com/content/dam/miumiubkg_products/M/MPP/MPP410/19BXF0134/MPP410_19BX_F0134_S_OOO_SLF.jpg,https://www.miumiu.com/us/en/p/nappa-leather-shorts/MPP410_19BX_F0134_S_OOO,https://www.miumiu.com/content/dam/miumiubkg_products/M/MPP/MPP410/19BXF0134/MPP410_19BX_F0134_S_OOO_SLF.jpg,downloaded,data\luxury-image-library\images\Miu Miu\Shorts\SKU0428_c3b43c4d10a2.jpg,c3b43c4d10a21214141d6eb9c525031812658064585484149d507f108997747b,,,官方DAM主图直链,"[""https://www.miumiu.com/content/dam/miumiubkg_products/M/MPP/MPP410/19BXF0134/MPP410_19BX_F0134_S_OOO_SLF.jpg""]"
SKU0429,Miu Miu,Pants,Leather pants,MPP411_19E6_F0003_S_OOO,https://www.miumiu.com/content/dam/miumiubkg_products/M/MPP/MPP411/19E6F0003/MPP411_19E6_F0003_S_OOO_SLF.jpg,https://www.miumiu.com/content/dam/miumiubkg_products/M/MPP/MPP411/19E6F0003/MPP411_19E6_F0003_S_OOO_SLF.jpg,https://www.miumiu.com/us/en/p/leather-pants/MPP411_19E6_F0003_S_OOO,https://www.miumiu.com/content/dam/miumiubkg_products/M/MPP/MPP411/19E6F0003/MPP411_19E6_F0003_S_OOO_SLF.jpg,downloaded,data\luxury-image-library\images\Miu Miu\Pants\SKU0429_7050ad27dfd3.jpg,7050ad27dfd36f3bde752be7540d40f098f64fdb22d64fd871a6cac4c52082d2,,,官方DAM主图直链,"[""https://www.miumiu.com/content/dam/miumiubkg_products/M/MPP/MPP411/19E6F0003/MPP411_19E6_F0003_S_OOO_SLF.jpg""]"
SKU0430,Miu Miu,Pants,Striped poplin pajama pants,MP1829_180U_F0061_S_OOO,https://www.miumiu.com/content/dam/miumiubkg_products/M/MP1/MP1829/180UF0061/MP1829_180U_F0061_S_OOO_SLF.jpg,https://www.miumiu.com/content/dam/miumiubkg_products/M/MP1/MP1829/180UF0061/MP1829_180U_F0061_S_OOO_SLF.jpg,https://www.miumiu.com/us/en/p/striped-poplin-pajama-pants/MP1829_180U_F0061_S_OOO,https://www.miumiu.com/content/dam/miumiubkg_products/M/MP1/MP1829/180UF0061/MP1829_180U_F0061_S_OOO_SLF.jpg,downloaded,data\luxury-image-library\images\Miu Miu\Pants\SKU0430_aa17e88630dc.jpg,aa17e88630dc8353a0c2b927fd02e422a69b4f26722f27bac8abb531a11ce45b,,,官方DAM主图直链,"[""https://www.miumiu.com/content/dam/miumiubkg_products/M/MP1/MP1829/180UF0061/MP1829_180U_F0061_S_OOO_SLF.jpg""]"
SKU0431,Miu Miu,Pants,Corduroy pants,MP1950_18SZ_F0008_S_OOO,https://www.miumiu.com/content/dam/miumiubkg_products/M/MP1/MP1950/18SZF0008/MP1950_18SZ_F0008_S_OOO_SLF.jpg,https://www.miumiu.com/content/dam/miumiubkg_products/M/MP1/MP1950/18SZF0008/MP1950_18SZ_F0008_S_OOO_SLF.jpg,https://www.miumiu.com/us/en/p/corduroy-pants/MP1950_18SZ_F0008_S_OOO,https://www.miumiu.com/content/dam/miumiubkg_products/M/MP1/MP1950/18SZF0008/MP1950_18SZ_F0008_S_OOO_SLF.jpg,downloaded,data\luxury-image-library\images\Miu Miu\Pants\SKU0431_75dd4416c074.jpg,75dd4416c074ee904f29f556bb1be285ca1253eb4cf506059a06e98d2a966476,,,官方DAM主图直链,"[""https://www.miumiu.com/content/dam/miumiubkg_products/M/MP1/MP1950/18SZF0008/MP1950_18SZ_F0008_S_OOO_SLF.jpg""]"
SKU0432,Miu Miu,Pants,Corduroy pants,MP1950_18SZ_F0324_S_OOO,https://www.miumiu.com/content/dam/miumiubkg_products/M/MP1/MP1950/18SZF0324/MP1950_18SZ_F0324_S_OOO_SLF.jpg,https://www.miumiu.com/content/dam/miumiubkg_products/M/MP1/MP1950/18SZF0324/MP1950_18SZ_F0324_S_OOO_SLF.jpg,https://www.miumiu.com/us/en/p/corduroy-pants/MP1950_18SZ_F0324_S_OOO,https://www.miumiu.com/content/dam/miumiubkg_products/M/MP1/MP1950/18SZF0324/MP1950_18SZ_F0324_S_OOO_SLF.jpg,downloaded,data\luxury-image-library\images\Miu Miu\Pants\SKU0432_63d46a5c682c.jpg,63d46a5c682c23c648853c7bc24617d24d136e4a296fc664e6ad19bf766881dc,,,官方DAM主图直链,"[""https://www.miumiu.com/content/dam/miumiubkg_products/M/MP1/MP1950/18SZF0324/MP1950_18SZ_F0324_S_OOO_SLF.jpg""]"
SKU0433,Miu Miu,Pants,Cover fabric trousers,MP1942_180R_F0480_S_OOO,https://www.miumiu.com/content/dam/miumiubkg_products/M/MP1/MP1942/180RF0480/MP1942_180R_F0480_S_OOO_SLF.jpg,https://www.miumiu.com/content/dam/miumiubkg_products/M/MP1/MP1942/180RF0480/MP1942_180R_F0480_S_OOO_SLF.jpg,https://www.miumiu.com/us/en/p/cover-fabric-trousers/MP1942_180R_F0480_S_OOO,https://www.miumiu.com/content/dam/miumiubkg_products/M/MP1/MP1942/180RF0480/MP1942_180R_F0480_S_OOO_SLF.jpg,downloaded,data\luxury-image-library\images\Miu Miu\Pants\SKU0433_45e81fc568ae.jpg,45e81fc568ae6ee847e8faef3a94261dbd0ce47ad9018ff6f7be0383b16562a7,,,官方DAM主图直链,"[""https://www.miumiu.com/content/dam/miumiubkg_products/M/MP1/MP1942/180RF0480/MP1942_180R_F0480_S_OOO_SLF.jpg""]"
SKU0434,Miu Miu,Shorts,Corduroy shorts,MP1951_18SZ_F0065_S_OOO,https://www.miumiu.com/content/dam/miumiubkg_products/M/MP1/MP1951/18SZF0065/MP1951_18SZ_F0065_S_OOO_SLF.jpg,https://www.miumiu.com/content/dam/miumiubkg_products/M/MP1/MP1951/18SZF0065/MP1951_18SZ_F0065_S_OOO_SLF.jpg,https://www.miumiu.com/us/en/p/corduroy-shorts/MP1951_18SZ_F0065_S_OOO,https://www.miumiu.com/content/dam/miumiubkg_products/M/MP1/MP1951/18SZF0065/MP1951_18SZ_F0065_S_OOO_SLF.jpg,downloaded,data\luxury-image-library\images\Miu Miu\Shorts\SKU0434_8b6db56c32a3.jpg,8b6db56c32a374fddc369fec38fcb6a17115df2cd88a6e34dffa3d49f4cea845,,,官方DAM主图直链,"[""https://www.miumiu.com/content/dam/miumiubkg_products/M/MP1/MP1951/18SZF0065/MP1951_18SZ_F0065_S_OOO_SLF.jpg""]"
SKU0435,Miu Miu,Pants,Plaid pants,MP1816_174R_F0D3Z_S_OOO,https://www.miumiu.com/content/dam/miumiubkg_products/M/MP1/MP1816/174RF0D3Z/MP1816_174R_F0D3Z_S_OOO_SLF.jpg,https://www.miumiu.com/content/dam/miumiubkg_products/M/MP1/MP1816/174RF0D3Z/MP1816_174R_F0D3Z_S_OOO_SLF.jpg,https://www.miumiu.com/us/en/p/plaid-pants/MP1816_174R_F0D3Z_S_OOO,https://www.miumiu.com/content/dam/miumiubkg_products/M/MP1/MP1816/174RF0D3Z/MP1816_174R_F0D3Z_S_OOO_SLF.jpg,downloaded,data\luxury-image-library\images\Miu Miu\Pants\SKU0435_d1895957ed7d.jpg,d1895957ed7dcd3dfb080ef59a17831999787bd2c0fde43478da54922ab6afea,,,官方DAM主图直链,"[""https://www.miumiu.com/content/dam/miumiubkg_products/M/MP1/MP1816/174RF0D3Z/MP1816_174R_F0D3Z_S_OOO_SLF.jpg""]"
SKU0436,Miu Miu,Pants,Camel hair drawstring pants,MP1816_165_F0040_S_OOO,https://www.miumiu.com/content/dam/miumiubkg_products/M/MP1/MP1816/165F0040/MP1816_165_F0040_S_OOO_SLF.jpg,https://www.miumiu.com/content/dam/miumiubkg_products/M/MP1/MP1816/165F0040/MP1816_165_F0040_S_OOO_SLF.jpg,https://www.miumiu.com/us/en/p/camel-hair-drawstring-pants/MP1816_165_F0040_S_OOO,https://www.miumiu.com/content/dam/miumiubkg_products/M/MP1/MP1816/165F0040/MP1816_165_F0040_S_OOO_SLF.jpg,downloaded,data\luxury-image-library\images\Miu Miu\Pants\SKU0436_781ddf2d2d77.jpg,781ddf2d2d778fca4ba9beac29b32bd42307b2c61c7115e94725b4a163e13228,,,官方DAM主图直链,"[""https://www.miumiu.com/content/dam/miumiubkg_products/M/MP1/MP1816/165F0040/MP1816_165_F0040_S_OOO_SLF.jpg""]"
SKU0437,Miu Miu,Pants,Corduroy pants,MP1915_15PW_F0594_S_OOO,https://www.miumiu.com/content/dam/miumiubkg_products/M/MP1/MP1915/15PWF0594/MP1915_15PW_F0594_S_OOO_SLF.jpg,https://www.miumiu.com/content/dam/miumiubkg_products/M/MP1/MP1915/15PWF0594/MP1915_15PW_F0594_S_OOO_SLF.jpg,https://www.miumiu.com/us/en/p/corduroy-pants/MP1915_15PW_F0594_S_OOO,https://www.miumiu.com/content/dam/miumiubkg_products/M/MP1/MP1915/15PWF0594/MP1915_15PW_F0594_S_OOO_SLF.jpg,downloaded,data\luxury-image-library\images\Miu Miu\Pants\SKU0437_852f452bb443.jpg,852f452bb443074f322626f58b93aae2d046558c8a9894fff580ab53a804f38f,,,官方DAM主图直链,"[""https://www.miumiu.com/content/dam/miumiubkg_products/M/MP1/MP1915/15PWF0594/MP1915_15PW_F0594_S_OOO_SLF.jpg""]"
SKU0438,Miu Miu,Pants,Wool pants,MP1927_1XMY_F0008_S_OOO,https://www.miumiu.com/content/dam/miumiubkg_products/M/MP1/MP1927/1XMYF0008/MP1927_1XMY_F0008_S_OOO_SLF.jpg,https://www.miumiu.com/content/dam/miumiubkg_products/M/MP1/MP1927/1XMYF0008/MP1927_1XMY_F0008_S_OOO_SLF.jpg,https://www.miumiu.com/us/en/p/wool-pants/MP1927_1XMY_F0008_S_OOO,https://www.miumiu.com/content/dam/miumiubkg_products/M/MP1/MP1927/1XMYF0008/MP1927_1XMY_F0008_S_OOO_SLF.jpg,downloaded,data\luxury-image-library\images\Miu Miu\Pants\SKU0438_352dc2653df6.jpg,352dc2653df6497eef69fcd0c348078a60c2482f2afbdd9b5a44cec9311e8ec7,,,官方DAM主图直链,"[""https://www.miumiu.com/content/dam/miumiubkg_products/M/MP1/MP1927/1XMYF0008/MP1927_1XMY_F0008_S_OOO_SLF.jpg""]"
SKU0439,Miu Miu,Shorts,Pinstripe shorts,MP1924_174X_F0008_S_OOO,https://www.miumiu.com/content/dam/miumiubkg_products/M/MP1/MP1924/174XF0008/MP1924_174X_F0008_S_OOO_SLF.jpg,https://www.miumiu.com/content/dam/miumiubkg_products/M/MP1/MP1924/174XF0008/MP1924_174X_F0008_S_OOO_SLF.jpg,https://www.miumiu.com/us/en/p/pinstripe-shorts/MP1924_174X_F0008_S_OOO,https://www.miumiu.com/content/dam/miumiubkg_products/M/MP1/MP1924/174XF0008/MP1924_174X_F0008_S_OOO_SLF.jpg,downloaded,data\luxury-image-library\images\Miu Miu\Shorts\SKU0439_1db4fd5f1d06.jpg,1db4fd5f1d06af691328cbb9f8f4dbb131ef3f6c6ddecea3b208c264bd22114d,,,官方DAM主图直链,"[""https://www.miumiu.com/content/dam/miumiubkg_products/M/MP1/MP1924/174XF0008/MP1924_174X_F0008_S_OOO_SLF.jpg""]"
SKU0440,Miu Miu,Dress,Slubbed poplin and eyelet lace mini-dress,MF6417_196J_F0009_S_OOO,https://www.miumiu.com/content/dam/miumiubkg_products/M/MF6/MF6417/196JF0009/MF6417_196J_F0009_S_OOO_SLF.jpg,https://www.miumiu.com/content/dam/miumiubkg_products/M/MF6/MF6417/196JF0009/MF6417_196J_F0009_S_OOO_SLF.jpg,https://www.miumiu.com/us/en/p/slubbed-poplin-and-eyelet-lace-mini-dress/MF6417_196J_F0009_S_OOO,https://www.miumiu.com/content/dam/miumiubkg_products/M/MF6/MF6417/196JF0009/MF6417_196J_F0009_S_OOO_SLF.jpg,downloaded,data\luxury-image-library\images\Miu Miu\Dress\SKU0440_5944ffa9d8ee.jpg,5944ffa9d8eeaf02eda4989a0c4d84fd18b6658f298a058c35fc0b7dba8f2cb8,,,官方DAM主图直链,"[""https://www.miumiu.com/content/dam/miumiubkg_products/M/MF6/MF6417/196JF0009/MF6417_196J_F0009_S_OOO_SLF.jpg""]"
SKU0441,Miu Miu,Dress,Poplin midi-dress,MF6446_1KAC_F0009_S_OOO,https://www.miumiu.com/content/dam/miumiubkg_products/M/MF6/MF6446/1KACF0009/MF6446_1KAC_F0009_S_OOO_SLF.jpg,https://www.miumiu.com/content/dam/miumiubkg_products/M/MF6/MF6446/1KACF0009/MF6446_1KAC_F0009_S_OOO_SLF.jpg,https://www.miumiu.com/us/en/p/poplin-midi-dress/MF6446_1KAC_F0009_S_OOO,https://www.miumiu.com/content/dam/miumiubkg_products/M/MF6/MF6446/1KACF0009/MF6446_1KAC_F0009_S_OOO_SLF.jpg,downloaded,data\luxury-image-library\images\Miu Miu\Dress\SKU0441_59506cb390d5.jpg,59506cb390d554109ff57ea3b0d968eb48cc33c14dd5107608e5e6bc48c7e5ef,,,官方DAM主图直链,"[""https://www.miumiu.com/content/dam/miumiubkg_products/M/MF6/MF6446/1KACF0009/MF6446_1KAC_F0009_S_OOO_SLF.jpg""]"
SKU0442,Miu Miu,Dress,Vertical stripe poplin mini-dress,MF6445_195D_F098Z_S_OOO,https://www.miumiu.com/content/dam/miumiubkg_products/M/MF6/MF6445/195DF098Z/MF6445_195D_F098Z_S_OOO_SLF.jpg,https://www.miumiu.com/content/dam/miumiubkg_products/M/MF6/MF6445/195DF098Z/MF6445_195D_F098Z_S_OOO_SLF.jpg,https://www.miumiu.com/us/en/p/vertical-stripe-poplin-mini-dress/MF6445_195D_F098Z_S_OOO,https://www.miumiu.com/content/dam/miumiubkg_products/M/MF6/MF6445/195DF098Z/MF6445_195D_F098Z_S_OOO_SLF.jpg,downloaded,data\luxury-image-library\images\Miu Miu\Dress\SKU0442_8ee4a14a4eb8.jpg,8ee4a14a4eb8ff7a04f7c5b4cc7df137cba3af00f8f67fb1348bbaf0067b90d3,,,官方DAM主图直链,"[""https://www.miumiu.com/content/dam/miumiubkg_products/M/MF6/MF6445/195DF098Z/MF6445_195D_F098Z_S_OOO_SLF.jpg""]"
SKU0443,Miu Miu,Dress,Slubbed poplin dress,MF6425_163M_F0009_S_OOO,https://www.miumiu.com/content/dam/miumiubkg_products/M/MF6/MF6425/163MF0009/MF6425_163M_F0009_S_OOO_SLF.jpg,https://www.miumiu.com/content/dam/miumiubkg_products/M/MF6/MF6425/163MF0009/MF6425_163M_F0009_S_OOO_SLF.jpg,https://www.miumiu.com/us/en/p/slubbed-poplin-dress/MF6425_163M_F0009_S_OOO,https://www.miumiu.com/content/dam/miumiubkg_products/M/MF6/MF6425/163MF0009/MF6425_163M_F0009_S_OOO_SLF.jpg,downloaded,data\luxury-image-library\images\Miu Miu\Dress\SKU0443_75070127b779.jpg,75070127b779cb1aa55d95d2bcaa9e10d2365162f6b25b8d7fc305f214418987,,,官方DAM主图直链,"[""https://www.miumiu.com/content/dam/miumiubkg_products/M/MF6/MF6425/163MF0009/MF6425_163M_F0009_S_OOO_SLF.jpg""]"
SKU0444,Miu Miu,Dress,Slubbed poplin dress,MF6457_163M_F0009_S_OOO,https://www.miumiu.com/content/dam/miumiubkg_products/M/MF6/MF6457/163MF0009/MF6457_163M_F0009_S_OOO_SLF.jpg,https://www.miumiu.com/content/dam/miumiubkg_products/M/MF6/MF6457/163MF0009/MF6457_163M_F0009_S_OOO_SLF.jpg,https://www.miumiu.com/us/en/p/slubbed-poplin-dress/MF6457_163M_F0009_S_OOO,https://www.miumiu.com/content/dam/miumiubkg_products/M/MF6/MF6457/163MF0009/MF6457_163M_F0009_S_OOO_SLF.jpg,downloaded,data\luxury-image-library\images\Miu Miu\Dress\SKU0444_9524c5948cf9.jpg,9524c5948cf91bec657cb393bbeeec6748d5e2facdefb240f233dfd450e5ff94,,,官方DAM主图直链,"[""https://www.miumiu.com/content/dam/miumiubkg_products/M/MF6/MF6457/163MF0009/MF6457_163M_F0009_S_OOO_SLF.jpg""]"
SKU0445,Miu Miu,Dress,Jersey mini-dress,MF6409_1965_F0009_S_OOO,https://www.miumiu.com/content/dam/miumiubkg_products/M/MF6/MF6409/1965F0009/MF6409_1965_F0009_S_OOO_SLF.jpg,https://www.miumiu.com/content/dam/miumiubkg_products/M/MF6/MF6409/1965F0009/MF6409_1965_F0009_S_OOO_SLF.jpg,https://www.miumiu.com/us/en/p/jersey-mini-dress/MF6409_1965_F0009_S_OOO,https://www.miumiu.com/content/dam/miumiubkg_products/M/MF6/MF6409/1965F0009/MF6409_1965_F0009_S_OOO_SLF.jpg,downloaded,data\luxury-image-library\images\Miu Miu\Dress\SKU0445_61630ea614b6.jpg,61630ea614b6a681c9056e083f48cf85fd529a33fbdbc1c44d20fe23153cbe23,,,官方DAM主图直链,"[""https://www.miumiu.com/content/dam/miumiubkg_products/M/MF6/MF6409/1965F0009/MF6409_1965_F0009_S_OOO_SLF.jpg""]"
SKU0446,Miu Miu,Dress,Stretch jersey midi-dress,MF6436_122R_F0008_S_OOO,https://www.miumiu.com/content/dam/miumiubkg_products/M/MF6/MF6436/122RF0008/MF6436_122R_F0008_S_OOO_SLF.jpg,https://www.miumiu.com/content/dam/miumiubkg_products/M/MF6/MF6436/122RF0008/MF6436_122R_F0008_S_OOO_SLF.jpg,https://www.miumiu.com/us/en/p/stretch-jersey-midi-dress/MF6436_122R_F0008_S_OOO,https://www.miumiu.com/content/dam/miumiubkg_products/M/MF6/MF6436/122RF0008/MF6436_122R_F0008_S_OOO_SLF.jpg,downloaded,data\luxury-image-library\images\Miu Miu\Dress\SKU0446_3bd3b9816743.jpg,3bd3b9816743f6c58d035399793d94b88733f84306d16211d37ac7da31d435af,,,官方DAM主图直链,"[""https://www.miumiu.com/content/dam/miumiubkg_products/M/MF6/MF6436/122RF0008/MF6436_122R_F0008_S_OOO_SLF.jpg""]"
SKU0447,Miu Miu,Dress,Stretch jersey midi-dress,MF6436_122R_F0154_S_OOO,https://www.miumiu.com/content/dam/miumiubkg_products/M/MF6/MF6436/122RF0154/MF6436_122R_F0154_S_OOO_SLF.jpg,https://www.miumiu.com/content/dam/miumiubkg_products/M/MF6/MF6436/122RF0154/MF6436_122R_F0154_S_OOO_SLF.jpg,https://www.miumiu.com/us/en/p/stretch-jersey-midi-dress/MF6436_122R_F0154_S_OOO,https://www.miumiu.com/content/dam/miumiubkg_products/M/MF6/MF6436/122RF0154/MF6436_122R_F0154_S_OOO_SLF.jpg,downloaded,data\luxury-image-library\images\Miu Miu\Dress\SKU0447_98bbab599df7.jpg,98bbab599df7162dde3edd868858ab4f3cc6ae0aa75ee97e4514123a241c8ec5,,,官方DAM主图直链,"[""https://www.miumiu.com/content/dam/miumiubkg_products/M/MF6/MF6436/122RF0154/MF6436_122R_F0154_S_OOO_SLF.jpg""]"
SKU0448,Miu Miu,Dress,Bonded cotton piqué minidress,MF6583_17LN_F0009_S_OOO,https://www.miumiu.com/content/dam/miumiubkg_products/M/MF6/MF6583/17LNF0009/MF6583_17LN_F0009_S_OOO_SLF.jpg,https://www.miumiu.com/content/dam/miumiubkg_products/M/MF6/MF6583/17LNF0009/MF6583_17LN_F0009_S_OOO_SLF.jpg,https://www.miumiu.com/us/en/p/bonded-cotton-pique-minidress/MF6583_17LN_F0009_S_OOO,https://www.miumiu.com/content/dam/miumiubkg_products/M/MF6/MF6583/17LNF0009/MF6583_17LN_F0009_S_OOO_SLF.jpg,downloaded,data\luxury-image-library\images\Miu Miu\Dress\SKU0448_089ccbffaa80.jpg,089ccbffaa806bd7c587dd3199d7f715d23a89f5b8b85fa575b7b93ddbb4c46f,,,官方DAM主图直链,"[""https://www.miumiu.com/content/dam/miumiubkg_products/M/MF6/MF6583/17LNF0009/MF6583_17LN_F0009_S_OOO_SLF.jpg""]"
SKU0449,Miu Miu,Dress,Stretch jersey mini-dress,MF6438_122R_F0276_S_OOO,https://www.miumiu.com/content/dam/miumiubkg_products/M/MF6/MF6438/122RF0276/MF6438_122R_F0276_S_OOO_SLF.jpg,https://www.miumiu.com/content/dam/miumiubkg_products/M/MF6/MF6438/122RF0276/MF6438_122R_F0276_S_OOO_SLF.jpg,https://www.miumiu.com/us/en/p/stretch-jersey-mini-dress/MF6438_122R_F0276_S_OOO,https://www.miumiu.com/content/dam/miumiubkg_products/M/MF6/MF6438/122RF0276/MF6438_122R_F0276_S_OOO_SLF.jpg,downloaded,data\luxury-image-library\images\Miu Miu\Dress\SKU0449_d0d6847d6aa9.jpg,d0d6847d6aa9c2550cd6955eeeae0c2ca89d05f4582c4c791aba40dbfdc710f9,,,官方DAM主图直链,"[""https://www.miumiu.com/content/dam/miumiubkg_products/M/MF6/MF6438/122RF0276/MF6438_122R_F0276_S_OOO_SLF.jpg""]"
SKU0450,Miu Miu,Dress,Gingham check dress,MF5905_197I_F0UB3_S_OOO,https://www.miumiu.com/content/dam/miumiubkg_products/M/MF5/MF5905/197IF0UB3/MF5905_197I_F0UB3_S_OOO_SLF.jpg,https://www.miumiu.com/content/dam/miumiubkg_products/M/MF5/MF5905/197IF0UB3/MF5905_197I_F0UB3_S_OOO_SLF.jpg,https://www.miumiu.com/us/en/p/gingham-check-dress/MF5905_197I_F0UB3_S_OOO,https://www.miumiu.com/content/dam/miumiubkg_products/M/MF5/MF5905/197IF0UB3/MF5905_197I_F0UB3_S_OOO_SLF.jpg,downloaded,data\luxury-image-library\images\Miu Miu\Dress\SKU0450_e6540d40cb57.jpg,e6540d40cb57f3d383cb6a5d3d5879341a403e6c0f55caae656f0f6ae8b1880c,,,官方DAM主图直链,"[""https://www.miumiu.com/content/dam/miumiubkg_products/M/MF5/MF5905/197IF0UB3/MF5905_197I_F0UB3_S_OOO_SLF.jpg""]"
SKU0451,Miu Miu,Dress,Poplin dress,MF6401_10RG_F0192_S_OOO,https://www.miumiu.com/content/dam/miumiubkg_products/M/MF6/MF6401/10RGF0192/MF6401_10RG_F0192_S_OOO_SLF.jpg,https://www.miumiu.com/content/dam/miumiubkg_products/M/MF6/MF6401/10RGF0192/MF6401_10RG_F0192_S_OOO_SLF.jpg,https://www.miumiu.com/us/en/p/poplin-dress/MF6401_10RG_F0192_S_OOO,https://www.miumiu.com/content/dam/miumiubkg_products/M/MF6/MF6401/10RGF0192/MF6401_10RG_F0192_S_OOO_SLF.jpg,downloaded,data\luxury-image-library\images\Miu Miu\Dress\SKU0451_21b3a9b96220.jpg,21b3a9b9622096872c7ded631374aa919696c9c27e39a0faa5d5a6101660fd48,,,官方DAM主图直链,"[""https://www.miumiu.com/content/dam/miumiubkg_products/M/MF6/MF6401/10RGF0192/MF6401_10RG_F0192_S_OOO_SLF.jpg""]"
SKU0452,Miu Miu,Dress,Poplin mini-dress,MF6427_1BMS_F0124_S_OOO,https://www.miumiu.com/content/dam/miumiubkg_products/M/MF6/MF6427/1BMSF0124/MF6427_1BMS_F0124_S_OOO_SLF.jpg,https://www.miumiu.com/content/dam/miumiubkg_products/M/MF6/MF6427/1BMSF0124/MF6427_1BMS_F0124_S_OOO_SLF.jpg,https://www.miumiu.com/us/en/p/poplin-mini-dress/MF6427_1BMS_F0124_S_OOO,https://www.miumiu.com/content/dam/miumiubkg_products/M/MF6/MF6427/1BMSF0124/MF6427_1BMS_F0124_S_OOO_SLF.jpg,downloaded,data\luxury-image-library\images\Miu Miu\Dress\SKU0452_1e0cdd6dab16.jpg,1e0cdd6dab1666eb64d5864573e67da96e6c941892c218806f0e8e475ba2a9fa,,,官方DAM主图直链,"[""https://www.miumiu.com/content/dam/miumiubkg_products/M/MF6/MF6427/1BMSF0124/MF6427_1BMS_F0124_S_OOO_SLF.jpg""]"
SKU0453,Miu Miu,Dress,Panama cotton dress,MF6414_12NS_F0A08_S_OOO,https://www.miumiu.com/content/dam/miumiubkg_products/M/MF6/MF6414/12NSF0A08/MF6414_12NS_F0A08_S_OOO_SLF.jpg,https://www.miumiu.com/content/dam/miumiubkg_products/M/MF6/MF6414/12NSF0A08/MF6414_12NS_F0A08_S_OOO_SLF.jpg,https://www.miumiu.com/us/en/p/panama-cotton-dress/MF6414_12NS_F0A08_S_OOO,https://www.miumiu.com/content/dam/miumiubkg_products/M/MF6/MF6414/12NSF0A08/MF6414_12NS_F0A08_S_OOO_SLF.jpg,downloaded,data\luxury-image-library\images\Miu Miu\Dress\SKU0453_e740cae89d45.jpg,e740cae89d45e2f56e31586c0f0c945a7b92f9818887cdcd3b49ce9c2f75b5af,,,官方DAM主图直链,"[""https://www.miumiu.com/content/dam/miumiubkg_products/M/MF6/MF6414/12NSF0A08/MF6414_12NS_F0A08_S_OOO_SLF.jpg""]"
SKU0454,Miu Miu,Dress,Cotton dress,MJA924_191I_F0161_S_OOO,https://www.miumiu.com/content/dam/miumiubkg_products/M/MJA/MJA924/191IF0161/MJA924_191I_F0161_S_OOO_SLF.jpg,https://www.miumiu.com/content/dam/miumiubkg_products/M/MJA/MJA924/191IF0161/MJA924_191I_F0161_S_OOO_SLF.jpg,https://www.miumiu.com/us/en/p/cotton-dress/MJA924_191I_F0161_S_OOO,https://www.miumiu.com/content/dam/miumiubkg_products/M/MJA/MJA924/191IF0161/MJA924_191I_F0161_S_OOO_SLF.jpg,downloaded,data\luxury-image-library\images\Miu Miu\Dress\SKU0454_5b1730a02e0c.jpg,5b1730a02e0c1f9d94fd8dd40c5d88e00a6e50107a597357be1bfedf05a36477,,,官方DAM主图直链,"[""https://www.miumiu.com/content/dam/miumiubkg_products/M/MJA/MJA924/191IF0161/MJA924_191I_F0161_S_OOO_SLF.jpg""]"
SKU0455,Miu Miu,Dress,Poplin mini-dress,MF6390_10RG_F0E18_S_OOO,https://www.miumiu.com/content/dam/miumiubkg_products/M/MF6/MF6390/10RGF0E18/MF6390_10RG_F0E18_S_OOO_SLF.jpg,https://www.miumiu.com/content/dam/miumiubkg_products/M/MF6/MF6390/10RGF0E18/MF6390_10RG_F0E18_S_OOO_SLF.jpg,https://www.miumiu.com/us/en/p/poplin-mini-dress/MF6390_10RG_F0E18_S_OOO,https://www.miumiu.com/content/dam/miumiubkg_products/M/MF6/MF6390/10RGF0E18/MF6390_10RG_F0E18_S_OOO_SLF.jpg,downloaded,data\luxury-image-library\images\Miu Miu\Dress\SKU0455_b5de195a35a1.jpg,b5de195a35a100816586aeb89e867bf7923558a950554d20c2680cb582994c2e,,,官方DAM主图直链,"[""https://www.miumiu.com/content/dam/miumiubkg_products/M/MF6/MF6390/10RGF0E18/MF6390_10RG_F0E18_S_OOO_SLF.jpg""]"
SKU0456,Miu Miu,Dress,Poplin side tie dress,MF6389_10RG_F0013_S_OOO,https://www.miumiu.com/content/dam/miumiubkg_products/M/MF6/MF6389/10RGF0013/MF6389_10RG_F0013_S_OOO_SLF.jpg,https://www.miumiu.com/content/dam/miumiubkg_products/M/MF6/MF6389/10RGF0013/MF6389_10RG_F0013_S_OOO_SLF.jpg,https://www.miumiu.com/us/en/p/poplin-side-tie-dress/MF6389_10RG_F0013_S_OOO,https://www.miumiu.com/content/dam/miumiubkg_products/M/MF6/MF6389/10RGF0013/MF6389_10RG_F0013_S_OOO_SLF.jpg,downloaded,data\luxury-image-library\images\Miu Miu\Dress\SKU0456_7485e4ec1420.jpg,7485e4ec1420720e8a50df77b7979369ad1594287277a3ed164d37eeb2811806,,,官方DAM主图直链,"[""https://www.miumiu.com/content/dam/miumiubkg_products/M/MF6/MF6389/10RGF0013/MF6389_10RG_F0013_S_OOO_SLF.jpg""]"
SKU0457,Miu Miu,Dress,Poplin dress,MF6424_19KO_F0S8E_S_OOO,https://www.miumiu.com/content/dam/miumiubkg_products/M/MF6/MF6424/19KOF0S8E/MF6424_19KO_F0S8E_S_OOO_SLF.jpg,https://www.miumiu.com/content/dam/miumiubkg_products/M/MF6/MF6424/19KOF0S8E/MF6424_19KO_F0S8E_S_OOO_SLF.jpg,https://www.miumiu.com/us/en/p/poplin-dress/MF6424_19KO_F0S8E_S_OOO,https://www.miumiu.com/content/dam/miumiubkg_products/M/MF6/MF6424/19KOF0S8E/MF6424_19KO_F0S8E_S_OOO_SLF.jpg,downloaded,data\luxury-image-library\images\Miu Miu\Dress\SKU0457_480a8852c13a.jpg,480a8852c13a2788dbce2bc944d20cd6435f325e0bcaa1f17c5f40d040fe6fc8,,,官方DAM主图直链,"[""https://www.miumiu.com/content/dam/miumiubkg_products/M/MF6/MF6424/19KOF0S8E/MF6424_19KO_F0S8E_S_OOO_SLF.jpg""]"
SKU0458,Miu Miu,Dress,Crepe de chine mini-dress,MF6394_197G_F0F8N_S_OOO,https://www.miumiu.com/content/dam/miumiubkg_products/M/MF6/MF6394/197GF0F8N/MF6394_197G_F0F8N_S_OOO_SLF.jpg,https://www.miumiu.com/content/dam/miumiubkg_products/M/MF6/MF6394/197GF0F8N/MF6394_197G_F0F8N_S_OOO_SLF.jpg,https://www.miumiu.com/us/en/p/crepe-de-chine-mini-dress/MF6394_197G_F0F8N_S_OOO,https://www.miumiu.com/content/dam/miumiubkg_products/M/MF6/MF6394/197GF0F8N/MF6394_197G_F0F8N_S_OOO_SLF.jpg,downloaded,data\luxury-image-library\images\Miu Miu\Dress\SKU0458_47dc99c69f69.jpg,47dc99c69f69a5f6f09d744b9985a14b101b3c6862ee6ef541ddbfca696d06a5,,,官方DAM主图直链,"[""https://www.miumiu.com/content/dam/miumiubkg_products/M/MF6/MF6394/197GF0F8N/MF6394_197G_F0F8N_S_OOO_SLF.jpg""]"
SKU0459,Miu Miu,Dress,Long crepe de chine dress,MF6450_197G_F0O7E_S_OOO,https://www.miumiu.com/content/dam/miumiubkg_products/M/MF6/MF6450/197GF0O7E/MF6450_197G_F0O7E_S_OOO_SLF.jpg,https://www.miumiu.com/content/dam/miumiubkg_products/M/MF6/MF6450/197GF0O7E/MF6450_197G_F0O7E_S_OOO_SLF.jpg,https://www.miumiu.com/us/en/p/long-crepe-de-chine-dress/MF6450_197G_F0O7E_S_OOO,https://www.miumiu.com/content/dam/miumiubkg_products/M/MF6/MF6450/197GF0O7E/MF6450_197G_F0O7E_S_OOO_SLF.jpg,downloaded,data\luxury-image-library\images\Miu Miu\Dress\SKU0459_78699b75d47c.jpg,78699b75d47cce3898a3be29e43d2c37f81d4c1ff1d30020e753710cd1da284e,,,官方DAM主图直链,"[""https://www.miumiu.com/content/dam/miumiubkg_products/M/MF6/MF6450/197GF0O7E/MF6450_197G_F0O7E_S_OOO_SLF.jpg""]"
SKU0460,Miu Miu,Dress,Ribbed jersey dress,MJA927_192C_F0031_S_OOO,https://www.miumiu.com/content/dam/miumiubkg_products/M/MJA/MJA927/192CF0031/MJA927_192C_F0031_S_OOO_SLF.jpg,https://www.miumiu.com/content/dam/miumiubkg_products/M/MJA/MJA927/192CF0031/MJA927_192C_F0031_S_OOO_SLF.jpg,https://www.miumiu.com/us/en/p/ribbed-jersey-dress/MJA927_192C_F0031_S_OOO,https://www.miumiu.com/content/dam/miumiubkg_products/M/MJA/MJA927/192CF0031/MJA927_192C_F0031_S_OOO_SLF.jpg,downloaded,data\luxury-image-library\images\Miu Miu\Dress\SKU0460_227786551c4d.jpg,227786551c4deb152c64d3ec2259d1e7afe8b2bf5d4eecf1f3a405059fe3f940,,,官方DAM主图直链,"[""https://www.miumiu.com/content/dam/miumiubkg_products/M/MJA/MJA927/192CF0031/MJA927_192C_F0031_S_OOO_SLF.jpg""]"
SKU0461,Miu Miu,Dress,Satin midi-dress,MF6410_6316_F0924_S_OOO,https://www.miumiu.com/content/dam/miumiubkg_products/M/MF6/MF6410/6316F0924/MF6410_6316_F0924_S_OOO_SLF.jpg,https://www.miumiu.com/content/dam/miumiubkg_products/M/MF6/MF6410/6316F0924/MF6410_6316_F0924_S_OOO_SLF.jpg,https://www.miumiu.com/us/en/p/satin-midi-dress-/MF6410_6316_F0924_S_OOO,https://www.miumiu.com/content/dam/miumiubkg_products/M/MF6/MF6410/6316F0924/MF6410_6316_F0924_S_OOO_SLF.jpg,downloaded,data\luxury-image-library\images\Miu Miu\Dress\SKU0461_725d28968a16.jpg,725d28968a164918b71bb2f9f01cebc4913fdda1eb8419187ca7e0303378b418,,,官方DAM主图直链,"[""https://www.miumiu.com/content/dam/miumiubkg_products/M/MF6/MF6410/6316F0924/MF6410_6316_F0924_S_OOO_SLF.jpg""]"
SKU0462,Miu Miu,Denim,Denim shirt,GWC125_17GG_F0076_S_OOO,https://www.miumiu.com/content/dam/miumiubkg_products/G/GWC/GWC125/17GGF0076/GWC125_17GG_F0076_S_OOO_SLF.jpg,https://www.miumiu.com/content/dam/miumiubkg_products/G/GWC/GWC125/17GGF0076/GWC125_17GG_F0076_S_OOO_SLF.jpg,https://www.miumiu.com/us/en/p/denim-shirt/GWC125_17GG_F0076_S_OOO,https://www.miumiu.com/content/dam/miumiubkg_products/G/GWC/GWC125/17GGF0076/GWC125_17GG_F0076_S_OOO_SLF.jpg,downloaded,data\luxury-image-library\images\Miu Miu\Denim\SKU0462_4a1e2bd96844.jpg,4a1e2bd968446044b85af8f2aa7ac75168d9d02fad1a6231dcdbe44f286f7586,,,官方DAM主图直链,"[""https://www.miumiu.com/content/dam/miumiubkg_products/G/GWC/GWC125/17GGF0076/GWC125_17GG_F0076_S_OOO_SLF.jpg""]"
SKU0463,Miu Miu,Denim,Denim jeans,GWP394_17GG_F0076_S_232,https://www.miumiu.com/content/dam/miumiubkg_products/G/GWP/GWP394/17GGF0076/GWP394_17GG_F0076_S_232_SLF.jpg,https://www.miumiu.com/content/dam/miumiubkg_products/G/GWP/GWP394/17GGF0076/GWP394_17GG_F0076_S_232_SLF.jpg,https://www.miumiu.com/us/en/p/denim-jeans/GWP394_17GG_F0076_S_232,https://www.miumiu.com/content/dam/miumiubkg_products/G/GWP/GWP394/17GGF0076/GWP394_17GG_F0076_S_232_SLF.jpg,downloaded,data\luxury-image-library\images\Miu Miu\Denim\SKU0463_f9f2559ab072.jpg,f9f2559ab0722a7c9086cb7a612603673d299baeec699422f6cedeb4db76612d,,,官方DAM主图直链,"[""https://www.miumiu.com/content/dam/miumiubkg_products/G/GWP/GWP394/17GGF0076/GWP394_17GG_F0076_S_232_SLF.jpg""]"
SKU0464,Miu Miu,Denim,Striped chambray bermudas,GWP523_17NO_F0013_S_OOO,https://www.miumiu.com/content/dam/miumiubkg_products/G/GWP/GWP523/17NOF0013/GWP523_17NO_F0013_S_OOO_SLF.jpg,https://www.miumiu.com/content/dam/miumiubkg_products/G/GWP/GWP523/17NOF0013/GWP523_17NO_F0013_S_OOO_SLF.jpg,https://www.miumiu.com/us/en/p/striped-chambray-bermudas/GWP523_17NO_F0013_S_OOO,https://www.miumiu.com/content/dam/miumiubkg_products/G/GWP/GWP523/17NOF0013/GWP523_17NO_F0013_S_OOO_SLF.jpg,downloaded,data\luxury-image-library\images\Miu Miu\Denim\SKU0464_6805179703c7.jpg,6805179703c709357318c8c7399a9b4ba31b48bdd9a469d100cf7a589a4fdbfe,,,官方DAM主图直链,"[""https://www.miumiu.com/content/dam/miumiubkg_products/G/GWP/GWP523/17NOF0013/GWP523_17NO_F0013_S_OOO_SLF.jpg""]"
SKU0465,Miu Miu,Denim,Denim shirt,GWC132_17GG_F0076_S_OOO,https://www.miumiu.com/content/dam/miumiubkg_products/G/GWC/GWC132/17GGF0076/GWC132_17GG_F0076_S_OOO_SLF.jpg,https://www.miumiu.com/content/dam/miumiubkg_products/G/GWC/GWC132/17GGF0076/GWC132_17GG_F0076_S_OOO_SLF.jpg,https://www.miumiu.com/us/en/p/denim-shirt/GWC132_17GG_F0076_S_OOO,https://www.miumiu.com/content/dam/miumiubkg_products/G/GWC/GWC132/17GGF0076/GWC132_17GG_F0076_S_OOO_SLF.jpg,downloaded,data\luxury-image-library\images\Miu Miu\Denim\SKU0465_108a4f08802c.jpg,108a4f08802cb04e4466fda7b361bf1c7827a7513cb98f71d4f57f65f7d255d4,,,官方DAM主图直链,"[""https://www.miumiu.com/content/dam/miumiubkg_products/G/GWC/GWC132/17GGF0076/GWC132_17GG_F0076_S_OOO_SLF.jpg""]"
SKU0466,Miu Miu,Denim,Denim jeans,GWP394_1823_F0013_S_232,https://www.miumiu.com/content/dam/miumiubkg_products/G/GWP/GWP394/1823F0013/GWP394_1823_F0013_S_232_SLF.jpg,https://www.miumiu.com/content/dam/miumiubkg_products/G/GWP/GWP394/1823F0013/GWP394_1823_F0013_S_232_SLF.jpg,https://www.miumiu.com/us/en/p/denim-jeans/GWP394_1823_F0013_S_232,https://www.miumiu.com/content/dam/miumiubkg_products/G/GWP/GWP394/1823F0013/GWP394_1823_F0013_S_232_SLF.jpg,downloaded,data\luxury-image-library\images\Miu Miu\Denim\SKU0466_e44cba302751.jpg,e44cba302751efb0318548df53de51a1cdb8452889ee5f1313a7ed392cd0bad7,,,官方DAM主图直链,"[""https://www.miumiu.com/content/dam/miumiubkg_products/G/GWP/GWP394/1823F0013/GWP394_1823_F0013_S_232_SLF.jpg""]"
SKU0467,Miu Miu,Denim,Light denim shirt,GWC135_17AE_F0170_S_OOO,https://www.miumiu.com/content/dam/miumiubkg_products/G/GWC/GWC135/17AEF0170/GWC135_17AE_F0170_S_OOO_SLF.jpg,https://www.miumiu.com/content/dam/miumiubkg_products/G/GWC/GWC135/17AEF0170/GWC135_17AE_F0170_S_OOO_SLF.jpg,https://www.miumiu.com/us/en/p/light-denim-shirt/GWC135_17AE_F0170_S_OOO,https://www.miumiu.com/content/dam/miumiubkg_products/G/GWC/GWC135/17AEF0170/GWC135_17AE_F0170_S_OOO_SLF.jpg,downloaded,data\luxury-image-library\images\Miu Miu\Denim\SKU0467_fa593f3d9aaa.jpg,fa593f3d9aaadb91180997fcc8c97810dff3abe1b9ad9e0470f894c4f7492e27,,,官方DAM主图直链,"[""https://www.miumiu.com/content/dam/miumiubkg_products/G/GWC/GWC135/17AEF0170/GWC135_17AE_F0170_S_OOO_SLF.jpg""]"
SKU0468,Miu Miu,Denim,Light denim pants,GWP394_17AE_F0170_S_232,https://www.miumiu.com/content/dam/miumiubkg_products/G/GWP/GWP394/17AEF0170/GWP394_17AE_F0170_S_232_SLF.jpg,https://www.miumiu.com/content/dam/miumiubkg_products/G/GWP/GWP394/17AEF0170/GWP394_17AE_F0170_S_232_SLF.jpg,https://www.miumiu.com/us/en/p/light-denim-pants/GWP394_17AE_F0170_S_232,https://www.miumiu.com/content/dam/miumiubkg_products/G/GWP/GWP394/17AEF0170/GWP394_17AE_F0170_S_232_SLF.jpg,downloaded,data\luxury-image-library\images\Miu Miu\Denim\SKU0468_cb516ebc4087.jpg,cb516ebc4087464bcfa4bf5501a3794f9f66d6b3978d8287608b0f26454f114c,,,官方DAM主图直链,"[""https://www.miumiu.com/content/dam/miumiubkg_products/G/GWP/GWP394/17AEF0170/GWP394_17AE_F0170_S_232_SLF.jpg""]"
SKU0469,Miu Miu,Denim,Five-pocket denim jeans,GWP591_183T_F0009_S_OOO,https://www.miumiu.com/content/dam/miumiubkg_products/G/GWP/GWP591/183TF0009/GWP591_183T_F0009_S_OOO_SLF.jpg,https://www.miumiu.com/content/dam/miumiubkg_products/G/GWP/GWP591/183TF0009/GWP591_183T_F0009_S_OOO_SLF.jpg,https://www.miumiu.com/us/en/p/five-pocket-denim-jeans/GWP591_183T_F0009_S_OOO,https://www.miumiu.com/content/dam/miumiubkg_products/G/GWP/GWP591/183TF0009/GWP591_183T_F0009_S_OOO_SLF.jpg,downloaded,data\luxury-image-library\images\Miu Miu\Denim\SKU0469_b6fd1627230a.jpg,b6fd1627230a569d1b09de815096e4da616b7e357c99cb732939e433fc951e4b,,,官方DAM主图直链,"[""https://www.miumiu.com/content/dam/miumiubkg_products/G/GWP/GWP591/183TF0009/GWP591_183T_F0009_S_OOO_SLF.jpg""]"
SKU0470,Miu Miu,Denim,Denim shorts,GWP602_183T_F0009_S_OOO,https://www.miumiu.com/content/dam/miumiubkg_products/G/GWP/GWP602/183TF0009/GWP602_183T_F0009_S_OOO_SLF.jpg,https://www.miumiu.com/content/dam/miumiubkg_products/G/GWP/GWP602/183TF0009/GWP602_183T_F0009_S_OOO_SLF.jpg,https://www.miumiu.com/us/en/p/denim-shorts/GWP602_183T_F0009_S_OOO,https://www.miumiu.com/content/dam/miumiubkg_products/G/GWP/GWP602/183TF0009/GWP602_183T_F0009_S_OOO_SLF.jpg,downloaded,data\luxury-image-library\images\Miu Miu\Denim\SKU0470_c65e2ae2a54b.jpg,c65e2ae2a54bbdb906d2eca26dff311af300c611588fe8d4f7dabc47645a36ca,,,官方DAM主图直链,"[""https://www.miumiu.com/content/dam/miumiubkg_products/G/GWP/GWP602/183TF0009/GWP602_183T_F0009_S_OOO_SLF.jpg""]"
SKU0471,Miu Miu,Denim,Denim blouson jacket,GWB278_17OM_F0008_S_OOO,https://www.miumiu.com/content/dam/miumiubkg_products/G/GWB/GWB278/17OMF0008/GWB278_17OM_F0008_S_OOO_SLF.jpg,https://www.miumiu.com/content/dam/miumiubkg_products/G/GWB/GWB278/17OMF0008/GWB278_17OM_F0008_S_OOO_SLF.jpg,https://www.miumiu.com/us/en/p/denim-blouson-jacket/GWB278_17OM_F0008_S_OOO,https://www.miumiu.com/content/dam/miumiubkg_products/G/GWB/GWB278/17OMF0008/GWB278_17OM_F0008_S_OOO_SLF.jpg,downloaded,data\luxury-image-library\images\Miu Miu\Denim\SKU0471_3ac5b56534fb.jpg,3ac5b56534fb4df1f395a1a06d76347501f870e7be531db344e660889695fed1,,,官方DAM主图直链,"[""https://www.miumiu.com/content/dam/miumiubkg_products/G/GWB/GWB278/17OMF0008/GWB278_17OM_F0008_S_OOO_SLF.jpg""]"
SKU0472,Miu Miu,Denim,Five-pocket denim jeans,GWP575_17OM_F0008_S_OOO,https://www.miumiu.com/content/dam/miumiubkg_products/G/GWP/GWP575/17OMF0008/GWP575_17OM_F0008_S_OOO_SLF.jpg,https://www.miumiu.com/content/dam/miumiubkg_products/G/GWP/GWP575/17OMF0008/GWP575_17OM_F0008_S_OOO_SLF.jpg,https://www.miumiu.com/us/en/p/five-pocket-denim-jeans/GWP575_17OM_F0008_S_OOO,https://www.miumiu.com/content/dam/miumiubkg_products/G/GWP/GWP575/17OMF0008/GWP575_17OM_F0008_S_OOO_SLF.jpg,downloaded,data\luxury-image-library\images\Miu Miu\Denim\SKU0472_03c364e6bb6d.jpg,03c364e6bb6ddab4dea00f0ed531b525a24d6527588a9f19438d56720374ffe0,,,官方DAM主图直链,"[""https://www.miumiu.com/content/dam/miumiubkg_products/G/GWP/GWP575/17OMF0008/GWP575_17OM_F0008_S_OOO_SLF.jpg""]"
SKU0473,Miu Miu,Denim,Denim blouson jacket,GWB295_18UM_F0008_S_OOO,https://www.miumiu.com/content/dam/miumiubkg_products/G/GWB/GWB295/18UMF0008/GWB295_18UM_F0008_S_OOO_SLF.jpg,https://www.miumiu.com/content/dam/miumiubkg_products/G/GWB/GWB295/18UMF0008/GWB295_18UM_F0008_S_OOO_SLF.jpg,https://www.miumiu.com/us/en/p/denim-blouson-jacket/GWB295_18UM_F0008_S_OOO,https://www.miumiu.com/content/dam/miumiubkg_products/G/GWB/GWB295/18UMF0008/GWB295_18UM_F0008_S_OOO_SLF.jpg,downloaded,data\luxury-image-library\images\Miu Miu\Denim\SKU0473_f0b3f08d004d.jpg,f0b3f08d004d17a1be77349831de374059ed30d95b5961f104e9bbce046a6cc1,,,官方DAM主图直链,"[""https://www.miumiu.com/content/dam/miumiubkg_products/G/GWB/GWB295/18UMF0008/GWB295_18UM_F0008_S_OOO_SLF.jpg""]"
SKU0474,Miu Miu,Denim,Denim trousers,GWP483_181D_F0008_S_OOO,https://www.miumiu.com/content/dam/miumiubkg_products/G/GWP/GWP483/181DF0008/GWP483_181D_F0008_S_OOO_SLF.jpg,https://www.miumiu.com/content/dam/miumiubkg_products/G/GWP/GWP483/181DF0008/GWP483_181D_F0008_S_OOO_SLF.jpg,https://www.miumiu.com/us/en/p/denim-trousers/GWP483_181D_F0008_S_OOO,https://www.miumiu.com/content/dam/miumiubkg_products/G/GWP/GWP483/181DF0008/GWP483_181D_F0008_S_OOO_SLF.jpg,downloaded,data\luxury-image-library\images\Miu Miu\Denim\SKU0474_2b84ebc92f5e.jpg,2b84ebc92f5e9ed67ae73560ef3b33c25cf236cd45dd21bedbc837161caf7fff,,,官方DAM主图直链,"[""https://www.miumiu.com/content/dam/miumiubkg_products/G/GWP/GWP483/181DF0008/GWP483_181D_F0008_S_OOO_SLF.jpg""]"
SKU0475,Miu Miu,Denim,Chambray blouson jacket,GWB149_18JI_F0076_S_OOO,https://www.miumiu.com/content/dam/miumiubkg_products/G/GWB/GWB149/18JIF0076/GWB149_18JI_F0076_S_OOO_SLF.jpg,https://www.miumiu.com/content/dam/miumiubkg_products/G/GWB/GWB149/18JIF0076/GWB149_18JI_F0076_S_OOO_SLF.jpg,https://www.miumiu.com/us/en/p/chambray-blouson-jacket/GWB149_18JI_F0076_S_OOO,https://www.miumiu.com/content/dam/miumiubkg_products/G/GWB/GWB149/18JIF0076/GWB149_18JI_F0076_S_OOO_SLF.jpg,downloaded,data\luxury-image-library\images\Miu Miu\Denim\SKU0475_817512015b73.jpg,817512015b737d5d45ab59bf6492e7e6c169f39fb814bd1770dc3c7f70df5857,,,官方DAM主图直链,"[""https://www.miumiu.com/content/dam/miumiubkg_products/G/GWB/GWB149/18JIF0076/GWB149_18JI_F0076_S_OOO_SLF.jpg""]"
SKU0476,Miu Miu,Denim,Chambray jeans,GWP394_18JI_F0076_S_232,https://www.miumiu.com/content/dam/miumiubkg_products/G/GWP/GWP394/18JIF0076/GWP394_18JI_F0076_S_232_SLF.jpg,https://www.miumiu.com/content/dam/miumiubkg_products/G/GWP/GWP394/18JIF0076/GWP394_18JI_F0076_S_232_SLF.jpg,https://www.miumiu.com/us/en/p/chambray-jeans/GWP394_18JI_F0076_S_232,https://www.miumiu.com/content/dam/miumiubkg_products/G/GWP/GWP394/18JIF0076/GWP394_18JI_F0076_S_232_SLF.jpg,downloaded,data\luxury-image-library\images\Miu Miu\Denim\SKU0476_17b83b678a28.jpg,17b83b678a284a0ef32398a53bbaf0a932bf8aa619c26ef8e253fe680441ca06,,,官方DAM主图直链,"[""https://www.miumiu.com/content/dam/miumiubkg_products/G/GWP/GWP394/18JIF0076/GWP394_18JI_F0076_S_232_SLF.jpg""]"
SKU0477,Miu Miu,Denim,Black denim jacket,GWB158_17OL_F0002_S_231,https://www.miumiu.com/content/dam/miumiubkg_products/G/GWB/GWB158/17OLF0002/GWB158_17OL_F0002_S_231_SLF.jpg,https://www.miumiu.com/content/dam/miumiubkg_products/G/GWB/GWB158/17OLF0002/GWB158_17OL_F0002_S_231_SLF.jpg,https://www.miumiu.com/us/en/p/black-denim-jacket/GWB158_17OL_F0002_S_231,https://www.miumiu.com/content/dam/miumiubkg_products/G/GWB/GWB158/17OLF0002/GWB158_17OL_F0002_S_231_SLF.jpg,downloaded,data\luxury-image-library\images\Miu Miu\Denim\SKU0477_1858bfe8e910.jpg,1858bfe8e9102fb6e76bfbf2402cfd4ac003878488a26e3c4bcecae2afb4f4e0,,,官方DAM主图直链,"[""https://www.miumiu.com/content/dam/miumiubkg_products/G/GWB/GWB158/17OLF0002/GWB158_17OL_F0002_S_231_SLF.jpg""]"
SKU0478,Miu Miu,Denim,Black denim jeans,GWP574_17OL_F0002_S_OOO,https://www.miumiu.com/content/dam/miumiubkg_products/G/GWP/GWP574/17OLF0002/GWP574_17OL_F0002_S_OOO_SLF.jpg,https://www.miumiu.com/content/dam/miumiubkg_products/G/GWP/GWP574/17OLF0002/GWP574_17OL_F0002_S_OOO_SLF.jpg,https://www.miumiu.com/us/en/p/black-denim-jeans/GWP574_17OL_F0002_S_OOO,https://www.miumiu.com/content/dam/miumiubkg_products/G/GWP/GWP574/17OLF0002/GWP574_17OL_F0002_S_OOO_SLF.jpg,downloaded,data\luxury-image-library\images\Miu Miu\Denim\SKU0478_32dde549f3a7.jpg,32dde549f3a7583b0a18342338d31882b053d97c37514db2651b2e913ec08916,,,官方DAM主图直链,"[""https://www.miumiu.com/content/dam/miumiubkg_products/G/GWP/GWP574/17OLF0002/GWP574_17OL_F0002_S_OOO_SLF.jpg""]"
SKU0479,Miu Miu,Denim,Cashmere denim blouson jacket,GWB272_17ON_F0008_S_OOO,https://www.miumiu.com/content/dam/miumiubkg_products/G/GWB/GWB272/17ONF0008/GWB272_17ON_F0008_S_OOO_SLF.jpg,https://www.miumiu.com/content/dam/miumiubkg_products/G/GWB/GWB272/17ONF0008/GWB272_17ON_F0008_S_OOO_SLF.jpg,https://www.miumiu.com/us/en/p/cashmere-denim-blouson-jacket/GWB272_17ON_F0008_S_OOO,https://www.miumiu.com/content/dam/miumiubkg_products/G/GWB/GWB272/17ONF0008/GWB272_17ON_F0008_S_OOO_SLF.jpg,downloaded,data\luxury-image-library\images\Miu Miu\Denim\SKU0479_5c979b661f05.jpg,5c979b661f0519ff335fe9eaf4cdf31478872e62226dfb17c05a623c9985e623,,,官方DAM主图直链,"[""https://www.miumiu.com/content/dam/miumiubkg_products/G/GWB/GWB272/17ONF0008/GWB272_17ON_F0008_S_OOO_SLF.jpg""]"
SKU0480,Miu Miu,Denim,Denim jeans,GWP580_18BC_F0076_S_OOO,https://www.miumiu.com/content/dam/miumiubkg_products/G/GWP/GWP580/18BCF0076/GWP580_18BC_F0076_S_OOO_SLF.jpg,https://www.miumiu.com/content/dam/miumiubkg_products/G/GWP/GWP580/18BCF0076/GWP580_18BC_F0076_S_OOO_SLF.jpg,https://www.miumiu.com/us/en/p/denim-jeans/GWP580_18BC_F0076_S_OOO,https://www.miumiu.com/content/dam/miumiubkg_products/G/GWP/GWP580/18BCF0076/GWP580_18BC_F0076_S_OOO_SLF.jpg,downloaded,data\luxury-image-library\images\Miu Miu\Denim\SKU0480_0aad588e740c.jpg,0aad588e740c002273d4bd2dd0cd6b4a11e373291728d3d80ddc0401e895d67e,,,官方DAM主图直链,"[""https://www.miumiu.com/content/dam/miumiubkg_products/G/GWP/GWP580/18BCF0076/GWP580_18BC_F0076_S_OOO_SLF.jpg""]"
SKU0481,Miu Miu,Shoes,Bubble embroidered technical fabric and suede sneakers,5E808E_3ZR4_F0007_F_A045,https://www.miumiu.com/content/dam/miumiubkg_products/5/5E8/5E808E/3ZR4F0007/5E808E_3ZR4_F0007_F_A045_SLF.jpg,https://www.miumiu.com/content/dam/miumiubkg_products/5/5E8/5E808E/3ZR4F0007/5E808E_3ZR4_F0007_F_A045_SLF.jpg,https://www.miumiu.com/us/en/p/bubble-embroidered-technical-fabric-and-suede-sneakers/5E808E_3ZR4_F0007_F_A045,https://www.miumiu.com/content/dam/miumiubkg_products/5/5E8/5E808E/3ZR4F0007/5E808E_3ZR4_F0007_F_A045_SLR.jpg,downloaded,data\luxury-image-library\images\Miu Miu\Shoes\SKU0481_965cb424fe48.jpg,965cb424fe486364757c7179843b888929a4d71988ea0379e31682da0625f746,,,官方DAM主图直链,"[""https://www.miumiu.com/us/en/p/bubble-embroidered-technical-fabric-and-suede-sneakers/5E808E_3ZR4_F0007_F_A045"", ""https://www.miumiu.com/content/dam/miumiubkg_products/5/5E8/5E808E/3ZR4F0007/5E808E_3ZR4_F0007_F_A045_SLR.jpg""]"
SKU0482,Miu Miu,Shoes,Technical fabric and leather sneakers,5E760E_FKS_F0037_F_005,https://www.miumiu.com/content/dam/miumiubkg_products/5/5E7/5E760E/FKSF0037/5E760E_FKS_F0037_F_005_SLF.jpg,https://www.miumiu.com/content/dam/miumiubkg_products/5/5E7/5E760E/FKSF0037/5E760E_FKS_F0037_F_005_SLF.jpg,https://www.miumiu.com/us/en/p/technical-fabric-and-leather-sneakers/5E760E_FKS_F0037_F_005,https://www.miumiu.com/content/dam/miumiubkg_products/5/5E7/5E760E/FKSF0037/5E760E_FKS_F0037_F_005_SLR.jpg,downloaded,data\luxury-image-library\images\Miu Miu\Shoes\SKU0482_dccd15a70030.jpg,dccd15a70030fbfecfb117203e7b1b794e1220545a6a32dd3d2ebfe1c00ba3a3,,,官方DAM主图直链,"[""https://www.miumiu.com/us/en/p/technical-fabric-and-leather-sneakers/5E760E_FKS_F0037_F_005"", ""https://www.miumiu.com/content/dam/miumiubkg_products/5/5E7/5E760E/FKSF0037/5E760E_FKS_F0037_F_005_SLR.jpg""]"
SKU0483,Miu Miu,Shoes,Technical fabric and leather sneakers,5E760E_FKS_F0242_F_005,https://www.miumiu.com/content/dam/miumiubkg_products/5/5E7/5E760E/FKSF0242/5E760E_FKS_F0242_F_005_SLF.jpg,https://www.miumiu.com/content/dam/miumiubkg_products/5/5E7/5E760E/FKSF0242/5E760E_FKS_F0242_F_005_SLF.jpg,https://www.miumiu.com/us/en/p/technical-fabric-and-leather-sneakers/5E760E_FKS_F0242_F_005,https://www.miumiu.com/content/dam/miumiubkg_products/5/5E7/5E760E/FKSF0242/5E760E_FKS_F0242_F_005_SLR.jpg,downloaded,data\luxury-image-library\images\Miu Miu\Shoes\SKU0483_b91e04294458.jpg,b91e0429445863528196d1ab21b3ad580af3b5078a4b6f3208e4d1f9264f1cf2,,,官方DAM主图直链,"[""https://www.miumiu.com/us/en/p/technical-fabric-and-leather-sneakers/5E760E_FKS_F0242_F_005"", ""https://www.miumiu.com/content/dam/miumiubkg_products/5/5E7/5E760E/FKSF0242/5E760E_FKS_F0242_F_005_SLR.jpg""]"
SKU0484,Miu Miu,Shoes,Technical fabric and leather sneakers,5E760E_FKS_F0161_F_005,https://www.miumiu.com/content/dam/miumiubkg_products/5/5E7/5E760E/FKSF0161/5E760E_FKS_F0161_F_005_SLF.jpg,https://www.miumiu.com/content/dam/miumiubkg_products/5/5E7/5E760E/FKSF0161/5E760E_FKS_F0161_F_005_SLF.jpg,https://www.miumiu.com/us/en/p/technical-fabric-and-leather-sneakers/5E760E_FKS_F0161_F_005,https://www.miumiu.com/content/dam/miumiubkg_products/5/5E7/5E760E/FKSF0161/5E760E_FKS_F0161_F_005_SLR.jpg,downloaded,data\luxury-image-library\images\Miu Miu\Shoes\SKU0484_405b2f919e03.jpg,405b2f919e036e801846b1ccf8f13d0bf58db669978f36760206a9533d520a22,,,官方DAM主图直链,"[""https://www.miumiu.com/us/en/p/technical-fabric-and-leather-sneakers/5E760E_FKS_F0161_F_005"", ""https://www.miumiu.com/content/dam/miumiubkg_products/5/5E7/5E760E/FKSF0161/5E760E_FKS_F0161_F_005_SLR.jpg""]"
SKU0485,Miu Miu,Shoes,Plume suede sneakers,5E114E_054_F0F24_F_005,https://www.miumiu.com/content/dam/miumiubkg_products/5/5E1/5E114E/054F0F24/5E114E_054_F0F24_F_005_SLF.jpg,https://www.miumiu.com/content/dam/miumiubkg_products/5/5E1/5E114E/054F0F24/5E114E_054_F0F24_F_005_SLF.jpg,https://www.miumiu.com/us/en/p/plume-suede-sneakers/5E114E_054_F0F24_F_005,https://www.miumiu.com/content/dam/miumiubkg_products/5/5E1/5E114E/054F0F24/5E114E_054_F0F24_F_005_SLR.jpg,downloaded,data\luxury-image-library\images\Miu Miu\Shoes\SKU0485_5bb51922a69a.jpg,5bb51922a69abdf7aa0efd38d8ead1cb5fad899971493afecff1772785c5b0f5,,,官方DAM主图直链,"[""https://www.miumiu.com/us/en/p/plume-suede-sneakers/5E114E_054_F0F24_F_005"", ""https://www.miumiu.com/content/dam/miumiubkg_products/5/5E1/5E114E/054F0F24/5E114E_054_F0F24_F_005_SLR.jpg""]"
SKU0486,Miu Miu,Shoes,Plume suede sneakers,5E114E_054_F0009_F_005,https://www.miumiu.com/content/dam/miumiubkg_products/5/5E1/5E114E/054F0009/5E114E_054_F0009_F_005_SLF.jpg,https://www.miumiu.com/content/dam/miumiubkg_products/5/5E1/5E114E/054F0009/5E114E_054_F0009_F_005_SLF.jpg,https://www.miumiu.com/us/en/p/plume-suede-sneakers/5E114E_054_F0009_F_005,https://www.miumiu.com/content/dam/miumiubkg_products/5/5E1/5E114E/054F0009/5E114E_054_F0009_F_005_SLR.jpg,downloaded,data\luxury-image-library\images\Miu Miu\Shoes\SKU0486_f8c56ae393d2.jpg,f8c56ae393d26205af172b336f81a121e9d23f6d3de409ec978a89bd38eb5a73,,,官方DAM主图直链,"[""https://www.miumiu.com/us/en/p/plume-suede-sneakers/5E114E_054_F0009_F_005"", ""https://www.miumiu.com/content/dam/miumiubkg_products/5/5E1/5E114E/054F0009/5E114E_054_F0009_F_005_SLR.jpg""]"
SKU0487,Miu Miu,Shoes,Plume suede sneakers,5E114E_054_F0008_F_005,https://www.miumiu.com/content/dam/miumiubkg_products/5/5E1/5E114E/054F0008/5E114E_054_F0008_F_005_SLF.jpg,https://www.miumiu.com/content/dam/miumiubkg_products/5/5E1/5E114E/054F0008/5E114E_054_F0008_F_005_SLF.jpg,https://www.miumiu.com/us/en/p/plume-suede-sneakers/5E114E_054_F0008_F_005,https://www.miumiu.com/content/dam/miumiubkg_products/5/5E1/5E114E/054F0008/5E114E_054_F0008_F_005_SLR.jpg,downloaded,data\luxury-image-library\images\Miu Miu\Shoes\SKU0487_ef3be0fc5f2b.jpg,ef3be0fc5f2b2d05bf81e46596dafa797220d3271baaa950f3df154cce261155,,,官方DAM主图直链,"[""https://www.miumiu.com/us/en/p/plume-suede-sneakers/5E114E_054_F0008_F_005"", ""https://www.miumiu.com/content/dam/miumiubkg_products/5/5E1/5E114E/054F0008/5E114E_054_F0008_F_005_SLR.jpg""]"
SKU0488,Miu Miu,Shoes,Plume suede sneakers,5E114E_054_F0007_F_005,https://www.miumiu.com/content/dam/miumiubkg_products/5/5E1/5E114E/054F0007/5E114E_054_F0007_F_005_SLF.jpg,https://www.miumiu.com/content/dam/miumiubkg_products/5/5E1/5E114E/054F0007/5E114E_054_F0007_F_005_SLF.jpg,https://www.miumiu.com/us/en/p/plume-suede-sneakers/5E114E_054_F0007_F_005,https://www.miumiu.com/content/dam/miumiubkg_products/5/5E1/5E114E/054F0007/5E114E_054_F0007_F_005_SLR.jpg,downloaded,data\luxury-image-library\images\Miu Miu\Shoes\SKU0488_91e73f040da7.jpg,91e73f040da7c00ffcccb77eae4bea692d4691d96f7c8096d96bfa179cd1e5c0,,,官方DAM主图直链,"[""https://www.miumiu.com/us/en/p/plume-suede-sneakers/5E114E_054_F0007_F_005"", ""https://www.miumiu.com/content/dam/miumiubkg_products/5/5E1/5E114E/054F0007/5E114E_054_F0007_F_005_SLR.jpg""]"
SKU0489,Miu Miu,Shoes,Plume suede sneakers,5E114E_054_F0571_F_005,https://www.miumiu.com/content/dam/miumiubkg_products/5/5E1/5E114E/054F0571/5E114E_054_F0571_F_005_SLF.jpg,https://www.miumiu.com/content/dam/miumiubkg_products/5/5E1/5E114E/054F0571/5E114E_054_F0571_F_005_SLF.jpg,https://www.miumiu.com/us/en/p/plume-suede-sneakers/5E114E_054_F0571_F_005,https://www.miumiu.com/content/dam/miumiubkg_products/5/5E1/5E114E/054F0571/5E114E_054_F0571_F_005_SLR.jpg,downloaded,data\luxury-image-library\images\Miu Miu\Shoes\SKU0489_cd8fbdd6d6f7.jpg,cd8fbdd6d6f7f77ef33054e7528ea6e8cc7bf7fc8c9d3dff91b58aaf101142a8,,,官方DAM主图直链,"[""https://www.miumiu.com/us/en/p/plume-suede-sneakers/5E114E_054_F0571_F_005"", ""https://www.miumiu.com/content/dam/miumiubkg_products/5/5E1/5E114E/054F0571/5E114E_054_F0571_F_005_SLR.jpg""]"
SKU0490,Miu Miu,Shoes,Plume suede sneakers,5E114E_054_F065Y_F_005,https://www.miumiu.com/content/dam/miumiubkg_products/5/5E1/5E114E/054F065Y/5E114E_054_F065Y_F_005_SLF.jpg,https://www.miumiu.com/content/dam/miumiubkg_products/5/5E1/5E114E/054F065Y/5E114E_054_F065Y_F_005_SLF.jpg,https://www.miumiu.com/us/en/p/plume-suede-sneakers/5E114E_054_F065Y_F_005,https://www.miumiu.com/content/dam/miumiubkg_products/5/5E1/5E114E/054F065Y/5E114E_054_F065Y_F_005_SLR.jpg,downloaded,data\luxury-image-library\images\Miu Miu\Shoes\SKU0490_0af9e3ff5369.jpg,0af9e3ff5369cc203d3656a778e6de4978619eab3712c1ba8cb0b577cc64de5d,,,官方DAM主图直链,"[""https://www.miumiu.com/us/en/p/plume-suede-sneakers/5E114E_054_F065Y_F_005"", ""https://www.miumiu.com/content/dam/miumiubkg_products/5/5E1/5E114E/054F065Y/5E114E_054_F065Y_F_005_SLR.jpg""]"
SKU0491,Miu Miu,Shoes,Plume suede sneakers,5E114E_054_F0324_F_005,https://www.miumiu.com/content/dam/miumiubkg_products/5/5E1/5E114E/054F0324/5E114E_054_F0324_F_005_SLF.jpg,https://www.miumiu.com/content/dam/miumiubkg_products/5/5E1/5E114E/054F0324/5E114E_054_F0324_F_005_SLF.jpg,https://www.miumiu.com/us/en/p/plume-suede-sneakers/5E114E_054_F0324_F_005,https://www.miumiu.com/content/dam/miumiubkg_products/5/5E1/5E114E/054F0324/5E114E_054_F0324_F_005_SLR.jpg,downloaded,data\luxury-image-library\images\Miu Miu\Shoes\SKU0491_928c4f4262d6.jpg,928c4f4262d67ef363a1964fdc7d0d1ada7f721c5a6c49f58a8e0083da74d129,,,官方DAM主图直链,"[""https://www.miumiu.com/us/en/p/plume-suede-sneakers/5E114E_054_F0324_F_005"", ""https://www.miumiu.com/content/dam/miumiubkg_products/5/5E1/5E114E/054F0324/5E114E_054_F0324_F_005_SLR.jpg""]"
SKU0492,Miu Miu,Shoes,Plume mesh fabric sneakers,5E709E_099_F0009_F_005,https://www.miumiu.com/content/dam/miumiubkg_products/5/5E7/5E709E/099F0009/5E709E_099_F0009_F_005_SLF.jpg,https://www.miumiu.com/content/dam/miumiubkg_products/5/5E7/5E709E/099F0009/5E709E_099_F0009_F_005_SLF.jpg,https://www.miumiu.com/us/en/p/plume-mesh-fabric-sneakers/5E709E_099_F0009_F_005,https://www.miumiu.com/content/dam/miumiubkg_products/5/5E7/5E709E/099F0009/5E709E_099_F0009_F_005_SLR.jpg,downloaded,data\luxury-image-library\images\Miu Miu\Shoes\SKU0492_db1ccb5f53dd.jpg,db1ccb5f53dd4de291d859b51c92aff377a02f2fabb5e9f3e785a313ab65b381,,,官方DAM主图直链,"[""https://www.miumiu.com/us/en/p/plume-mesh-fabric-sneakers/5E709E_099_F0009_F_005"", ""https://www.miumiu.com/content/dam/miumiubkg_products/5/5E7/5E709E/099F0009/5E709E_099_F0009_F_005_SLR.jpg""]"
SKU0493,Miu Miu,Shoes,Plume technical fabric and suede sneakers,5E114E_D7C_F0009_F_D005,https://www.miumiu.com/content/dam/miumiubkg_products/5/5E1/5E114E/D7CF0009/5E114E_D7C_F0009_F_D005_SLF.jpg,https://www.miumiu.com/content/dam/miumiubkg_products/5/5E1/5E114E/D7CF0009/5E114E_D7C_F0009_F_D005_SLF.jpg,https://www.miumiu.com/us/en/p/plume-technical-fabric-and-suede-sneakers/5E114E_D7C_F0009_F_D005,https://www.miumiu.com/content/dam/miumiubkg_products/5/5E1/5E114E/D7CF0009/5E114E_D7C_F0009_F_D005_SLR.jpg,downloaded,data\luxury-image-library\images\Miu Miu\Shoes\SKU0493_cbfaf6a578ae.jpg,cbfaf6a578ae3f21af634660306ff266c0f2f9f7188418728d6f43db47e85596,,,官方DAM主图直链,"[""https://www.miumiu.com/us/en/p/plume-technical-fabric-and-suede-sneakers/5E114E_D7C_F0009_F_D005"", ""https://www.miumiu.com/content/dam/miumiubkg_products/5/5E1/5E114E/D7CF0009/5E114E_D7C_F0009_F_D005_SLR.jpg""]"
SKU0494,Miu Miu,Shoes,Plume technical fabric and suede sneakers,5E114E_D7C_F0008_F_D005,https://www.miumiu.com/content/dam/miumiubkg_products/5/5E1/5E114E/D7CF0008/5E114E_D7C_F0008_F_D005_SLF.jpg,https://www.miumiu.com/content/dam/miumiubkg_products/5/5E1/5E114E/D7CF0008/5E114E_D7C_F0008_F_D005_SLF.jpg,https://www.miumiu.com/us/en/p/plume-technical-fabric-and-suede-sneakers/5E114E_D7C_F0008_F_D005,https://www.miumiu.com/content/dam/miumiubkg_products/5/5E1/5E114E/D7CF0008/5E114E_D7C_F0008_F_D005_SLR.jpg,downloaded,data\luxury-image-library\images\Miu Miu\Shoes\SKU0494_50e95df65196.jpg,50e95df651967f6a2f95d9dea9404af474355aa9b4af476958b7dc411d8408b3,,,官方DAM主图直链,"[""https://www.miumiu.com/us/en/p/plume-technical-fabric-and-suede-sneakers/5E114E_D7C_F0008_F_D005"", ""https://www.miumiu.com/content/dam/miumiubkg_products/5/5E1/5E114E/D7CF0008/5E114E_D7C_F0008_F_D005_SLR.jpg""]"
SKU0495,Miu Miu,Shoes,Plume technical fabric and suede sneakers,5E114E_D7C_F0038_F_D005,https://www.miumiu.com/content/dam/miumiubkg_products/5/5E1/5E114E/D7CF0038/5E114E_D7C_F0038_F_D005_SLF.jpg,https://www.miumiu.com/content/dam/miumiubkg_products/5/5E1/5E114E/D7CF0038/5E114E_D7C_F0038_F_D005_SLF.jpg,https://www.miumiu.com/us/en/p/plume-technical-fabric-and-suede-sneakers/5E114E_D7C_F0038_F_D005,https://www.miumiu.com/content/dam/miumiubkg_products/5/5E1/5E114E/D7CF0038/5E114E_D7C_F0038_F_D005_SLR.jpg,downloaded,data\luxury-image-library\images\Miu Miu\Shoes\SKU0495_fe159ada562b.jpg,fe159ada562b2d72790507066eac8c471c2bd0d81043690f2bd9ee49c8791306,,,官方DAM主图直链,"[""https://www.miumiu.com/us/en/p/plume-technical-fabric-and-suede-sneakers/5E114E_D7C_F0038_F_D005"", ""https://www.miumiu.com/content/dam/miumiubkg_products/5/5E1/5E114E/D7CF0038/5E114E_D7C_F0038_F_D005_SLR.jpg""]"
SKU0496,Miu Miu,Shoes,Gymnasium suede and shearling sneakers,5E428E_Z0G_F0003_F_ZF05,https://www.miumiu.com/content/dam/miumiubkg_products/5/5E4/5E428E/Z0GF0003/5E428E_Z0G_F0003_F_ZF05_SLF.jpg,https://www.miumiu.com/content/dam/miumiubkg_products/5/5E4/5E428E/Z0GF0003/5E428E_Z0G_F0003_F_ZF05_SLF.jpg,https://www.miumiu.com/us/en/p/gymnasium-suede-and-shearling-sneakers/5E428E_Z0G_F0003_F_ZF05,https://www.miumiu.com/content/dam/miumiubkg_products/5/5E4/5E428E/Z0GF0003/5E428E_Z0G_F0003_F_ZF05_SLR.jpg,downloaded,data\luxury-image-library\images\Miu Miu\Shoes\SKU0496_0647313001dc.jpg,0647313001dc44e880b1bda973d65ca5f4d5e4e9a51753e6ded513fa20ca1a31,,,官方DAM主图直链,"[""https://www.miumiu.com/us/en/p/gymnasium-suede-and-shearling-sneakers/5E428E_Z0G_F0003_F_ZF05"", ""https://www.miumiu.com/content/dam/miumiubkg_products/5/5E4/5E428E/Z0GF0003/5E428E_Z0G_F0003_F_ZF05_SLR.jpg""]"
SKU0497,Miu Miu,Shoes,Gymnasium technical fabric and suede sneakers,5E428E_71L_F0X97_F_A005,https://www.miumiu.com/content/dam/miumiubkg_products/5/5E4/5E428E/71LF0X97/5E428E_71L_F0X97_F_A005_SLF.jpg,https://www.miumiu.com/content/dam/miumiubkg_products/5/5E4/5E428E/71LF0X97/5E428E_71L_F0X97_F_A005_SLF.jpg,https://www.miumiu.com/us/en/p/gymnasium-technical-fabric-and-suede-sneakers/5E428E_71L_F0X97_F_A005,https://www.miumiu.com/content/dam/miumiubkg_products/5/5E4/5E428E/71LF0X97/5E428E_71L_F0X97_F_A005_SLR.jpg,downloaded,data\luxury-image-library\images\Miu Miu\Shoes\SKU0497_d92420a9900e.jpg,d92420a9900ebf39bfce5393a62aa400478a69a20b74301c2a105a7e655f76c7,,,官方DAM主图直链,"[""https://www.miumiu.com/us/en/p/gymnasium-technical-fabric-and-suede-sneakers/5E428E_71L_F0X97_F_A005"", ""https://www.miumiu.com/content/dam/miumiubkg_products/5/5E4/5E428E/71LF0X97/5E428E_71L_F0X97_F_A005_SLR.jpg""]"
SKU0498,Miu Miu,Shoes,Gymnasium suede sneakers,5E428E_8M2_F05Q7_F_DD05,https://www.miumiu.com/content/dam/miumiubkg_products/5/5E4/5E428E/8M2F05Q7/5E428E_8M2_F05Q7_F_DD05_SLF.jpg,https://www.miumiu.com/content/dam/miumiubkg_products/5/5E4/5E428E/8M2F05Q7/5E428E_8M2_F05Q7_F_DD05_SLF.jpg,https://www.miumiu.com/us/en/p/gymnasium-suede-sneakers/5E428E_8M2_F05Q7_F_DD05,https://www.miumiu.com/content/dam/miumiubkg_products/5/5E4/5E428E/8M2F05Q7/5E428E_8M2_F05Q7_F_DD05_SLR.jpg,downloaded,data\luxury-image-library\images\Miu Miu\Shoes\SKU0498_6c8ddcc322b1.jpg,6c8ddcc322b10914fa065a6790448cdda98e83b67a567e4e67bc89d016ab3423,,,官方DAM主图直链,"[""https://www.miumiu.com/us/en/p/gymnasium-suede-sneakers/5E428E_8M2_F05Q7_F_DD05"", ""https://www.miumiu.com/content/dam/miumiubkg_products/5/5E4/5E428E/8M2F05Q7/5E428E_8M2_F05Q7_F_DD05_SLR.jpg""]"
SKU0499,Miu Miu,Eyewear,Rêverie sunglasses,SMUB09_E16K_FE08Z_C_052,https://www.miumiu.com/content/dam/miumiubkg_products/S/SMU/SMUB09/E16KFE08Z/SMUB09_E16K_FE08Z_C_052_SLF.jpg,https://www.miumiu.com/content/dam/miumiubkg_products/S/SMU/SMUB09/E16KFE08Z/SMUB09_E16K_FE08Z_C_052_SLF.jpg,https://www.miumiu.com/us/en/p/reverie-sunglasses/SMUB09_E16K_FE08Z_C_052,https://www.miumiu.com/content/dam/miumiubkg_products/S/SMU/SMUB09/E16KFE08Z/SMUB09_E16K_FE08Z_C_052_SLF.jpg,downloaded,data\luxury-image-library\images\Miu Miu\Eyewear\SKU0499_850b69911577.jpg,850b699115770b905c5e96cebe2c0fb0e9ee7d006ffff021bf44ea345f02b0b7,,,官方DAM主图直链,"[""https://www.miumiu.com/content/dam/miumiubkg_products/S/SMU/SMUB09/E16KFE08Z/SMUB09_E16K_FE08Z_C_052_SLF.jpg""]"
SKU0500,Miu Miu,Eyewear,Rêverie sunglasses,SMUB13_E16K_FE08Z_C_052,https://www.miumiu.com/content/dam/miumiubkg_products/S/SMU/SMUB13/E16KFE08Z/SMUB13_E16K_FE08Z_C_052_SLF.jpg,https://www.miumiu.com/content/dam/miumiubkg_products/S/SMU/SMUB13/E16KFE08Z/SMUB13_E16K_FE08Z_C_052_SLF.jpg,https://www.miumiu.com/us/en/p/reverie-sunglasses/SMUB13_E16K_FE08Z_C_052,https://www.miumiu.com/content/dam/miumiubkg_products/S/SMU/SMUB13/E16KFE08Z/SMUB13_E16K_FE08Z_C_052_SLF.jpg,downloaded,data\luxury-image-library\images\Miu Miu\Eyewear\SKU0500_cce462185df0.jpg,cce462185df02d5c8968e1922341af3f10e4257e67b29380179fcc6127ef126b,,,官方DAM主图直链,"[""https://www.miumiu.com/content/dam/miumiubkg_products/S/SMU/SMUB13/E16KFE08Z/SMUB13_E16K_FE08Z_C_052_SLF.jpg""]"
